material_id,source_database,formula,ordering_final,ordering_source,confidence,space_group_number,crystal_system_bucket,heavy_soc_elements,energy_above_hull,density,volume,nsites
mp-850225,MaterialsProject,FeP6(WO8)3,FM,ground_truth,1.0,146.0,trigonal,['W'],0.0,3.999839053864763,488.7134775793289,34.0
mp-1043970,MaterialsProject,CaLaTaFeO6,FM,ground_truth,1.0,7.0,monoclinic,['Ta'],0.0,6.577330133753594,516.8167803665634,40.0
mp-1105823,MaterialsProject,NaLaFeWO6,FM,ground_truth,1.0,4.0,monoclinic,['W'],0.0,6.439923365722599,256.6010191065818,20.0
mp-1189143,MaterialsProject,NaNdFeWO6,FM,ground_truth,1.0,4.0,monoclinic,['W'],0.0,6.615996098020629,252.4508640849,20.0
mp-1189616,MaterialsProject,Ta3FeS6,FM,ground_truth,1.0,182.0,hexagonal,['Ta'],0.0,7.757532138496357,338.6687840555226,20.0
mp-1197024,MaterialsProject,FeBi(SeO3)3,FM,ground_truth,1.0,19.0,orthorhombic,['Bi'],0.0,4.819103847022588,889.9663595870363,56.0
mp-1225033,MaterialsProject,FeMo3PtN,FiM,ground_truth,1.0,198.0,cubic,['Pt'],0.0,11.774749356454743,311.8104369381107,24.0
mp-1225377,MaterialsProject,Eu2FeP3Pt7,FM,ground_truth,1.0,119.0,tetragonal,['Pt'],0.0,13.418546714088336,225.011608079594,13.0
mp-1228547,MaterialsProject,Ba4Ta10FeO30,FM,ground_truth,1.0,44.0,orthorhombic,['Ta'],0.0,7.677994830544311,626.0253373984401,45.0
mp-1228376,MaterialsProject,Ba3Fe2WO9,FM,ground_truth,1.0,186.0,hexagonal,['W'],0.0,6.610572786566528,427.786929168225,30.0
mp-639789,MaterialsProject,Fe2Re3,FM,ground_truth,1.0,213.0,cubic,['Re'],0.0,16.74598483944207,265.8733098110027,20.0
mp-1190340,MaterialsProject,Ba3TaFe3(SiO7)2,FM,ground_truth,1.0,150.0,trigonal,['Ta'],0.0,5.005620508589743,345.2121316882518,23.0
mp-1219445,MaterialsProject,Sc4TaFe19P12,FiM,ground_truth,1.0,6.0,monoclinic,['Ta'],0.0,6.894135663260303,431.98978775413514,36.0
mp-774466,MaterialsProject,CoP6(WO8)3,FM,ground_truth,1.0,146.0,trigonal,['W'],0.0,3.979679156223205,492.4777212647945,34.0
mp-1208409,MaterialsProject,Ta3CoS6,FM,ground_truth,1.0,182.0,hexagonal,['Ta'],0.0,7.571772707178094,348.3319184972003,20.0
mp-1210062,MaterialsProject,NaNdCoWO6,FM,ground_truth,1.0,4.0,monoclinic,['W'],0.0,6.793128249874095,247.37793941379914,20.0
mp-1228585,MaterialsProject,Ba4Ta10CoO30,FM,ground_truth,1.0,44.0,orthorhombic,['Ta'],0.0,7.726021007637913,622.7976041002285,45.0
mp-645301,MaterialsProject,K2CoP2WO10,FM,ground_truth,1.0,92.0,tetragonal,['W'],0.0,3.800561121291398,948.8340562217385,64.0
mp-1217952,MaterialsProject,Ta12Co3Pt3Se32,FM,ground_truth,1.0,8.0,monoclinic,"['Pt', 'Ta']",0.0,7.710476649921107,1175.9047342265403,50.0
mp-1218094,MaterialsProject,Ta6V3Co3C2,FM,ground_truth,1.0,44.0,orthorhombic,['Ta'],0.0,12.49750944761351,382.4871346531448,28.0
mp-1228183,MaterialsProject,Ba4Re2NiO12,FM,ground_truth,1.0,160.0,trigonal,['Re'],0.0,6.901285784446068,282.09665294688773,19.0
mp-556502,MaterialsProject,K2NiP2WO10,FM,ground_truth,1.0,92.0,tetragonal,['W'],0.0,3.8452510599478757,937.3923867583018,64.0
mp-1227577,MaterialsProject,Ce4Ni4Bi3Sb5,FiM,ground_truth,1.0,115.0,tetragonal,['Bi'],0.0,8.69662654490338,387.7963056289578,16.0
mp-776341,MaterialsProject,MnP6(WO8)3,FM,ground_truth,1.0,146.0,trigonal,['W'],0.0,3.9137827019622917,499.07451902766053,34.0
mp-1105401,MaterialsProject,NaYMnWO6,FM,ground_truth,1.0,4.0,monoclinic,['W'],0.0,5.964297002859175,248.71769205939404,20.0
mp-1105566,MaterialsProject,KLaMnWO6,FM,ground_truth,1.0,4.0,monoclinic,['W'],0.0,6.2442326889161075,272.7279081735704,20.0
mp-1173263,MaterialsProject,Sr2MnBiPbO6,FiM,ground_truth,1.0,3.0,monoclinic,['Bi'],0.0,6.766599128918615,728.7023804063019,44.0
mp-1205996,MaterialsProject,Zr6MnBi2,FM,ground_truth,1.0,189.0,hexagonal,['Bi'],0.0,8.262832236574784,205.03297845132983,9.0
mp-1217948,MaterialsProject,TaMnNbO6,FM,ground_truth,1.0,18.0,orthorhombic,['Ta'],0.0,6.402688456418328,440.6762849635959,36.0
mp-1225492,MaterialsProject,Eu2MnP3Pt7,FM,ground_truth,1.0,119.0,tetragonal,['Pt'],0.0,13.199855438076359,228.62543867803976,13.0
mp-20156,MaterialsProject,NaNdMnWO6,FM,ground_truth,1.0,4.0,monoclinic,['W'],0.0,6.482319437056749,257.19217935704063,20.0
mp-22748,MaterialsProject,NaLaMnWO6,FM,ground_truth,1.0,4.0,monoclinic,['W'],0.0,6.317543545013713,261.09496807380094,20.0
mp-555494,MaterialsProject,NaTbMnWO6,FM,ground_truth,1.0,4.0,monoclinic,['W'],0.0,6.887798301431818,249.1313393459376,20.0
mp-1205023,MaterialsProject,Sr4Mn2Bi4O13,FM,ground_truth,1.0,33.0,orthorhombic,['Bi'],0.0,6.83602376550347,2923.2185354885414,184.0
mp-559323,MaterialsProject,Mn4Bi3NO15,FM,ground_truth,1.0,143.0,trigonal,['Bi'],0.0,6.253419080308131,292.27859474623426,23.0
mp-1218087,MaterialsProject,Ta3Mn8Al,FiM,ground_truth,1.0,156.0,trigonal,['Ta'],0.0,10.476365320967435,159.98211983939527,12.0
mp-775489,MaterialsProject,CrP6(WO8)3,FiM,ground_truth,1.0,146.0,trigonal,['W'],0.0,4.004694270284778,486.5250312381382,34.0
mp-1189011,MaterialsProject,Ta3CrS6,FM,ground_truth,1.0,182.0,hexagonal,['Ta'],0.0,7.431621029320114,351.80096894831183,20.0
mp-1228228,MaterialsProject,Al7Cr(Bi2O9)2,FM,ground_truth,1.0,3.0,monoclinic,['Bi'],0.0,6.052542914238803,374.43214758961045,30.0
mp-1239167,MaterialsProject,TaCr3(CuS4)2,FM,ground_truth,1.0,17.0,orthorhombic,['Ta'],0.0,4.815787139445033,496.9066818294148,28.0
JVASP-99955,JARVIS,MnHgS2,FM,predicted,0.9279426234350323,160.0,trigonal,['Hg'],0.0,5.514,,4.0
JVASP-176500,JARVIS,Ho9Er3Mn2Bi4,FiM,predicted,0.9087859892346989,6.0,monoclinic,['Bi'],0.0,9.891,,18.0
JVASP-155443,JARVIS,MnCu2HgSe4,FM,predicted,0.8975858381416925,121.0,tetragonal,['Hg'],0.0,6.259,,8.0
JVASP-89990,JARVIS,UAlPt,FiM,predicted,0.8969383215274099,189.0,hexagonal,['Pt'],0.0,12.963,,9.0
JVASP-121617,JARVIS,Hf3TaFe8,FiM,predicted,0.8925452360107964,156.0,trigonal,['Ta'],0.0,11.976,,12.0
JVASP-166354,JARVIS,Zr3TaFe8,FiM,predicted,0.876910428005241,160.0,trigonal,['Ta'],0.0,9.007,,12.0
mp-1221591,MaterialsProject,MnHg2Te3,FM,predicted,0.8724343854611845,156.0,trigonal,['Hg'],0.0,6.761604185697917,206.02451002545604,6.0
JVASP-13272,JARVIS,Li7OsO6,FM,predicted,0.8622997624337561,1.0,triclinic,['Os'],0.0,4.47,,14.0
JVASP-104739,JARVIS,Ho3Er3MnBi2,FiM,predicted,0.8612274096932448,189.0,hexagonal,['Bi'],0.0,9.954,,9.0
JVASP-155371,JARVIS,CrCu2HgSe4,FM,predicted,0.8452544619628063,121.0,tetragonal,['Hg'],0.0,6.254,,8.0
JVASP-92537,JARVIS,USi3Ir,FiM,predicted,0.8425957181886157,107.0,tetragonal,['Ir'],0.0,9.889,,5.0
mp-23039,MaterialsProject,Er6MnBi2,FiM,predicted,0.8345800784423798,189.0,hexagonal,['Bi'],0.0,9.77506284605537,250.8124675157405,9.0
mp-23047,MaterialsProject,Ho6MnBi2,FiM,predicted,0.830823967401537,189.0,hexagonal,['Bi'],0.0,9.530987623539865,254.8011332874386,9.0
JVASP-141454,JARVIS,FeHg2O3F5,FM,predicted,0.8279907188630404,38.0,orthorhombic,['Hg'],0.0,5.828,,11.0
mp-1207016,MaterialsProject,Dy6MnBi2,FiM,predicted,0.8246729095897241,189.0,hexagonal,['Bi'],0.0,9.290006276426196,258.80419543608303,9.0
oqmd-17491,OQMD,Ir3 Li1,FM,predicted,0.8119818235141584,44.0,orthorhombic,['Ir'],0.0,,55.5345,4.0
JVASP-18334,JARVIS,Ho6MnBi2,FiM,predicted,0.8079556117174231,189.0,hexagonal,['Bi'],0.0,9.821,,9.0
JVASP-105932,JARVIS,Dy6MnBi2,FiM,predicted,0.8051598205489393,189.0,hexagonal,['Bi'],0.0,9.594,,9.0
JVASP-26681,JARVIS,Na3OsO5,FM,predicted,0.7993793632469813,152.0,trigonal,['Os'],0.0,4.699,,27.0
JVASP-155442,JARVIS,MnCu2HgS4,FM,predicted,0.7885489863096933,121.0,tetragonal,['Hg'],0.0,5.355,,8.0
JVASP-110210,JARVIS,Mn2Sb2PtAu,FM,predicted,0.7867263933491863,160.0,trigonal,"['Au', 'Pt']",0.0,9.685,,6.0
JVASP-160005,JARVIS,FePd2Pt,FM,predicted,0.7790142789853653,216.0,cubic,['Pt'],0.0,12.913,,4.0
JVASP-103740,JARVIS,SrMn2BiO6,FM,predicted,0.7781701381237193,107.0,tetragonal,['Bi'],0.0,7.109,,10.0
JVASP-18333,JARVIS,Er6MnBi2,FiM,predicted,0.7763756045063577,189.0,hexagonal,['Bi'],0.0,10.043,,9.0
mp-1206034,MaterialsProject,Lu6MnBi2,FiM,predicted,0.7699314656176949,189.0,hexagonal,['Bi'],0.0,10.530533684287333,240.11169036691768,9.0
JVASP-111314,JARVIS,Lu6MnBi2,FiM,predicted,0.76946448683202,189.0,hexagonal,['Bi'],0.0,10.807,,9.0
JVASP-100799,JARVIS,SrTiMnBiO6,FM,predicted,0.7679984423546224,216.0,cubic,['Bi'],0.0,7.088,,10.0
JVASP-102796,JARVIS,CaFe2BiO6,FM,predicted,0.7637326625171919,107.0,tetragonal,['Bi'],0.0,6.803,,10.0
JVASP-155370,JARVIS,CrCu2HgS4,FM,predicted,0.7623153925177987,121.0,tetragonal,['Hg'],0.0,5.338,,8.0
JVASP-117503,JARVIS,BOsO4,FM,predicted,0.7619481150409444,82.0,tetragonal,['Os'],0.0,5.654,,6.0
JVASP-144597,JARVIS,U3Ni3Bi4,FiM,predicted,0.7592926382719175,220.0,cubic,['Bi'],0.0,12.84,,20.0
mp-1208030,MaterialsProject,U3Ni3Bi4,FiM,predicted,0.7540396361361001,220.0,cubic,['Bi'],0.0,12.989633637944573,441.3115135298354,20.0
JVASP-132944,JARVIS,Ba3Ti3Fe3Bi2O18,FM,predicted,0.7488150735445606,156.0,trigonal,['Bi'],0.0,6.416,,29.0
JVASP-69087,JARVIS,BaIrCl2,FM,predicted,0.7486243845571956,25.0,orthorhombic,['Ir'],0.0,5.842,,4.0
JVASP-132273,JARVIS,Mn28W,FiM,predicted,0.7479742656579156,217.0,cubic,['W'],0.0,9.045,,29.0
JVASP-87915,JARVIS,CeMgPt,FiM,predicted,0.7448699349222052,189.0,hexagonal,['Pt'],0.0,9.021,,9.0
JVASP-122168,JARVIS,Sr2FeBiPbO6,FM,predicted,0.7395377554535885,107.0,tetragonal,['Bi'],0.0,7.483,,11.0
oqmd-17600,OQMD,Li1 Pt1,FM,predicted,0.7379456765076585,187.0,hexagonal,['Pt'],0.0,,27.7303,2.0
JVASP-44769,JARVIS,Li4Ti3Cr3W2O16,FM,predicted,0.7370534738676077,8.0,monoclinic,['W'],0.0,5.45,,28.0
JVASP-141943,JARVIS,Ba3TaFe3Si2O14,FM,predicted,0.7354446706667489,150.0,trigonal,['Ta'],0.0,5.067,,23.0
JVASP-90259,JARVIS,Tb6FeBi2,FiM,predicted,0.7353711075422259,189.0,hexagonal,['Bi'],0.0,9.491,,9.0
JVASP-43389,JARVIS,Li4MnW3O12,FM,predicted,0.7346110613156797,3.0,monoclinic,['W'],0.0,6.213,,20.0
JVASP-160499,JARVIS,PuBiRh,FiM,predicted,0.7270078846192304,216.0,cubic,['Bi'],0.0,12.278,,3.0
JVASP-44414,JARVIS,Li2Mn3WO8,FM,predicted,0.726229610193929,9.0,monoclinic,['W'],0.0,5.721,,28.0
JVASP-172010,JARVIS,Dy6FeBi2,FiM,predicted,0.7250972165630715,189.0,hexagonal,['Bi'],0.0,9.792,,9.0
JVASP-44630,JARVIS,Li4MnV2WO12,FM,predicted,0.7247831602060295,1.0,triclinic,['W'],0.0,4.821,,20.0
JVASP-178319,JARVIS,Ca3Mn4BiO12,FM,predicted,0.7137477930957807,6.0,monoclinic,['Bi'],0.0,5.673,,20.0
mp-30328,MaterialsProject,Ho6FeBi2,FiM,predicted,0.713488382973251,189.0,hexagonal,['Bi'],0.0,9.783422579674907,248.38061141160557,9.0
JVASP-50977,JARVIS,Li2CuBiO4,FM,predicted,0.7094488544066321,119.0,tetragonal,['Bi'],0.0,6.651,,8.0
JVASP-175926,JARVIS,P6Pb9AuO25,FM,predicted,0.7051348586934977,143.0,trigonal,['Au'],0.0,7.215,,41.0
mp-5676,MaterialsProject,MnSbPt,FM,predicted,0.6985421306392496,216.0,cubic,['Pt'],0.0,10.330880733955457,59.758565290212296,3.0
JVASP-30364,JARVIS,WBr2O2,FM,predicted,0.695690575141517,26.0,orthorhombic,['W'],0.0,4.955,,10.0
JVASP-155368,JARVIS,CoCu2HgSe4,FM,predicted,0.695513137067459,121.0,tetragonal,['Hg'],0.0,6.532,,8.0
oqmd-14012,OQMD,P1 Pt1 Y1,FM,predicted,0.6938675363984674,187.0,hexagonal,['Pt'],0.0,,57.8425,3.0
JVASP-156355,JARVIS,FeGeIr,FM,predicted,0.6908229442810234,216.0,cubic,['Ir'],0.0,10.833,,3.0
oqmd-14010,OQMD,P1 Pt1 Tb1,FM,predicted,0.6880647058662286,187.0,hexagonal,['Pt'],0.0,,57.8725,3.0
JVASP-170516,JARVIS,MnFe3Bi4O12,FM,predicted,0.6830190394594831,1.0,triclinic,['Bi'],0.0,8.711,,20.0
JVASP-141501,JARVIS,MgScWS4,FM,predicted,0.6784478500926094,44.0,orthorhombic,['W'],0.0,4.5,,14.0
JVASP-171714,JARVIS,Fe9B4Ir3,FM,predicted,0.6719308088054723,6.0,monoclinic,['Ir'],0.0,11.559,,16.0
mp-1205874,MaterialsProject,Lu6FeBi2,FiM,predicted,0.668810623072013,189.0,hexagonal,['Bi'],0.0,10.777831758217044,234.74204592981923,9.0
mp-1206002,MaterialsProject,Er6FeBi2,FiM,predicted,0.6647148630566592,189.0,hexagonal,['Bi'],0.0,10.036484253382529,244.42958358899895,9.0
JVASP-170386,JARVIS,SrCr2BiO6,FM,predicted,0.6634811313623759,146.0,trigonal,['Bi'],0.0,7.087,,10.0
JVASP-168586,JARVIS,CoBi6S2O16,FM,predicted,0.6627966309512561,5.0,monoclinic,['Bi'],0.0,7.542,,25.0
JVASP-140456,JARVIS,Cr2HgSe3S,FM,predicted,0.6609778422369104,44.0,orthorhombic,['Hg'],0.0,6.155,,14.0
mp-1206935,MaterialsProject,Tm6FeBi2,FiM,predicted,0.6571930923437022,189.0,hexagonal,['Bi'],0.0,10.229453868276048,241.4502483200463,9.0
JVASP-177494,JARVIS,ScMn3Bi4O12,FM,predicted,0.654192705949636,5.0,monoclinic,['Bi'],0.0,8.17,,20.0
JVASP-133692,JARVIS,Li7Fe3W2O16,FM,predicted,0.6537987003553455,8.0,monoclinic,['W'],0.0,5.094,,28.0
JVASP-102611,JARVIS,Er6FeBi2,FiM,predicted,0.6531196942172227,189.0,hexagonal,['Bi'],0.0,10.219,,9.0
JVASP-167831,JARVIS,CaFeReO6,FiM,predicted,0.6512809510502311,7.0,monoclinic,['Re'],0.0,6.117,,18.0
JVASP-102906,JARVIS,NaCo2BiO6,FM,predicted,0.640991732891269,146.0,trigonal,['Bi'],0.0,7.115,,10.0
JVASP-173801,JARVIS,Ti3FeBi5O15,FM,predicted,0.6390245155811969,8.0,monoclinic,['Bi'],0.0,7.889,,24.0
JVASP-133441,JARVIS,Na2Nb2W2O13,FM,predicted,0.6373235760490918,44.0,orthorhombic,['W'],0.0,4.623,,19.0
oqmd-17882,OQMD,Al1 Li2 Pt1,FM,predicted,0.6362077257650371,216.0,cubic,['Pt'],0.0,,54.4227,4.0
JVASP-170091,JARVIS,Ti4FeBiPb4O15,FM,predicted,0.6320636918553773,35.0,orthorhombic,['Bi'],0.0,7.501,,25.0
mp-1072255,MaterialsProject,ScNi4Au,FiM,predicted,0.6237411268315207,216.0,cubic,['Au'],0.0,10.211183281331074,77.52015067134978,6.0
JVASP-170356,JARVIS,SrTiFeBiO6,FM,predicted,0.6222442537269152,146.0,trigonal,['Bi'],0.0,7.043,,10.0
JVASP-155367,JARVIS,CoCu2HgS4,FM,predicted,0.6179352977882643,121.0,tetragonal,['Hg'],0.0,5.583,,8.0
oqmd-18385,OQMD,In1 Li2 Pt1,FM,predicted,0.6150177118791712,216.0,cubic,['Pt'],0.0,,64.1004,4.0
JVASP-180113,JARVIS,Mn2AlIr,FM,predicted,0.6146480215930312,216.0,cubic,['Ir'],0.0,10.582,,4.0
JVASP-16158,JARVIS,USiAu,FiM,predicted,0.6132711804985279,187.0,hexagonal,['Au'],0.0,12.36,,3.0
JVASP-44406,JARVIS,Li4V3Cr3W2O16,FM,predicted,0.6104308143508548,8.0,monoclinic,['W'],0.0,5.592,,28.0
JVASP-9897,JARVIS,Mg2CrWO6,FM,predicted,0.6097322905241401,146.0,trigonal,['W'],0.0,5.96,,10.0
mp-1205904,MaterialsProject,Y6MnBi2,FiM,predicted,0.6054341269468643,189.0,hexagonal,['Bi'],0.0,6.328787900936884,264.0405806308527,9.0
JVASP-173660,JARVIS,U3Sb4Pt3,FiM,predicted,0.6019482557467272,220.0,cubic,['Pt'],0.0,12.76,,20.0
JVASP-120460,JARVIS,U3Bi4Rh3,FiM,predicted,0.6011773831619011,220.0,cubic,['Bi'],0.0,13.084,,20.0
JVASP-161026,JARVIS,TaFeSn,FiM,predicted,0.6006578300620694,216.0,cubic,['Ta'],0.0,10.883,,3.0
JVASP-133400,JARVIS,Ta3AlFe8,FiM,predicted,0.5965432940304141,156.0,trigonal,['Ta'],0.0,11.153,,12.0
JVASP-106809,JARVIS,FeCoBi2O6,FM,predicted,0.5928457280578933,99.0,tetragonal,['Bi'],0.0,8.07,,10.0
JVASP-156487,JARVIS,PuNiBi,FiM,predicted,0.5901888205854623,216.0,cubic,['Bi'],0.0,12.219,,3.0
JVASP-43669,JARVIS,Li4V3Ni3W2O16,FM,predicted,0.5892870271619494,8.0,monoclinic,['W'],0.0,5.665,,28.0
mp-545522,MaterialsProject,CoBiO3,FM,predicted,0.5879500568378782,99.0,tetragonal,['Bi'],0.0,9.405374559914582,55.77490557004568,5.0
JVASP-111819,JARVIS,FeSnPt,FM,predicted,0.5814387983835112,156.0,trigonal,['Pt'],0.0,11.004,,12.0
JVASP-182530,JARVIS,BaPtRh,FM,predicted,0.5812811830576831,187.0,hexagonal,['Pt'],0.0,9.227,,3.0
JVASP-104687,JARVIS,TaMn2FeO6,FM,predicted,0.5799129684645661,146.0,trigonal,['Ta'],0.0,6.632,,10.0
JVASP-116481,JARVIS,RbHg3NCl8O2,FM,predicted,0.5772876090415399,8.0,monoclinic,['Hg'],0.0,4.533,,15.0
JVASP-133503,JARVIS,Ba2Fe4Bi2O11,FM,predicted,0.575235550509522,99.0,tetragonal,['Bi'],0.0,7.526,,19.0
JVASP-110388,JARVIS,NaCr2BiO6,FM,predicted,0.574554487937898,146.0,trigonal,['Bi'],0.0,6.568,,10.0
oqmd-18005,OQMD,Pt1 Sn1 Ti1,FM,predicted,0.5731108194632841,216.0,cubic,['Pt'],0.0,,59.8742,3.0
JVASP-145425,JARVIS,Ca7NiIr2O12,FiM,predicted,0.572861144608835,155.0,trigonal,['Ir'],0.0,5.523,,22.0
JVASP-146158,JARVIS,Fe3CoBi4O12,FM,predicted,0.5712308404518448,1.0,triclinic,['Bi'],0.0,8.68,,20.0
JVASP-57577,JARVIS,TiFeBi2O6,FM,predicted,0.5688091849475615,146.0,trigonal,['Bi'],0.0,8.042,,10.0
JVASP-122226,JARVIS,Ba6Y2Ru3PtO18,FM,predicted,0.5649828634776775,156.0,trigonal,['Pt'],0.0,6.678,,30.0
JVASP-75753,JARVIS,Ti2ReAs,FiM,predicted,0.55832179211626,216.0,cubic,['Re'],0.0,9.707,,4.0
JVASP-164345,JARVIS,Ca7CuPt2O12,FM,predicted,0.5531299334376393,5.0,monoclinic,['Pt'],0.0,5.49,,22.0
JVASP-166204,JARVIS,Sr2MnBiPbO6,FM,predicted,0.5525558377146205,3.0,monoclinic,['Bi'],0.0,7.073,,22.0
JVASP-9338,JARVIS,AlCrW2O8,FM,predicted,0.5489649103740227,1.0,triclinic,['W'],0.0,6.235,,12.0
JVASP-170765,JARVIS,Ba4Re2NiO12,FM,predicted,0.5484729012827324,160.0,trigonal,['Re'],0.0,7.123,,19.0
JVASP-178474,JARVIS,Ce4CdIr,FiM,predicted,0.5483105407867431,216.0,cubic,['Ir'],0.0,8.739,,24.0
JVASP-122464,JARVIS,Sr7CaIr2O12,FM,predicted,0.547621537814198,155.0,trigonal,['Ir'],0.0,6.305,,22.0
JVASP-9331,JARVIS,YReW2O8,FiM,predicted,0.545982887568837,1.0,triclinic,"['Re', 'W']",0.0,8.243,,12.0
JVASP-95497,JARVIS,TbNaMnWO6,FM,predicted,0.5454683121920021,4.0,monoclinic,['W'],0.0,7.717,,20.0
JVASP-119645,JARVIS,TaNbCu3O8,FM,predicted,0.5412185816861025,1.0,triclinic,['Ta'],0.0,6.424,,13.0
JVASP-75764,JARVIS,Ti2AsW,FiM,predicted,0.541162441390686,216.0,cubic,['W'],0.0,9.449,,4.0
JVASP-119664,JARVIS,Ba6Ca2TaRu3O18,FM,predicted,0.5352732398279313,156.0,trigonal,['Ta'],0.0,6.109,,30.0
JVASP-146578,JARVIS,Li4Mn2TeWO12,FM,predicted,0.5315769330714892,1.0,triclinic,['W'],0.0,5.537,,20.0
JVASP-105533,JARVIS,CePt4Rh,FM,predicted,0.5271493615696146,187.0,hexagonal,['Pt'],0.0,15.38,,6.0
JVASP-154922,JARVIS,Ta3VS6,FM,predicted,0.5258015906999636,182.0,hexagonal,['Ta'],0.0,7.386,,20.0
JVASP-137710,JARVIS,Mg2GaW3S8,FM,predicted,0.5251416637802875,160.0,trigonal,['W'],0.0,5.718,,14.0
JVASP-170051,JARVIS,V3P4WO20,FiM,predicted,0.5249588660157142,3.0,monoclinic,['W'],0.0,4.125,,28.0
JVASP-78689,JARVIS,CeBiPd,FiM,predicted,0.5193688496527107,216.0,cubic,['Bi'],0.0,9.431,,3.0
JVASP-154241,JARVIS,Fe2Si2BiHO9,FM,predicted,0.5169270668559977,8.0,monoclinic,['Bi'],0.0,5.134,,15.0
JVASP-40828,JARVIS,VSnPt,FM,predicted,0.5152708339737182,216.0,cubic,['Pt'],0.0,10.326,,3.0
JVASP-45911,JARVIS,Li4Fe2TeWO12,FM,predicted,0.5147639079127815,1.0,triclinic,['W'],0.0,5.621,,20.0
JVASP-121781,JARVIS,Li7Mn3W2O16,FM,predicted,0.5132079610663244,8.0,monoclinic,['W'],0.0,5.01,,28.0
JVASP-141111,JARVIS,Ta3Cr5N4,FiM,predicted,0.5123775472729738,99.0,tetragonal,['Ta'],0.0,10.991,,12.0
JVASP-122421,JARVIS,Ta3CrS6,FM,predicted,0.5073983327940781,182.0,hexagonal,['Ta'],0.0,7.464,,20.0
oqmd-10948,OQMD,Bi1 Ni1 Sc1,FM,predicted,0.5061764850076285,216.0,cubic,['Bi'],0.0,,61.1492,3.0
JVASP-154757,JARVIS,Ta3MnS6,FM,predicted,0.5050570426698658,182.0,hexagonal,['Ta'],0.0,7.277,,20.0
JVASP-144216,JARVIS,Mg2V3WS8,FM,predicted,0.5046180208768389,8.0,monoclinic,['W'],0.0,4.177,,14.0
JVASP-170357,JARVIS,SrTiFe3Bi3O12,FM,predicted,0.49767625029179396,146.0,trigonal,['Bi'],0.0,7.968,,20.0
JVASP-112294,JARVIS,Ta3VSe6,FM,predicted,0.4970732958718186,182.0,hexagonal,['Ta'],0.0,8.75,,20.0
JVASP-141620,JARVIS,LiVTe2WO12,FM,predicted,0.49373704882415353,1.0,triclinic,['W'],0.0,5.903,,17.0
JVASP-9895,JARVIS,Mg2FeWO6,FM,predicted,0.4925781911308281,146.0,trigonal,['W'],0.0,5.933,,10.0
JVASP-119817,JARVIS,Ce4Re6O19,FiM,predicted,0.4907038281995043,197.0,cubic,['Re'],0.0,9.178,,29.0
JVASP-107771,JARVIS,Ce2Al6CuAu,FM,predicted,0.490566091613721,99.0,tetragonal,['Au'],0.0,5.922,,10.0
JVASP-133069,JARVIS,KW3O9,FM,predicted,0.4889478840189582,183.0,hexagonal,['W'],0.0,6.521,,13.0
JVASP-177484,JARVIS,TiFe3Bi3PbO12,FM,predicted,0.4879538934251483,1.0,triclinic,['Bi'],0.0,7.551,,20.0
JVASP-170733,JARVIS,BaTiFe3Bi3O12,FM,predicted,0.48792289047058396,146.0,trigonal,['Bi'],0.0,8.098,,20.0
JVASP-170760,JARVIS,Yb2Ba3SrRe2O12,FM,predicted,0.48656286453479697,160.0,trigonal,['Re'],0.0,8.035,,20.0
JVASP-93774,JARVIS,UIrPt4,FM,predicted,0.4860370232559937,216.0,cubic,"['Ir', 'Pt']",0.0,19.369,,6.0
oqmd-18757,OQMD,Bi1 Li1 Mg1,FiM,predicted,0.4855605698234133,216.0,cubic,['Bi'],0.0,,78.2761,3.0
JVASP-150441,JARVIS,USnIr,FiM,predicted,0.4848660370316364,189.0,hexagonal,['Ir'],0.0,14.226,,9.0
JVASP-116651,JARVIS,Sr3Y2FeCu3BiO12,FM,predicted,0.48271435205375385,38.0,orthorhombic,['Bi'],0.0,6.271,,22.0
JVASP-15904,JARVIS,MnSbIr,FiM,predicted,0.4822128052484855,216.0,cubic,['Ir'],0.0,10.713,,3.0
JVASP-103665,JARVIS,YbMn2BiSb,FiM,predicted,0.48188386114586657,156.0,trigonal,['Bi'],0.0,8.01,,5.0
JVASP-108948,JARVIS,Ce3Mg2InAu3,FiM,predicted,0.4787258102261824,38.0,orthorhombic,['Au'],0.0,9.025,,9.0
JVASP-145357,JARVIS,SrCa3IrO6,FM,predicted,0.4771416145442559,5.0,monoclinic,['Ir'],0.0,5.577,,22.0
JVASP-94338,JARVIS,PuPt5,FM,predicted,0.4757571655396203,216.0,cubic,['Pt'],0.0,19.32,,6.0
JVASP-31907,JARVIS,OsSe2Cl12,FM,predicted,0.4705416683367878,43.0,orthorhombic,['Os'],0.0,3.382,,30.0
JVASP-17668,JARVIS,NpSnIr,FiM,predicted,0.47022401382879647,189.0,hexagonal,['Ir'],0.0,14.243,,9.0
JVASP-180826,JARVIS,TaMnAs2,FM,predicted,0.46588507153376846,99.0,tetragonal,['Ta'],0.0,10.163,,4.0
JVASP-170555,JARVIS,LaCePt2,FM,predicted,0.4646220826845387,38.0,orthorhombic,['Pt'],0.0,11.26,,4.0
JVASP-142461,JARVIS,Ce4CoSi6Au,FM,predicted,0.4606561576319974,187.0,hexagonal,['Au'],0.0,6.701,,12.0
JVASP-90153,JARVIS,CeCdPt,FM,predicted,0.45975755876956065,189.0,hexagonal,['Pt'],0.0,10.959,,9.0
JVASP-184021,JARVIS,Ti2GaIr,FiM,predicted,0.4590674281088251,216.0,cubic,['Ir'],0.0,9.817,,4.0
JVASP-150169,JARVIS,UGaIr,FiM,predicted,0.45530318269250347,189.0,hexagonal,['Ir'],0.0,14.603,,9.0
JVASP-158638,JARVIS,CeCdAu,FM,predicted,0.4518757125743745,189.0,hexagonal,['Au'],0.0,10.389,,9.0
JVASP-142288,JARVIS,YbSr2TaO6,FM,predicted,0.45148282913218574,34.0,orthorhombic,['Ta'],0.0,7.166,,20.0
JVASP-112707,JARVIS,Ba3BiIrRuO9,FM,predicted,0.44756501566746654,9.0,monoclinic,"['Bi', 'Ir']",0.0,7.621,,30.0
JVASP-116700,JARVIS,Fe22B6W,FiM,predicted,0.44701822443213646,216.0,cubic,['W'],0.0,8.824,,29.0
JVASP-17480,JARVIS,CeInAu,FM,predicted,0.44393884214526963,189.0,hexagonal,['Au'],0.0,10.271,,9.0
mp-1079643,MaterialsProject,TaMnGe,FiM,predicted,0.4405883048534602,189.0,hexagonal,['Ta'],0.0,11.22164526199292,136.96370013737072,9.0
JVASP-66694,JARVIS,Be2FePt,FM,predicted,0.4367126765994664,99.0,tetragonal,['Pt'],0.0,10.489,,4.0
JVASP-178277,JARVIS,MnHg4S5,FM,predicted,0.43143389207303817,119.0,tetragonal,['Hg'],0.0,6.574,,10.0
JVASP-140462,JARVIS,CaMnFeBiO6,FM,predicted,0.428763718431288,7.0,monoclinic,['Bi'],0.0,6.951,,20.0
JVASP-149339,JARVIS,CeInPt4,FiM,predicted,0.42807421649496635,216.0,cubic,['Pt'],0.0,15.111,,6.0
JVASP-48198,JARVIS,Li4MnSb2WO12,FM,predicted,0.42778912356775317,1.0,triclinic,['W'],0.0,5.76,,20.0
JVASP-57313,JARVIS,Mn4Bi3NO15,FM,predicted,0.42036604292816376,149.0,trigonal,['Bi'],0.0,6.384,,23.0
JVASP-121598,JARVIS,Nb3FeBi6O18,FM,predicted,0.41201016232011206,1.0,triclinic,['Bi'],0.0,8.001,,28.0
JVASP-173063,JARVIS,CeGe3Ir,FiM,predicted,0.4091866831388968,107.0,tetragonal,['Ir'],0.0,9.185,,5.0
JVASP-101091,JARVIS,UPt2Au3,FM,predicted,0.40030203305137085,44.0,orthorhombic,"['Au', 'Pt']",0.0,17.817,,6.0
JVASP-9319,JARVIS,YMnW2O8,FiM,predicted,0.39811156286766697,1.0,triclinic,['W'],0.0,6.879,,12.0
JVASP-9343,JARVIS,VW2O8,FiM,predicted,0.3979665480386097,1.0,triclinic,['W'],0.0,6.282,,11.0
JVASP-150382,JARVIS,CeHgPd,FM,predicted,0.397705781434627,189.0,hexagonal,['Hg'],0.0,10.768,,9.0
JVASP-110968,JARVIS,UReSi2Ru,FM,predicted,0.396764968949817,119.0,tetragonal,['Re'],0.0,11.438,,5.0
JVASP-112696,JARVIS,Ce2NiSn2Pt,FiM,predicted,0.39615294671410456,26.0,orthorhombic,['Pt'],0.0,9.548,,12.0
JVASP-106835,JARVIS,Ce2Si2NiPt,FM,predicted,0.3957068104979985,44.0,orthorhombic,['Pt'],0.0,8.172,,6.0
JVASP-121636,JARVIS,BaSrNiWO6,FM,predicted,0.3914530865815882,216.0,cubic,['W'],0.0,7.224,,10.0
JVASP-172784,JARVIS,CrGaBi2O6,FM,predicted,0.38382602035594643,146.0,trigonal,['Bi'],0.0,8.671,,10.0
JVASP-44594,JARVIS,Cr3WO8,FiM,predicted,0.3822270422465515,186.0,hexagonal,['W'],0.0,5.708,,24.0
JVASP-117135,JARVIS,Re2Cl5O4,FiM,predicted,0.37573043208610596,1.0,triclinic,['Re'],0.0,4.259,,11.0
JVASP-110271,JARVIS,Ce2Si4OsRu3,FiM,predicted,0.3750771652378334,115.0,tetragonal,['Os'],0.0,8.517,,10.0
JVASP-85361,JARVIS,FeBiO3,FM,predicted,0.37186713810712163,146.0,trigonal,['Bi'],0.0,8.769,,10.0
JVASP-104951,JARVIS,La2SbAu3,FM,predicted,0.3713822091959676,25.0,orthorhombic,['Au'],0.0,10.659,,6.0
JVASP-142820,JARVIS,MgMoWS4,FM,predicted,0.36847924210824706,44.0,orthorhombic,['W'],0.0,5.764,,14.0
JVASP-62275,JARVIS,UCu4Au,FiM,predicted,0.36671380714670565,216.0,cubic,['Au'],0.0,12.441,,6.0
JVASP-28896,JARVIS,TeW2Se3,FM,predicted,0.360413493883777,156.0,trigonal,['W'],0.0,6.73,,12.0
JVASP-35795,JARVIS,CeBiPt,FiM,predicted,0.3513858512898648,216.0,cubic,"['Bi', 'Pt']",0.0,11.174,,3.0
JVASP-111823,JARVIS,Ce2Al2PdPt,FM,predicted,0.34896444105133034,26.0,orthorhombic,['Pt'],0.0,8.477,,12.0
JVASP-69281,JARVIS,BaReCl2,FM,predicted,0.7656991043895526,99.0,tetragonal,['Re'],1e-05,5.869,,4.0
JVASP-173965,JARVIS,BaSr2Y2Cu2PtO10,FM,predicted,0.5586291810930232,8.0,monoclinic,['Pt'],1e-05,6.419,,18.0
oqmd-10728,OQMD,Au1 Ga1 Li2,FM,predicted,0.6707300763920462,216.0,cubic,['Au'],0.00011740000000004525,,59.7726,4.0
oqmd-14009,OQMD,P1 Pt1 Sm1,FM,predicted,0.7327474898937778,187.0,hexagonal,['Pt'],0.0002326150000020455,,60.1502,3.0
oqmd-17490,OQMD,Ir1 Li1,FM,predicted,0.6656544049781132,187.0,hexagonal,['Ir'],0.00024300000000004873,,26.9204,2.0
oqmd-10772,OQMD,Au1 Li2 Sb1,FM,predicted,0.6914995728660402,216.0,cubic,['Au'],0.00030487499999998224,,70.7896,4.0
mp-850286,MaterialsProject,NiP6(WO8)3,FM,ground_truth,1.0,146.0,trigonal,['W'],0.00030655830880910173,4.01159895837144,488.4598768694613,34.0
mp-1220715,MaterialsProject,Nb3Fe(BiO3)6,FM,ground_truth,1.0,1.0,triclinic,['Bi'],0.00033819580359306656,7.882002571326129,395.31766557944275,28.0
oqmd-10747,OQMD,Au1 In1 Li2,FM,predicted,0.6274937379317304,216.0,cubic,['Au'],0.0003954337500003402,,68.7036,4.0
oqmd-13496,OQMD,Au1 Si1 Th1,FM,predicted,0.7057720676569565,187.0,hexagonal,['Au'],0.0004084900000004277,,67.3123,3.0
oqmd-18509,OQMD,Ga1 Ir1 Li2,FM,predicted,0.5852279498771313,216.0,cubic,['Ir'],0.00041947000000031043,,53.347,4.0
oqmd-10773,OQMD,Au1 Li2 Sn1,FM,predicted,0.6418259563904125,216.0,cubic,['Au'],0.00047156874999965126,,68.6426,4.0
JVASP-168432,JARVIS,Mn7BiO12,FM,predicted,0.5510992455764101,8.0,monoclinic,['Bi'],0.0006,6.283,,20.0
oqmd-3449,OQMD,Au1 Mg1 Sn1,FM,predicted,0.7042503610686496,216.0,cubic,['Au'],0.0007694799999999891,,68.2922,3.0
mp-1226865,MaterialsProject,Ce2Si2NiPt,FM,ground_truth,1.0,44.0,orthorhombic,['Pt'],0.0009185849999981954,8.227630614944037,119.11298134007184,6.0
mp-1205871,MaterialsProject,Dy6FeBi2,FiM,predicted,0.772428876516861,189.0,hexagonal,['Bi'],0.0009668898765449185,9.532155377703397,252.38768556010777,9.0
oqmd-13702,OQMD,Bi1 Mg1 Ni1,FM,predicted,0.519894289572239,216.0,cubic,['Bi'],0.0011022066666670216,,60.6316,3.0
oqmd-10697,OQMD,Au1 Bi1 Ca1,FM,predicted,0.6087277654844803,216.0,cubic,"['Au', 'Bi']",0.0014107933333339373,,83.3231,3.0
JVASP-65143,JARVIS,TaBeFe4,FiM,predicted,0.7131051729540419,216.0,cubic,['Ta'],0.00152,9.557,,6.0
mp-23501,MaterialsProject,FeBiO3,FM,ground_truth,1.0,161.0,trigonal,['Bi'],0.0016325030000015062,8.287008794993108,125.36629858388716,10.0
JVASP-147360,JARVIS,TaCr3Ag2S8,FM,predicted,0.8566059065618739,17.0,orthorhombic,['Ta'],0.00187,4.98,,28.0
mp-1105240,MaterialsProject,KNdMnWO6,FM,ground_truth,1.0,4.0,monoclinic,['W'],0.002017938999999913,6.381277319536752,269.6481388207338,20.0
oqmd-18511,OQMD,In1 Ir1 Li2,FM,predicted,0.5434884045296118,216.0,cubic,['Ir'],0.0023460634999989405,,62.0652,4.0
oqmd-10355,OQMD,Ag1 Bi1 Li2,FM,predicted,0.8236664025061098,216.0,cubic,['Bi'],0.0025356274283516167,,78.3036,4.0
oqmd-14011,OQMD,P1 Pt1 Tm1,FM,predicted,0.7449716255805268,187.0,hexagonal,['Pt'],0.002545007500005525,,55.7795,3.0
oqmd-10922,OQMD,Bi1 Cu1 Mg1,FM,predicted,0.50818735529457,216.0,cubic,['Bi'],0.0025666660529613528,,65.7912,3.0
mp-1239219,MaterialsProject,TaCr3(CuS4)2,FM,ground_truth,1.0,5.0,monoclinic,['Ta'],0.0028414075000000594,4.84046480051936,247.18667591608585,14.0
JVASP-75509,JARVIS,MnAsPt2,FM,predicted,0.7387801913130841,216.0,cubic,['Pt'],0.00328,13.622,,4.0
oqmd-10771,OQMD,Au1 Li2 Pb1,FM,predicted,0.6640298405750886,216.0,cubic,['Au'],0.003363814999999104,,74.3232,4.0
mp-1187280,MaterialsProject,Ta3CrSe6,FM,ground_truth,1.0,182.0,hexagonal,['Ta'],0.0038262742500032587,8.756922995525539,405.2682930327086,20.0
mp-1177997,MaterialsProject,Li2Fe3BiO8,FM,ground_truth,1.0,212.0,cubic,['Bi'],0.00384116383928923,5.249745681952784,655.8878981877201,56.0
mp-1224884,MaterialsProject,Fe3Mo6PtN2,FiM,ground_truth,1.0,4.0,monoclinic,['Pt'],0.003985763819445154,10.62548655042776,302.01592441044465,24.0
JVASP-141265,JARVIS,U3Sn4Pt3,FiM,predicted,0.5850261535546674,220.0,cubic,['Pt'],0.00409,12.794,,20.0
mp-1221670,MaterialsProject,MnCdHgTe3,FM,ground_truth,1.0,8.0,monoclinic,['Hg'],0.0041116966918117726,5.977967933637949,208.53767176826256,6.0
JVASP-143599,JARVIS,Ta3CrSe6,FM,predicted,0.5235634063978736,182.0,hexagonal,['Ta'],0.00427,8.789,,20.0
mp-1227353,MaterialsProject,Ce2NiSn2Pt,FiM,ground_truth,1.0,26.0,orthorhombic,['Pt'],0.004856434166666368,9.579246528814162,267.45081750643504,12.0
JVASP-18579,JARVIS,Ho6FeBi2,FiM,predicted,0.7006069282540334,189.0,hexagonal,['Bi'],0.00506,10.011,,9.0
mp-1239190,MaterialsProject,TaCr3(AgS4)2,FM,ground_truth,1.0,17.0,orthorhombic,['Ta'],0.0053109822023813535,4.916841901821842,546.5686797341567,28.0
mp-1047202,MaterialsProject,Mg2FeWO6,FM,ground_truth,1.0,146.0,trigonal,['W'],0.00531255549999976,5.721315700392224,111.5356881121271,10.0
JVASP-143178,JARVIS,TiFe2Bi2PbO9,FM,predicted,0.8303025754430028,143.0,trigonal,['Bi'],0.00611,8.485,,30.0
mp-756412,MaterialsProject,Li4V3Cr3(WO8)2,FM,ground_truth,1.0,8.0,monoclinic,['W'],0.006191012678570473,5.288286661500797,301.5207180483131,28.0
mp-2766576,MaterialsProject,Y6FeBi2,FiM,ground_truth,1.0,38.0,orthorhombic,['Bi'],0.006310904444447374,6.510325995270662,256.9092342655579,9.0
JVASP-48191,JARVIS,Li2P2WO8,FM,predicted,0.5982783164089414,26.0,orthorhombic,['W'],0.00723,4.485,,26.0
mp-1228660,MaterialsProject,Ba4Ta10NiO30,FM,ground_truth,1.0,44.0,orthorhombic,['Ta'],0.007307892296296359,7.692433862469392,625.4651349416184,45.0
mp-1195092,MaterialsProject,MnPb2WO6,FM,ground_truth,1.0,33.0,orthorhombic,['W'],0.007742309406244097,8.696429073682614,572.2042575491992,40.0
mp-1216765,MaterialsProject,V2Co9W,FiM,ground_truth,1.0,160.0,trigonal,['W'],0.007859493055555333,10.22986737647038,132.47503699707224,12.0
mp-1173143,MaterialsProject,Ta2FeO6,FM,ground_truth,1.0,3.0,monoclinic,['Ta'],0.008014888703774758,7.885522233814767,649.0988929137632,54.0
mp-1205841,MaterialsProject,Y6FeBi2,FM,ground_truth,1.0,189.0,hexagonal,['Bi'],0.008161954444442898,6.535858033515612,255.9056297868327,9.0
JVASP-103069,JARVIS,MnHg2S3,FM,predicted,0.8723124713523545,156.0,trigonal,['Hg'],0.00847,6.14,,6.0
JVASP-160926,JARVIS,LaSnAu,FiM,predicted,0.4188617604977242,216.0,cubic,['Au'],0.00855,8.864,,3.0
mp-1217563,MaterialsProject,TbFe11W,FiM,ground_truth,1.0,44.0,orthorhombic,['W'],0.00898684083333201,9.33568469039302,170.23240985470176,13.0
mp-1173139,MaterialsProject,Ta2FeO6,FM,ground_truth,1.0,18.0,orthorhombic,['Ta'],0.00928762629636637,7.878855470506248,649.6481336885275,54.0
JVASP-184416,JARVIS,ScNi4Os,FiM,predicted,0.7248503010637191,216.0,cubic,['Os'],0.00944,10.288,,6.0
mp-565428,MaterialsProject,Mn4Bi3NO15,FM,ground_truth,1.0,149.0,trigonal,['Bi'],0.010062201304347873,6.1559764613724175,296.90505683711973,23.0
mp-1223940,MaterialsProject,Ho9Er3(MnBi2)2,FiM,ground_truth,1.0,6.0,monoclinic,['Bi'],0.010145994444449968,9.670339502231297,503.4583829126879,18.0
JVASP-29032,JARVIS,TeMoWS3,FM,predicted,0.4175050480263711,156.0,trigonal,['W'],0.01055,4.619,,12.0
mp-1224196,MaterialsProject,Ho3Er9(MnBi2)2,FiM,ground_truth,1.0,6.0,monoclinic,['Bi'],0.010865740555559,9.767199622427702,500.8410662040138,18.0
mp-998527,MaterialsProject,NiBiO3,FM,ground_truth,1.0,146.0,trigonal,['Bi'],0.01098139225000061,9.234280406391326,113.53038155551553,10.0
mp-1226393,MaterialsProject,CrRe13B6,FM,ground_truth,1.0,156.0,trigonal,['Re'],0.011036494024992294,17.52983691982137,240.3733749082701,20.0
mp-775271,MaterialsProject,Li2Cr3WO8,FM,ground_truth,1.0,186.0,hexagonal,['W'],0.01104083642857212,5.390990215916755,296.7509753966856,28.0
JVASP-29145,JARVIS,TeMoWSe3,FM,predicted,0.589233803695155,156.0,trigonal,['W'],0.01112,5.632,,12.0
mp-770972,MaterialsProject,Li2Ni3BiO8,FiM,ground_truth,1.0,212.0,cubic,['Bi'],0.01156141250000342,5.819971456294967,601.3780722888866,56.0
mp-1218491,MaterialsProject,SrCaNiWO6,FM,ground_truth,1.0,7.0,monoclinic,['W'],0.011888360000002152,6.228414952799809,248.59919667638866,20.0
mp-22972,MaterialsProject,Tb6FeBi2,FiM,ground_truth,1.0,189.0,hexagonal,['Bi'],0.012122322932099472,9.315567717531252,254.43254025421183,9.0
mp-1216150,MaterialsProject,YFe6Bi(BO3)8,FM,ground_truth,1.0,3.0,monoclinic,['Bi'],0.01214214470832431,4.42858160638183,413.74158558964024,40.0
mp-1226998,MaterialsProject,Ce4Ni3Pt,FM,ground_truth,1.0,25.0,orthorhombic,['Pt'],0.01239517124999967,9.13459563690831,169.35670557292602,8.0
mp-1298696,MaterialsProject,Sr3TaCoO7,FiM,ground_truth,1.0,5.0,monoclinic,['Ta'],0.012477592291666895,6.119026361499211,333.6460860721598,24.0
JVASP-160951,JARVIS,KRbAu,FM,predicted,0.42343419212670685,216.0,cubic,['Au'],0.01307,4.041,,3.0
mp-1173651,MaterialsProject,NaLaNiWO6,FM,ground_truth,1.0,1.0,triclinic,['W'],0.013306377500003741,6.712986829422452,742.7173774405493,60.0
mp-1218078,MaterialsProject,Ta6Cr3Fe3C2,FM,ground_truth,1.0,44.0,orthorhombic,['Ta'],0.013407564821429574,12.740099048325053,373.6136883376051,28.0
mp-1217452,MaterialsProject,Ti3Fe(BiO3)5,FM,ground_truth,1.0,4.0,monoclinic,['Bi'],0.013427247031245315,7.812930973199619,630.9547363151055,48.0
mp-1215420,MaterialsProject,Zr3TaFe8,FiM,predicted,0.9263050424004556,160.0,trigonal,['Ta'],0.01369184583333194,8.603006911550038,173.98294829554433,12.0
mp-1227209,MaterialsProject,CaMnFeBiO6,FM,ground_truth,1.0,7.0,monoclinic,['Bi'],0.014174021791670377,6.508982952711081,232.5821272583068,20.0
mp-1217456,MaterialsProject,Ti4FeBiPb4O15,FM,ground_truth,1.0,35.0,orthorhombic,['Bi'],0.014955193681257306,7.229273534025292,350.30659964395204,25.0
mp-1227676,MaterialsProject,BaSrCoWO6,FM,ground_truth,1.0,216.0,cubic,['W'],0.01503080999999895,6.924454791782737,135.18370152504895,10.0
mp-757052,MaterialsProject,Mn2Fe3P6WO24,FM,ground_truth,1.0,146.0,trigonal,['W'],0.015257987777776094,3.691193988038133,463.8464960803118,36.0
JVASP-110261,JARVIS,CoIr,FM,predicted,0.6048449573322389,187.0,hexagonal,['Ir'],0.01531,16.047,,2.0
mp-1225125,MaterialsProject,Fe3Si4Ir,FM,ground_truth,1.0,146.0,trigonal,['Ir'],0.015335263124999443,8.3222922542256,94.19646742214343,8.0
mp-550745,MaterialsProject,TiFe(BiO3)2,FM,ground_truth,1.0,146.0,trigonal,['Bi'],0.015400652750000354,7.738226847135911,530.1802898932497,40.0
mp-1224001,MaterialsProject,Ho3Er3MnBi2,FiM,ground_truth,1.0,189.0,hexagonal,['Bi'],0.0155268733333358,9.736558580040526,250.61288545889795,9.0
mp-1176835,MaterialsProject,Li8Fe7P12WO48,FM,ground_truth,1.0,1.0,triclinic,['W'],0.015592453618424429,3.154199522984823,931.7905886782345,76.0
mp-551086,MaterialsProject,CrFe(BiO3)2,FiM,ground_truth,1.0,146.0,trigonal,['Bi'],0.01586800900000096,8.134992861679226,253.84665670742964,20.0
mp-1176455,MaterialsProject,Mn3P6WO24,FM,ground_truth,1.0,146.0,trigonal,['W'],0.016140543198513768,3.3705873598382508,452.49554218896253,34.0
mp-1217548,MaterialsProject,TbFe11Re,FiM,ground_truth,1.0,44.0,orthorhombic,['Re'],0.01615023685897654,9.368792543710772,170.05036572560974,13.0
mp-1225192,MaterialsProject,GdFe11W,FiM,ground_truth,1.0,44.0,orthorhombic,['W'],0.016455761153853388,9.27073586190204,171.12494002548868,13.0
mp-1221358,MaterialsProject,Mn6BiPO12,FM,ground_truth,1.0,216.0,cubic,['Bi'],0.01704333046876272,5.307754474565357,238.2599709006643,20.0
mp-616616,MaterialsProject,Sr15Fe10(Bi5O23)2,FM,ground_truth,1.0,21.0,orthorhombic,['Bi'],0.017102913287041055,6.236646929540435,2502.013258629972,162.0
mp-770521,MaterialsProject,Li4V3Fe3(WO8)2,FM,ground_truth,1.0,8.0,monoclinic,['W'],0.017306481127233653,5.184981184395746,311.22615116610007,28.0
oqmd-10698,OQMD,Au1 Bi1 Li2,FM,predicted,0.6808365167878697,216.0,cubic,"['Au', 'Bi']",0.018106475416666434,,76.8066,4.0
mp-1216026,MaterialsProject,YFe11Re,FiM,ground_truth,1.0,44.0,orthorhombic,['Re'],0.018151979326926693,8.702235348267001,169.71461055960222,13.0
mp-1224069,MaterialsProject,HoFe11Re,FiM,ground_truth,1.0,44.0,orthorhombic,['Re'],0.018759594166668947,9.55505104865584,167.77912306220455,13.0
JVASP-28891,JARVIS,Te2MoW3Se6,FM,predicted,0.5891226268590297,156.0,trigonal,['W'],0.01879,6.475,,12.0
mp-1079623,MaterialsProject,TaMnSi,FiM,ground_truth,1.0,189.0,hexagonal,['Ta'],0.019037861666667766,10.369364100475886,253.63263940410897,18.0
mp-1222691,MaterialsProject,Li5Fe2(IrO5)2,FM,ground_truth,1.0,5.0,monoclinic,['Ir'],0.01905748465789081,5.988287142244331,191.5637233084632,19.0
mp-1522159,MaterialsProject,BaSrFeBiO6,FM,ground_truth,1.0,216.0,cubic,['Bi'],0.019073074999992556,6.779240622777178,143.48096370650927,10.0
mp-1079285,MaterialsProject,Tb6FeBi2,FM,ground_truth,1.0,38.0,orthorhombic,['Bi'],0.019143886265433174,9.305163566511801,254.71702257998137,9.0
mp-1105335,MaterialsProject,KYMnWO6,FM,ground_truth,1.0,4.0,monoclinic,['W'],0.019553592875000803,5.824660891047452,263.86495338759977,20.0
JVASP-28804,JARVIS,Te2Mo3WS6,FM,predicted,0.4077029430306536,156.0,trigonal,['W'],0.01958,4.268,,12.0
mp-677295,MaterialsProject,Co(Bi3O5)4,FM,ground_truth,1.0,197.0,cubic,['Bi'],0.019745242196969492,9.180273622510535,522.1472770319053,33.0
mp-1224446,MaterialsProject,Hf3TaFe8,FiM,predicted,0.9345700378217179,156.0,trigonal,['Ta'],0.01984791416666809,11.31919786051526,170.63950446357998,12.0
mp-1217870,MaterialsProject,Tb24Fe3CoBi8,FiM,ground_truth,1.0,6.0,monoclinic,['Bi'],0.020096732986110588,9.245901020867423,1025.953260819834,36.0
mp-1224958,MaterialsProject,La4TaCo33,FiM,ground_truth,1.0,8.0,monoclinic,['Ta'],0.020812724122808213,8.822123942105884,504.69838029468417,38.0
mp-690508,MaterialsProject,Ta2Mn4O9,FiM,ground_truth,1.0,9.0,monoclinic,['Ta'],0.020836841000003048,6.625848600111491,363.7142532112999,30.0
mp-30921,MaterialsProject,Y6CoBi2,FM,ground_truth,1.0,189.0,hexagonal,['Bi'],0.020919509166665406,6.6348845636408855,252.85909929885122,9.0
mp-1208432,MaterialsProject,Ta3MnS6,FM,ground_truth,1.0,182.0,hexagonal,['Ta'],0.020986080176724542,7.701889444061538,340.7244322647443,20.0
JVASP-29030,JARVIS,Te3MoWSe,FM,predicted,0.6203214339652394,156.0,trigonal,['W'],0.02109,6.127,,12.0
mp-780405,MaterialsProject,Fe5P6WO24,FM,ground_truth,1.0,146.0,trigonal,['W'],0.02111536541664627,3.7559600742091868,456.6500794042199,36.0
mp-1279155,MaterialsProject,SrMn2BiO6,FM,ground_truth,1.0,1.0,triclinic,['Bi'],0.021250872799986276,6.7925854540664234,245.6725412025953,20.0
mp-1173168,MaterialsProject,SrLaTaNiO6,FM,ground_truth,1.0,8.0,monoclinic,['Ta'],0.02133736327778557,7.2032708182440235,647.9652766336616,50.0
mp-755203,MaterialsProject,Li4NbFe(WO6)2,FM,ground_truth,1.0,1.0,triclinic,['W'],0.02156497699999793,5.692818362222221,429.4776882675427,40.0
mp-1225535,MaterialsProject,Dy18Mn(FeBi3)2,FiM,ground_truth,1.0,38.0,orthorhombic,['Bi'],0.021804820931072832,9.463283878385162,762.5143619334992,27.0
mp-1101187,MaterialsProject,V3Ni2P6WO24,FM,ground_truth,1.0,146.0,trigonal,['W'],0.02188934625000094,3.747285646845843,453.71290724854737,36.0
mp-1391233,MaterialsProject,Ca2MnWO6,FM,ground_truth,1.0,1.0,triclinic,['W'],0.022185206500029864,5.337649045023014,129.08458555350566,10.0
mp-562612,MaterialsProject,MnNi(BiO3)2,FM,ground_truth,1.0,5.0,monoclinic,['Bi'],0.022367595916653826,8.562376457847247,243.42201475572077,20.0
mp-1222927,MaterialsProject,LaMn8Bi3O20,FM,ground_truth,1.0,6.0,monoclinic,['Bi'],0.02240035672004037,6.487825212779503,390.4058709341217,32.0
JVASP-85937,JARVIS,CrFeBi2O6,FiM,predicted,0.4004955420839525,146.0,trigonal,['Bi'],0.02253,8.901,,10.0
mp-1218657,MaterialsProject,Sr3LaMn2(WO6)2,FM,ground_truth,1.0,1.0,triclinic,['W'],0.02258472065740591,6.5532272473325985,271.46309485896836,20.0
mp-776367,MaterialsProject,Li4V3Ni3(WO8)2,FM,ground_truth,1.0,8.0,monoclinic,['W'],0.02280533582589328,5.430928682365657,299.7445688479889,28.0
mp-1519441,MaterialsProject,BaSrMnWO6,FM,ground_truth,1.0,216.0,cubic,['W'],0.02293088999997117,6.598302695028554,140.86036517165792,10.0
mp-773173,MaterialsProject,Ta2Co4O9,FM,ground_truth,1.0,30.0,orthorhombic,['Ta'],0.023068768000014117,7.276017210397255,677.015550004665,60.0
mp-758116,MaterialsProject,Li2Cr3WO8,FM,ground_truth,1.0,212.0,cubic,['W'],0.023169418392857466,5.133168122779125,623.3115949692118,56.0
mp-1222967,MaterialsProject,LaNi4(BiO4)3,FM,ground_truth,1.0,1.0,triclinic,['Bi'],0.02369912975000421,8.052730081990935,245.92660832734606,20.0
mp-1220241,MaterialsProject,NdFe6Bi(BO3)8,FM,ground_truth,1.0,155.0,trigonal,['Bi'],0.024096098046875625,4.748078048698659,405.25370370934104,40.0
mp-1226007,MaterialsProject,CoIr,FM,ground_truth,1.0,187.0,hexagonal,['Ir'],0.024336602500000026,16.40856257158495,25.41628550002188,2.0
mp-775219,MaterialsProject,Cr3P6WO24,FM,ground_truth,1.0,146.0,trigonal,['W'],0.02490091202206557,3.229210359649567,467.7676406364102,34.0
mp-757766,MaterialsProject,FeBi25O39,FM,ground_truth,1.0,1.0,triclinic,['Bi'],0.025214451615387823,8.84907256183147,1107.9548991323613,65.0
mp-1216981,MaterialsProject,TiFeBiPbO6,FM,ground_truth,1.0,44.0,orthorhombic,['Bi'],0.02569924620312314,7.409445297465328,138.02752749387463,10.0
mp-1105157,MaterialsProject,RbNdMnWO6,FM,ground_truth,1.0,4.0,monoclinic,['W'],0.026298901999998847,6.1710298141335524,303.7898603132638,20.0
mp-1366463,MaterialsProject,Ca3Fe2(ReO6)2,FiM,ground_truth,1.0,1.0,triclinic,['Re'],0.026390056157897135,5.748148925094256,230.04595434392562,19.0
mp-1218247,MaterialsProject,SrMn2BiO6,FM,ground_truth,1.0,107.0,tetragonal,['Bi'],0.026832747799986123,6.81234719939859,122.47993833781726,10.0
mp-698573,MaterialsProject,FeBi25O39,FM,ground_truth,1.0,146.0,trigonal,['Bi'],0.027127071153849158,8.891818772683228,1102.6285564635195,65.0
mp-1225422,MaterialsProject,Fe5Bi4O13F,FM,ground_truth,1.0,94.0,tetragonal,['Bi'],0.02739336543478288,6.7926730757837515,1312.397188500035,92.0
mp-767372,MaterialsProject,Cr8Ni50Mo15W2,FiM,ground_truth,1.0,1.0,triclinic,['W'],0.027535279333331886,9.599232918989834,892.1645598619078,75.0
mp-1227572,MaterialsProject,Ca2HoMn4BiO12,FM,ground_truth,1.0,6.0,monoclinic,['Bi'],0.027551562124994433,6.274748860908591,229.1269636518742,20.0
mp-1340405,MaterialsProject,Ca3Mn2(IrO6)2,FiM,ground_truth,1.0,1.0,triclinic,['Ir'],0.0276241035964917,5.876104105719279,227.92074345086738,19.0
mp-1217857,MaterialsProject,Tb12FeCoBi4,FM,ground_truth,1.0,6.0,monoclinic,['Bi'],0.027721515262345342,9.28565690381995,511.05648573564514,18.0
mp-704097,MaterialsProject,Sr6Co4Bi2O15,FM,ground_truth,1.0,21.0,orthorhombic,['Bi'],0.02821983527776073,6.058507645352801,1556.1434582009053,108.0
mp-706225,MaterialsProject,Sr3LaMn2(WO6)2,FiM,ground_truth,1.0,4.0,monoclinic,['W'],0.028234243407407433,6.524362683497328,545.3281603656741,40.0
mp-1101108,MaterialsProject,Ti2Fe3Bi3Pb2O15,FM,ground_truth,1.0,35.0,orthorhombic,['Bi'],0.028349820243760426,7.41762438998964,345.7806035530867,25.0
mp-1218209,MaterialsProject,SrMnFeBiO6,FM,ground_truth,1.0,146.0,trigonal,['Bi'],0.028379892749999414,7.258563880382157,115.15802752505157,10.0
mp-756577,MaterialsProject,Li4MnNb(WO6)2,FM,ground_truth,1.0,1.0,triclinic,['W'],0.028506432187498376,5.689685485514747,429.18477791585553,40.0
mp-545769,MaterialsProject,MnCo(BiO3)2,FM,ground_truth,1.0,5.0,monoclinic,['Bi'],0.02858951560000822,8.465496140256535,246.30184360759822,20.0
mp-759730,MaterialsProject,Fe(Bi5O8)5,FM,ground_truth,1.0,195.0,cubic,['Bi'],0.028678691212125074,8.83493465544048,1112.7349901093382,66.0
mp-1640734,MaterialsProject,YFe(WO4)2,FM,ground_truth,1.0,1.0,triclinic,['W'],0.02891657197916686,6.928620497902602,306.97379863741594,24.0
mp-1194007,MaterialsProject,FeCu4BiPbS6,FM,ground_truth,1.0,26.0,orthorhombic,['Bi'],0.028944319855769507,5.98033349832617,510.12880563045684,26.0
mp-757801,MaterialsProject,Mn(Bi5O8)5,FM,ground_truth,1.0,5.0,monoclinic,['Bi'],0.028993797992414194,8.786323730197127,1118.7198644234825,66.0
mp-850533,MaterialsProject,Fe3Ni2P6WO24,FM,ground_truth,1.0,146.0,trigonal,['W'],0.02916592576390009,3.839574841924725,449.16932110900103,36.0
mp-1216956,MaterialsProject,TiFe2Bi2PbO9,FM,ground_truth,1.0,35.0,orthorhombic,['Bi'],0.029277980270831172,7.420047683036686,207.8373738104229,15.0
mp-752993,MaterialsProject,Li4Mn3Ni3(WO8)2,FM,ground_truth,1.0,8.0,monoclinic,['W'],0.029279784178583235,5.526639596012063,298.1559779777368,28.0
mp-767961,MaterialsProject,Ti3Mn2P6WO24,FM,ground_truth,1.0,146.0,trigonal,['W'],0.02949239582561347,3.5491259734377376,471.21574949585494,36.0
mp-1218090,MaterialsProject,Ta3AlFe8,FiM,ground_truth,1.0,156.0,trigonal,['Ta'],0.029846799166667992,11.11827064264492,151.82931412692605,12.0
mp-1106239,MaterialsProject,MnBiO3,FM,ground_truth,1.0,9.0,monoclinic,['Bi'],0.02990011609999854,8.049140667723467,257.3938245834839,20.0
mp-775194,MaterialsProject,Li2Fe3WO8,FM,ground_truth,1.0,36.0,orthorhombic,['W'],0.030262151428569695,5.284583303121448,309.9826426984107,28.0
mp-1078277,MaterialsProject,Mn2FeWO6,FiM,ground_truth,1.0,146.0,trigonal,['W'],0.030312309000002813,6.281617400614672,117.7826620772119,10.0
mp-1217946,MaterialsProject,TaFeO4,FM,ground_truth,1.0,35.0,orthorhombic,['Ta'],0.03046561749999732,7.223712541997927,207.43115428333016,18.0
mp-1222044,MaterialsProject,MnBi12W2(ClO8)3,FM,ground_truth,1.0,8.0,monoclinic,"['Bi', 'W']",0.03054433453571459,8.429493293933115,673.8544499036004,42.0
mp-1217793,MaterialsProject,SrTiFe3(BiO4)3,FM,ground_truth,1.0,146.0,trigonal,['Bi'],0.03060700525000115,7.273179482438343,256.1536912580928,20.0
JVASP-179798,JARVIS,VBiO,FM,predicted,0.508897809103049,187.0,hexagonal,['Bi'],0.0308,8.524,,3.0
mp-30922,MaterialsProject,Ho6CoBi2,FM,ground_truth,1.0,189.0,hexagonal,['Bi'],0.03085455083333244,9.865287031691105,246.83930053581759,9.0
mp-1105374,MaterialsProject,RbYMnWO6,FM,ground_truth,1.0,4.0,monoclinic,['W'],0.030997922375002318,5.660517634334971,298.7219043309353,20.0
mp-1217154,MaterialsProject,TiFe3Bi3PbO12,FM,ground_truth,1.0,1.0,triclinic,['Bi'],0.031002175953124933,7.426448912101186,277.60495734526785,20.0
mp-686514,MaterialsProject,Co(Bi5O8)5,FM,ground_truth,1.0,5.0,monoclinic,['Bi'],0.0316178957323201,8.836906804067334,3339.2008809103672,198.0
mp-1302208,MaterialsProject,Sr3TaCoO7,FiM,ground_truth,1.0,31.0,orthorhombic,['Ta'],0.031700227291666216,6.056013340944695,674.2353694247666,48.0
mp-1042205,MaterialsProject,YCo(WO4)2,FM,ground_truth,1.0,3.0,monoclinic,['W'],0.03181168947916646,7.0247943605723995,304.2311248928817,24.0
mp-1227837,MaterialsProject,Ca15Ni(IrO6)4,FM,ground_truth,1.0,3.0,monoclinic,['Ir'],0.0320506660227311,5.2874172833035855,569.2925748267684,44.0
mp-771895,MaterialsProject,Li2Ni3WO8,FiM,ground_truth,1.0,186.0,hexagonal,['W'],0.03255441821428473,5.805012010627786,287.0809520658903,28.0
mp-1218173,MaterialsProject,Ta6V3Fe3C2,FiM,ground_truth,1.0,44.0,orthorhombic,['Ta'],0.032584718434055304,12.39599706974751,383.13724515226716,28.0
mp-1227895,MaterialsProject,Ca15Ni(IrO6)4,FM,ground_truth,1.0,5.0,monoclinic,['Ir'],0.03263215147727738,5.286136479252255,569.4305115295176,44.0
mp-1224737,MaterialsProject,Fe2CuNiPt4,FM,ground_truth,1.0,99.0,tetragonal,['Pt'],0.032674593750002145,15.292532180967815,110.13397277985533,8.0
mp-1227724,MaterialsProject,Ca3Mn4BiO12,FM,ground_truth,1.0,6.0,monoclinic,['Bi'],0.032783825750002826,5.404933535466903,227.64239206624273,20.0
oqmd-10774,OQMD,Au1 Li2 Tl1,FM,predicted,0.6719449264412003,216.0,cubic,['Au'],0.03289000000000003,,72.2761,4.0
mp-778824,MaterialsProject,Li4Cr(WO4)3,FM,ground_truth,1.0,1.0,triclinic,['W'],0.03293257850000053,6.4300537120594585,212.60737095697007,20.0
JVASP-15338,JARVIS,CeGeAu,FiM,predicted,0.34267312920869325,186.0,hexagonal,['Au'],0.03313,9.996,,6.0
mp-1275766,MaterialsProject,Sr3TaCoO7,FM,ground_truth,1.0,1.0,triclinic,['Ta'],0.03319309520833347,6.040399878640073,675.978159428154,48.0
mp-1219320,MaterialsProject,ScMn3(BiO3)4,FM,ground_truth,1.0,5.0,monoclinic,['Bi'],0.03337145279374276,7.783514282741278,264.0482569416337,20.0
mp-861559,MaterialsProject,TaFeO4,FM,ground_truth,1.0,109.0,tetragonal,['Ta'],0.0335178038888877,7.237528687973211,414.070353403246,36.0
mp-757815,MaterialsProject,Li4Cr3Ni3(WO8)2,FM,ground_truth,1.0,8.0,monoclinic,['W'],0.03405968513888524,5.528587843934848,295.4000254581766,28.0
mp-1100812,MaterialsProject,Zr4FeBiPb4O15,FM,ground_truth,1.0,9.0,monoclinic,['Bi'],0.03441406884999587,7.705882433932039,732.0241966904497,50.0
mp-1445093,MaterialsProject,Ca2CrWO6,FiM,ground_truth,1.0,1.0,triclinic,['W'],0.03445591869444797,5.666228068953936,120.73693325973831,10.0
mp-1228981,MaterialsProject,Ba10Fe8Pt2Cl2O25,FM,ground_truth,1.0,187.0,hexagonal,['Pt'],0.03451377141842915,5.799963687689694,767.6001560494327,47.0
mp-1216934,MaterialsProject,TiFe2Bi2PbO9,FM,ground_truth,1.0,143.0,trigonal,['Bi'],0.034554103937496805,7.857165807395383,392.5494922199379,30.0
mp-755149,MaterialsProject,Li4TiMn(WO6)2,FM,ground_truth,1.0,1.0,triclinic,['W'],0.034728406499995756,5.61837397866853,408.0089915614868,40.0
mp-1202955,MaterialsProject,MnBiO3,FM,ground_truth,1.0,31.0,orthorhombic,['Bi'],0.034808669724998964,8.086361342136474,1024.836271058061,80.0
JVASP-133170,JARVIS,U3Sb4Ir3,FiM,predicted,0.5812742122160132,220.0,cubic,['Ir'],0.035,13.202,,20.0
mp-758943,MaterialsProject,Ti3Fe2P6WO24,FM,ground_truth,1.0,146.0,trigonal,['W'],0.03508015226081085,3.6158092297206097,463.35855063366586,36.0
mp-1177221,MaterialsProject,Li4V3Fe3(WO8)2,FM,ground_truth,1.0,1.0,triclinic,['W'],0.03519575469866254,5.224228060203741,308.88807289649645,28.0
mp-772967,MaterialsProject,Li2Cr3BiO8,FiM,ground_truth,1.0,1.0,triclinic,['Bi'],0.03536556926587586,5.157740480823087,652.7179271630265,56.0
mp-682554,MaterialsProject,FeCu4Re14(Mo3S20)2,FM,ground_truth,1.0,8.0,monoclinic,['Re'],0.03541034217307448,7.073853072366614,1120.9380917300675,65.0
mp-776005,MaterialsProject,Li4FeBi(TeO6)2,FM,ground_truth,1.0,1.0,triclinic,['Bi'],0.035517860749997965,5.603332011477984,219.23334956330126,20.0
mp-1304728,MaterialsProject,Sr3TaCoO7,FiM,ground_truth,1.0,8.0,monoclinic,['Ta'],0.035602834791666815,6.060389944331008,673.7484600298097,48.0
mp-756027,MaterialsProject,Li4Cr(WO4)3,FM,ground_truth,1.0,3.0,monoclinic,['W'],0.035643979999999686,6.122589835069138,223.284076127832,20.0
mp-1225148,MaterialsProject,GdFe4(BiO4)3,FM,ground_truth,1.0,6.0,monoclinic,['Bi'],0.03589685562500122,8.095117048604498,246.06474195618134,20.0
mp-1227513,MaterialsProject,BaTiFe3(BiO4)3,FM,ground_truth,1.0,146.0,trigonal,['Bi'],0.035925644250005107,7.416278668843305,262.3407606407354,20.0
mp-1225266,MaterialsProject,Fe9B4Ir3,FM,ground_truth,1.0,6.0,monoclinic,['Ir'],0.03601886499999907,11.041873776124262,168.80786202185283,16.0
mp-753065,MaterialsProject,Li4Mn3V3(WO8)2,FM,ground_truth,1.0,8.0,monoclinic,['W'],0.03606389633929119,5.079745784778724,316.7842847719347,28.0
JVASP-89911,JARVIS,UAlIr,FiM,predicted,0.9080979582167039,189.0,hexagonal,['Ir'],0.03612,13.351,,9.0
mp-694898,MaterialsProject,Sr5La3Mn4(WO6)4,FM,ground_truth,1.0,1.0,triclinic,['W'],0.036327791486112204,6.692337277950289,544.3659031286552,40.0
JVASP-28977,JARVIS,Te2MoW3S6,FM,predicted,0.4279126813351512,156.0,trigonal,['W'],0.03645,5.258,,12.0
JVASP-8508,JARVIS,MnSnAu,FM,predicted,0.6734448430460293,216.0,cubic,['Au'],0.03685,9.568,,3.0
mp-1223014,MaterialsProject,LaCeNiPt,FM,ground_truth,1.0,38.0,orthorhombic,['Pt'],0.03692658125000037,9.392153457002937,94.19919974281903,4.0
mp-1239165,MaterialsProject,TaCr3(AgS4)2,FM,ground_truth,1.0,1.0,triclinic,['Ta'],0.03695641148809603,4.857635272499482,553.230458028512,28.0
JVASP-92287,JARVIS,FeBiO3,FM,predicted,0.6489141232869144,99.0,tetragonal,['Bi'],0.03697,7.675,,5.0
mp-1218521,MaterialsProject,Sr3TaFeO7,FM,ground_truth,1.0,107.0,tetragonal,['Ta'],0.03719529416667555,5.989421460133058,169.57673397236323,12.0
mp-1218111,MaterialsProject,Ta4Fe5Te12,FM,ground_truth,1.0,6.0,monoclinic,['Ta'],0.037208587857142206,7.9437004947971745,529.7487667515501,21.0
JVASP-104833,JARVIS,CrCu3HgSe4,FM,predicted,0.735759513047581,215.0,cubic,['Hg'],0.03766,6.075,,9.0
mp-1173242,MaterialsProject,Sr3LaTa2(CoO6)2,FM,ground_truth,1.0,25.0,orthorhombic,['Ta'],0.03785604704165557,6.883948246191611,517.9070309482942,40.0
mp-752957,MaterialsProject,Li4CrSb(WO6)2,FM,ground_truth,1.0,1.0,triclinic,['W'],0.03800070287499757,6.00293267588426,210.56217313786925,20.0
mp-1188529,MaterialsProject,Mn7BiO12,FM,ground_truth,1.0,8.0,monoclinic,['Bi'],0.03807395871876196,5.950527600307421,219.21065533257558,20.0
mp-775133,MaterialsProject,Li4Ti3Fe3(WO8)2,FM,ground_truth,1.0,1.0,triclinic,['W'],0.0383531715029779,5.147693856304056,310.505208818607,28.0
JVASP-90168,JARVIS,UInPt,FiM,predicted,0.44940308305930976,189.0,hexagonal,['Pt'],0.03906,13.84,,9.0
mp-1221875,MaterialsProject,MnFe3(BiO3)4,FM,ground_truth,1.0,1.0,triclinic,['Bi'],0.03937309520833843,7.980520876211607,260.17314357245255,20.0
mp-1222178,MaterialsProject,MnFe4(BiO3)5,FM,ground_truth,1.0,1.0,triclinic,['Bi'],0.03947141156667566,8.010147888545676,648.1211206853383,50.0
JVASP-158713,JARVIS,UGaPt,FiM,predicted,0.4345680862951871,189.0,hexagonal,['Pt'],0.03964,14.177,,9.0
mp-1239221,MaterialsProject,TaCr3(AgS4)2,FM,ground_truth,1.0,6.0,monoclinic,['Ta'],0.04043749827381049,5.085090610661361,264.2422714263911,14.0
mp-1223162,MaterialsProject,LaFe5Bi4O15,FM,ground_truth,1.0,1.0,triclinic,['Bi'],0.040843440400004205,7.697814343465527,644.5769611188825,50.0
mp-1225360,MaterialsProject,Fe4Co(BiO3)5,FM,ground_truth,1.0,1.0,triclinic,['Bi'],0.04093129320000255,7.355205532428949,353.81840852400336,25.0
mp-1221595,MaterialsProject,MnHg4S5,FM,ground_truth,1.0,119.0,tetragonal,['Hg'],0.04095843074999417,6.505091900045938,259.7661723493717,10.0
mp-754340,MaterialsProject,Li4Ti3Cr3(WO8)2,FM,ground_truth,1.0,8.0,monoclinic,['W'],0.04098608816071092,5.196530910432064,303.89735701342147,28.0
mp-1227125,MaterialsProject,Ca7Ni(IrO6)2,FiM,ground_truth,1.0,155.0,trigonal,['Ir'],0.04110624840909516,5.408376583031617,281.1378748957625,22.0
mp-775004,MaterialsProject,Fe3P6WO24,FM,ground_truth,1.0,146.0,trigonal,['W'],0.041359631017150456,3.131737676775243,488.44891092352253,34.0
mp-1282646,MaterialsProject,Sr2FeWO6,FM,ground_truth,1.0,1.0,triclinic,['W'],0.04139536799999988,6.472950910785065,262.13853852458914,20.0
mp-787524,MaterialsProject,Li4Fe(WO4)3,FM,ground_truth,1.0,3.0,monoclinic,['W'],0.04163102624999837,6.000772419527672,457.7637569409912,40.0
JVASP-29115,JARVIS,Te4Mo3WS4,FM,predicted,0.41523249151303304,156.0,trigonal,['W'],0.04173,4.594,,12.0
JVASP-92440,JARVIS,FeBiO3,FM,predicted,0.7280389537288515,160.0,trigonal,['Bi'],0.04182,8.55,,5.0
JVASP-133510,JARVIS,TaCr3Ag2S8,FM,predicted,0.5553712111999697,6.0,monoclinic,['Ta'],0.0419,5.153,,14.0
mp-1309013,MaterialsProject,Sr3TaCoO7,FiM,ground_truth,1.0,99.0,tetragonal,['Ta'],0.04192725604166725,6.106869572756509,334.3102667845338,24.0
mp-39933,MaterialsProject,TaFeO4,FM,ground_truth,1.0,33.0,orthorhombic,['Ta'],0.04202127208333195,7.341953805547827,272.1206680552962,24.0
mp-755688,MaterialsProject,Li4MnSb(WO6)2,FM,ground_truth,1.0,1.0,triclinic,['W'],0.04209906890865245,5.997146684957832,423.1598227297821,40.0
JVASP-75459,JARVIS,Ti2AsOs,FiM,predicted,0.5417182987193992,216.0,cubic,['Os'],0.04224,9.841,,4.0
mp-771917,MaterialsProject,Li4Fe3Ni3(WO8)2,FM,ground_truth,1.0,8.0,monoclinic,['W'],0.042358236071426525,5.564392351170413,296.9450448557369,28.0
mp-773508,MaterialsProject,Li4Cu3Ni3(WO8)2,FM,ground_truth,1.0,8.0,monoclinic,['W'],0.04262060247767785,5.732488854877131,294.9298661059001,28.0
mp-1217245,MaterialsProject,Ti3Fe(BiO3)5,FM,ground_truth,1.0,8.0,monoclinic,['Bi'],0.04277876598957775,7.629649810800384,323.0558363940264,24.0
mp-1254576,MaterialsProject,AlNi(WO4)2,FM,ground_truth,1.0,1.0,triclinic,['W'],0.043115591666673225,7.445257741074006,259.3206713426957,24.0
mp-1343817,MaterialsProject,CaFeReO6,FM,ground_truth,1.0,7.0,monoclinic,['Re'],0.04339175130093054,5.578547102307923,225.11010436043568,18.0
mp-1221816,MaterialsProject,Mn2NiSb2Pt,FM,ground_truth,1.0,160.0,trigonal,['Pt'],0.04341163499999734,9.111585955550275,110.65420517087318,6.0
mp-776460,MaterialsProject,Li4Fe(WO4)3,FM,ground_truth,1.0,1.0,triclinic,['W'],0.043587492499998604,6.428085150344253,213.66675013349484,20.0
mp-1224459,MaterialsProject,Hf3TaCo8,FM,ground_truth,1.0,160.0,trigonal,['Ta'],0.043596647638887376,12.308427907847925,160.25822925650738,12.0
JVASP-18147,JARVIS,UGePt,FM,predicted,0.37638739218976097,44.0,orthorhombic,['Pt'],0.0438,14.205,,6.0
mp-1222983,MaterialsProject,LaFe4(BiO4)3,FM,ground_truth,1.0,6.0,monoclinic,['Bi'],0.04397683074999925,7.865063256442153,249.38910406059,20.0
mp-1226261,MaterialsProject,DyFe5Bi4O15,FM,ground_truth,1.0,1.0,triclinic,['Bi'],0.043992208000001476,7.90973794016368,637.2136589925591,50.0
JVASP-148161,JARVIS,U3Sn4Au3,FiM,predicted,0.580355572125047,220.0,cubic,['Au'],0.04419,12.138,,20.0
mp-505201,MaterialsProject,Mn(Bi3O5)4,FM,ground_truth,1.0,197.0,cubic,['Bi'],0.04461845257577135,8.748267380276232,547.1735789115032,33.0
mp-771764,MaterialsProject,Mn5P6WO24,FM,ground_truth,1.0,146.0,trigonal,['W'],0.04472860547917179,3.588678061880313,475.8379730991302,36.0
JVASP-18779,JARVIS,USnPt,FiM,predicted,0.7189291657874969,216.0,cubic,['Pt'],0.04532,12.433,,3.0
mp-1198549,MaterialsProject,Mn16Bi16O45,FM,ground_truth,1.0,220.0,cubic,['Bi'],0.045598607142857794,7.822460289890233,2098.442999722926,154.0
mp-769470,MaterialsProject,Li11Fe(WO4)7,FM,ground_truth,1.0,8.0,monoclinic,['W'],0.04589430174201681,5.358167042900088,578.6166651326496,47.0
mp-1308495,MaterialsProject,Mg2CrWO6,FiM,ground_truth,1.0,1.0,triclinic,['W'],0.04611347424999934,5.816793720929513,217.21232178288287,20.0
mp-769629,MaterialsProject,Mn2V3P6WO24,FM,ground_truth,1.0,146.0,trigonal,['W'],0.04647409576391759,3.5911101141216184,469.9716756370383,36.0
mp-757199,MaterialsProject,Li4MnNb2WO12,FM,ground_truth,1.0,1.0,triclinic,['W'],0.046973073124998876,5.05660370567767,211.59743463110453,20.0
mp-1225056,MaterialsProject,GaFe(BiO3)2,FM,ground_truth,1.0,1.0,triclinic,['Bi'],0.04735103725000123,8.025052081896568,132.33017920899317,10.0
mp-780613,MaterialsProject,Mn7P12WO48,FiM,ground_truth,1.0,1.0,triclinic,['W'],0.04764085196691159,3.307563634333687,857.5208494829931,68.0
mp-769613,MaterialsProject,Li4Ti3Ni3(WO8)2,FM,ground_truth,1.0,1.0,triclinic,['W'],0.047721274017859194,5.361677112930049,300.75951241988287,28.0
mp-1225028,MaterialsProject,FeCo(BiO3)2,FM,ground_truth,1.0,99.0,tetragonal,['Bi'],0.047762016500001,7.552293199205443,138.24141355107727,10.0
mp-21418,MaterialsProject,MnSnPt,FM,ground_truth,1.0,216.0,cubic,['Pt'],0.047955984022988396,10.169742207445319,60.20742258707442,3.0
mp-1215350,MaterialsProject,ZrFeRe,FM,ground_truth,1.0,38.0,orthorhombic,['Re'],0.048590876666665395,11.574652412802834,191.25164160307432,12.0
mp-755247,MaterialsProject,Li4Mn(WO4)3,FM,ground_truth,1.0,3.0,monoclinic,['W'],0.04865544100000285,5.929820922471366,462.73303945657443,40.0
mp-771959,MaterialsProject,Li2Mn3WO8,FM,ground_truth,1.0,186.0,hexagonal,['W'],0.048671843214286525,5.541197918962657,293.9965177960914,28.0
mp-1272521,MaterialsProject,SrMn2BiO6,FM,ground_truth,1.0,5.0,monoclinic,['Bi'],0.04895378179998566,6.818658759190092,122.36656714835323,10.0
JVASP-93203,JARVIS,Mg6TiBi,FM,predicted,0.6220638744582134,38.0,orthorhombic,['Bi'],0.04919,3.692,,8.0
mp-1215205,MaterialsProject,ZrTaCo4,FM,ground_truth,1.0,216.0,cubic,['Ta'],0.049591088500003266,10.584679737984532,79.68077939948355,6.0
mp-1217936,MaterialsProject,TaMn2FeO6,FM,ground_truth,1.0,146.0,trigonal,['Ta'],0.04963443524999889,6.366565690654816,115.45677482318166,10.0
mp-1197411,MaterialsProject,CoH20PtC4(NO3)4,FM,ground_truth,1.0,23.0,orthorhombic,['Pt'],0.049890752874993005,2.33747819623508,405.09602828419486,42.0
mp-1218365,MaterialsProject,SrCr2BiO6,FM,ground_truth,1.0,146.0,trigonal,['Bi'],0.049942499916674876,6.6798600668829256,123.4465134657687,10.0
oqmd-17683,OQMD,Mn1 Pt1 Sn1,FM,predicted,0.7788617503085962,216.0,cubic,['Pt'],0.05001077249865554,,59.861,3.0
mp-1220539,MaterialsProject,NdFe5Bi4O15,FM,ground_truth,1.0,1.0,triclinic,['Bi'],0.05028043560000395,7.1467383628964445,348.37967734592974,25.0
mp-1178443,MaterialsProject,Co3BiO8,FM,ground_truth,1.0,4.0,monoclinic,['Bi'],0.05031645756944503,5.8862154261465625,579.7570802756806,48.0
mp-1218079,MaterialsProject,Ta6Mn2Zn3O20,FM,ground_truth,1.0,1.0,triclinic,['Ta'],0.050509715967743674,7.403680991845381,383.9272469799787,31.0
mp-775493,MaterialsProject,Li2Fe3WO8,FM,ground_truth,1.0,5.0,monoclinic,['W'],0.0509630973214259,5.1146587029077475,640.5624277256999,56.0
mp-1197007,MaterialsProject,NiH20PtC4(NO3)4,FM,ground_truth,1.0,23.0,orthorhombic,['Pt'],0.05156294166666697,2.3030458166715055,410.9796416893028,42.0
mp-752544,MaterialsProject,Li4MnV(WO6)2,FM,ground_truth,1.0,1.0,triclinic,['W'],0.05159181159615578,5.507531428872213,418.07437428607346,40.0
mp-531102,MaterialsProject,Fe(Bi5O8)5,FM,ground_truth,1.0,5.0,monoclinic,['Bi'],0.052631362272731685,8.750990907402207,1123.4088836868182,66.0
mp-775961,MaterialsProject,Li4MnSn(WO6)2,FM,ground_truth,1.0,1.0,triclinic,['W'],0.052766617624998347,6.047177477732962,417.98380303506974,40.0
mp-1569036,MaterialsProject,Li4FeTe(WO6)2,FM,ground_truth,1.0,1.0,triclinic,['W'],0.05287419637500257,5.930987262071724,431.6581000284378,40.0
mp-1217427,MaterialsProject,Ti3Fe2(BiO3)6,FM,ground_truth,1.0,8.0,monoclinic,['Bi'],0.053095289482759433,7.604112043678405,392.4532796676472,29.0
mp-1216155,MaterialsProject,YFe6Co5W,FiM,ground_truth,1.0,44.0,orthorhombic,['W'],0.05315312781248416,8.943564574566462,167.56253246769526,13.0
mp-1192637,MaterialsProject,Cr5(Bi3Se8)2,FM,ground_truth,1.0,8.0,monoclinic,['Bi'],0.05319686799382772,7.0546593524112655,653.7079819414721,27.0
JVASP-111085,JARVIS,Co3Ir,FM,predicted,0.5469317159088698,187.0,hexagonal,['Ir'],0.05345,12.709,,4.0
mp-761030,MaterialsProject,Li4Cr3Fe3(WO8)2,FM,ground_truth,1.0,1.0,triclinic,['W'],0.05439010508928277,5.373151943573295,301.30459149415645,28.0
mp-1177957,MaterialsProject,Li2Ni3WO8,FM,ground_truth,1.0,19.0,orthorhombic,['W'],0.05441665160714049,5.540795626090674,601.5411818900685,56.0
JVASP-71947,JARVIS,TaMn2Be,FiM,predicted,0.47454809046134455,119.0,tetragonal,['Ta'],0.05454,9.985,,4.0
mp-1177973,MaterialsProject,Li2Fe3WO8,FM,ground_truth,1.0,1.0,triclinic,['W'],0.0552227441071409,5.169025182749908,633.8251565607588,56.0
JVASP-100819,JARVIS,MnHg2Te3,FM,predicted,0.8352797622582323,156.0,trigonal,['Hg'],0.05523,6.737,,6.0
mp-776740,MaterialsProject,Li2MnWO6,FM,ground_truth,1.0,146.0,trigonal,['W'],0.0553143737500017,5.792247564142698,199.90777056468846,20.0
mp-776860,MaterialsProject,Li4Fe3Co3(WO8)2,FM,ground_truth,1.0,1.0,triclinic,['W'],0.05560329897321292,5.517302225595347,299.69598104314287,28.0
mp-774888,MaterialsProject,Li4Cr3Cu3(WO8)2,FM,ground_truth,1.0,8.0,monoclinic,['W'],0.05587122454365101,5.555130150814521,298.34022615305224,28.0
mp-1974700,MaterialsProject,CoWO4,FM,ground_truth,1.0,7.0,monoclinic,['W'],0.05592739479166653,8.106772650193086,125.67390558041987,12.0
mp-1177874,MaterialsProject,Li2Ni3WO8,FM,ground_truth,1.0,96.0,tetragonal,['W'],0.05608570982142691,5.569964701990157,598.3910002767187,56.0
mp-1294264,MaterialsProject,Zn2CoWO6,FM,ground_truth,1.0,1.0,triclinic,['W'],0.056516849500000355,6.958004661139808,112.06783923739799,10.0
mp-1233120,MaterialsProject,MgTa4Mn4Nb4O24,FM,ground_truth,1.0,1.0,triclinic,['Ta'],0.05658971317085104,6.233622706663763,459.10259563262935,37.0
mp-1224629,MaterialsProject,GdFe2BiO6,FM,ground_truth,1.0,26.0,orthorhombic,['Bi'],0.05667175424999904,8.326974267185621,228.89737331484451,20.0
mp-1208356,MaterialsProject,Ti4Fe(BiO3)6,FM,ground_truth,1.0,42.0,orthorhombic,['Bi'],0.05668285413793228,7.47881764498263,397.2567684951091,29.0
JVASP-50969,JARVIS,Ta2CuO6,FM,predicted,0.8057783335392356,44.0,orthorhombic,['Ta'],0.05672,7.79,,9.0
mp-1043887,MaterialsProject,CaLaFeBiO6,FM,ground_truth,1.0,7.0,monoclinic,['Bi'],0.05734707675000106,6.70109755091557,267.5286350133609,20.0
mp-1047526,MaterialsProject,YMn(WO4)2,FiM,ground_truth,1.0,1.0,triclinic,['W'],0.05739147489583374,6.614304371770939,321.1060099078964,24.0
mp-771209,MaterialsProject,Li7Cr3(WO8)2,FM,ground_truth,1.0,8.0,monoclinic,['W'],0.05740927996031342,4.704016972658185,292.37444327030306,28.0
mp-1217638,MaterialsProject,Ti3Fe3(BiO3)7,FM,ground_truth,1.0,8.0,monoclinic,['Bi'],0.057487269117647344,7.59888769647075,461.0825504908203,34.0
mp-1218060,MaterialsProject,Ta3Cr5N4,FiM,ground_truth,1.0,99.0,tetragonal,['Ta'],0.05758042583333278,10.962423510285834,130.09491367584292,12.0
mp-774637,MaterialsProject,Co3P6WO24,FM,ground_truth,1.0,146.0,trigonal,['W'],0.05776292562500185,3.1982570374720947,483.1000275356516,34.0
mp-1218551,MaterialsProject,Sr3Y2FeCu3BiO12,FiM,ground_truth,1.0,38.0,orthorhombic,['Bi'],0.05811719485794331,6.1573072526535,293.4527733942784,22.0
mp-1177969,MaterialsProject,Li2Fe3WO8,FM,ground_truth,1.0,9.0,monoclinic,['W'],0.058626501428570066,5.577721615048028,293.6914408639553,28.0
mp-1173149,MaterialsProject,Ta8Cr3O24,FM,ground_truth,1.0,25.0,orthorhombic,['Ta'],0.05876288714283895,7.799187814297666,423.1743136795191,35.0
mp-1047414,MaterialsProject,Zn2FeWO6,FM,ground_truth,1.0,146.0,trigonal,['W'],0.058776070499999555,6.758152051129244,229.24624171434587,20.0
mp-758279,MaterialsProject,Li6Cr3P6WO24,FM,ground_truth,1.0,1.0,triclinic,['W'],0.05887162671875501,3.344133937236987,472.37190577998916,40.0
mp-753980,MaterialsProject,Li4Mn2TeWO12,FM,ground_truth,1.0,1.0,triclinic,['W'],0.05898361412499842,5.356284948315338,198.74345561194778,20.0
mp-1221739,MaterialsProject,Mn4BiSb3,FiM,ground_truth,1.0,25.0,orthorhombic,['Bi'],0.059328655883621906,7.777865615005939,169.5180883249241,8.0
mp-1226447,MaterialsProject,Co3Ir,FM,predicted,0.5114006262306785,187.0,hexagonal,['Ir'],0.05958649749999978,12.792828038192617,47.89921779942178,4.0
mp-1221590,MaterialsProject,MnHg3S4,FM,ground_truth,1.0,160.0,trigonal,['Hg'],0.059890070937494766,6.2930084559398995,207.12988321919727,8.0
JVASP-48183,JARVIS,LiP2WO7,FM,predicted,0.8316635369115221,1.0,triclinic,['W'],0.05994,4.852,,11.0
mp-759296,MaterialsProject,Li4Fe3Cu3(WO8)2,FiM,ground_truth,1.0,8.0,monoclinic,['W'],0.06019036189731963,5.478028792283926,306.03937940818497,28.0
mp-756380,MaterialsProject,Li4Ti3Mn3(WO8)2,FM,ground_truth,1.0,1.0,triclinic,['W'],0.06027756958333441,5.006737156420249,318.34458317995444,28.0
mp-1048921,MaterialsProject,CaLaCrWO6,FiM,ground_truth,1.0,7.0,monoclinic,['W'],0.0602854439583389,6.756756470051981,251.07605371686302,20.0
mp-2218789,MaterialsProject,MgTa2(FeO4)2,FM,ground_truth,1.0,5.0,monoclinic,['Ta'],0.060339255096170774,6.091828468533554,170.60691952127237,13.0
mp-1576333,MaterialsProject,MnAl(WO4)2,FiM,ground_truth,1.0,3.0,monoclinic,['W'],0.06038854166665075,7.121270438272861,269.3673025019424,24.0
mp-758707,MaterialsProject,Li2Mn3WO8,FM,ground_truth,1.0,19.0,orthorhombic,['W'],0.061002169821428254,4.936887807369649,659.9675569544459,56.0
mp-761155,MaterialsProject,Li4Co3Ni3(WO8)2,FM,ground_truth,1.0,8.0,monoclinic,['W'],0.06139190959821139,5.622633399807876,296.6053133963942,28.0
mp-1228609,MaterialsProject,Ba5Co4PtClO13,FM,ground_truth,1.0,36.0,orthorhombic,['Pt'],0.06165080116318311,6.111341113222629,739.5504725389452,48.0
mp-690537,MaterialsProject,Co2Bi11O20,FM,ground_truth,1.0,1.0,triclinic,['Bi'],0.061721984621214254,8.5215619091992,533.2702709595168,33.0
JVASP-90049,JARVIS,USnPt,FiM,predicted,0.49011965467202917,189.0,hexagonal,['Pt'],0.06176,13.731,,9.0
JVASP-135097,JARVIS,HfTaO4,FM,predicted,0.576234152507084,119.0,tetragonal,['Ta'],0.06199,8.646,,6.0
mp-849422,MaterialsProject,Li4Cr3Co3(WO8)2,FM,ground_truth,1.0,8.0,monoclinic,['W'],0.06239212946428285,5.520314767676954,296.0591244386547,28.0
mp-1228771,MaterialsProject,BaFe5Bi4O15,FM,ground_truth,1.0,9.0,monoclinic,['Bi'],0.06241563020000829,7.660143907468059,647.0624591958147,50.0
mp-10154,MaterialsProject,MnSbIr,FiM,ground_truth,1.0,216.0,cubic,['Ir'],0.06265877833333366,10.711063647627622,57.19299833220235,3.0
mp-764443,MaterialsProject,Li4Mn3Fe3(WO8)2,FM,ground_truth,1.0,1.0,triclinic,['W'],0.0629151982142826,5.272718776911053,309.82327416763036,28.0
mp-1209935,MaterialsProject,Ni(Bi3O5)4,FM,ground_truth,1.0,197.0,cubic,['Bi'],0.06292179606061232,8.946753447950822,535.7313927694609,33.0
mp-757043,MaterialsProject,Mn3Ni2P6WO24,FM,ground_truth,1.0,146.0,trigonal,['W'],0.06336994688195041,3.7525829080961945,458.37791318338486,36.0
mp-1227846,MaterialsProject,Ca3LaMn2(IrO6)2,FiM,ground_truth,1.0,1.0,triclinic,['Ir'],0.06373253795832756,6.347905456834691,247.31684913511003,20.0
mp-776267,MaterialsProject,Li4Mn3Cr3(WO8)2,FM,ground_truth,1.0,8.0,monoclinic,['W'],0.06473055482143586,5.241095922167854,308.03428762525954,28.0
mp-1217795,MaterialsProject,SrTiFe4Bi4O15,FM,ground_truth,1.0,8.0,monoclinic,['Bi'],0.06476436200000713,7.18019501047191,331.81655618192207,25.0
mp-1577482,MaterialsProject,CoP2WO8,FiM,ground_truth,1.0,6.0,monoclinic,['W'],0.06484487177083764,4.779503424198713,300.6762943636079,24.0
mp-1225123,MaterialsProject,Fe6Bi(P3O13)2,FM,ground_truth,1.0,6.0,monoclinic,['Bi'],0.06519314384615083,3.799601727208981,500.7825243292195,39.0
mp-851095,MaterialsProject,Li4Mn3Cu3(WO8)2,FiM,ground_truth,1.0,8.0,monoclinic,['W'],0.06564918763392757,5.532781976376303,302.1941649744971,28.0
JVASP-48213,JARVIS,LiP2WO7,FM,predicted,0.43534348792408395,4.0,monoclinic,['W'],0.06583,4.367,,22.0
mp-1642087,MaterialsProject,Li4CrTe(WO6)2,FM,ground_truth,1.0,1.0,triclinic,['W'],0.06584375575000312,5.918530568013614,430.4068663531408,40.0
mp-1223206,MaterialsProject,La3Mn8BiO20,FM,ground_truth,1.0,6.0,monoclinic,['Bi'],0.0661266082851597,5.793760596815484,397.0065204099287,32.0
mp-1374973,MaterialsProject,Ca3Co2(WO6)2,FM,ground_truth,1.0,1.0,triclinic,['W'],0.06717477535885852,5.722714704142198,231.48691112857216,19.0
mp-1216006,MaterialsProject,YFe6Co5Re,FiM,ground_truth,1.0,44.0,orthorhombic,['Re'],0.06723443850960464,9.063876173654105,165.77199385691821,13.0
mp-1105310,MaterialsProject,TiCr(BIr)2,FM,ground_truth,1.0,189.0,hexagonal,['Ir'],0.06767581397222244,12.364134684443531,203.83919765606814,18.0
mp-1221581,MaterialsProject,MnHg2S3,FM,ground_truth,1.0,156.0,trigonal,['Hg'],0.06814535958332613,6.0299830273160895,152.09618092488768,6.0
mp-1218064,MaterialsProject,TaAlFe,FM,ground_truth,1.0,38.0,orthorhombic,['Ta'],0.06828810556666731,10.391291691556717,168.60569040626763,12.0
oqmd-8492,OQMD,Ir1 Mn1 Sb1,FM,predicted,0.6679740908915339,216.0,cubic,['Ir'],0.06838954644820605,,56.8597,3.0
mp-774672,MaterialsProject,Li4Mn(WO4)3,FM,ground_truth,1.0,1.0,triclinic,['W'],0.06866397650000344,6.225769162679529,220.36827797413844,20.0
mp-1218073,MaterialsProject,Ta3Mn8Si,FM,ground_truth,1.0,156.0,trigonal,['Ta'],0.06901958668403374,10.974528001984796,152.88714949673707,12.0
mp-1229198,MaterialsProject,Ba10Co7(IrO10)3,FiM,ground_truth,1.0,8.0,monoclinic,['Ir'],0.06942733620000396,6.820499330810415,692.027774732081,50.0
mp-39626,MaterialsProject,SrLaMnWO6,FM,ground_truth,1.0,82.0,tetragonal,['W'],0.06965237231482035,6.854139815294368,135.9850343524026,10.0
mp-1217577,MaterialsProject,TbFe6Co5W,FiM,ground_truth,1.0,44.0,orthorhombic,['W'],0.07002187858170927,10.071807030791604,160.33631698879393,13.0
mp-754450,MaterialsProject,Li2CrWO6,FM,ground_truth,1.0,146.0,trigonal,['W'],0.07004498122222014,5.682000046519184,202.06702894830923,20.0
mp-1222881,MaterialsProject,LaMn4(BiO4)3,FM,ground_truth,1.0,6.0,monoclinic,['Bi'],0.07008208932832805,7.72001201700286,253.2945464012535,20.0
mp-1233262,MaterialsProject,MgTa4Mn4Nb4O24,FM,ground_truth,1.0,3.0,monoclinic,['Ta'],0.07012135803571518,6.282646048363875,455.520228705088,37.0
mp-772992,MaterialsProject,Li9Fe3(WO4)7,FM,ground_truth,1.0,160.0,trigonal,['W'],0.07031870723404143,5.222424848034135,624.7555198554235,47.0
mp-1227244,MaterialsProject,Fe74W13,FiM,ground_truth,1.0,42.0,orthorhombic,['W'],0.07035867686781394,10.335993517013211,1047.870534385457,87.0
JVASP-132198,JARVIS,Mn28Bi,FiM,predicted,0.6428635980553571,217.0,cubic,['Bi'],0.07049,8.988,,29.0
mp-772794,MaterialsProject,Co3BiO8,FM,ground_truth,1.0,212.0,cubic,['Bi'],0.0711651600694454,6.044595971500606,564.5662812578704,48.0
mp-777686,MaterialsProject,Li9Mn3(WO4)7,FM,ground_truth,1.0,160.0,trigonal,['W'],0.07151591929078549,5.138746295125985,634.0497197334023,47.0
mp-752745,MaterialsProject,Li4MnCr(WO6)2,FM,ground_truth,1.0,1.0,triclinic,['W'],0.07182814662916659,5.742557924070617,200.78684407558816,20.0
mp-757500,MaterialsProject,Li4VFe(WO6)2,FM,ground_truth,1.0,1.0,triclinic,['W'],0.07205335309375016,5.658725101484065,203.71813288866753,20.0
mp-1279939,MaterialsProject,Mn2Bi3O7,FM,ground_truth,1.0,8.0,monoclinic,['Bi'],0.07220205583334316,8.027192060215521,351.17816730496037,24.0
mp-773627,MaterialsProject,Li2Fe3BiO8,FM,ground_truth,1.0,1.0,triclinic,['Bi'],0.07222510241071767,5.200879858432882,662.0504135993601,56.0
mp-773037,MaterialsProject,Mn3BiO8,FM,ground_truth,1.0,212.0,cubic,['Bi'],0.07225626770833404,5.222900475779724,638.1446196147317,48.0
mp-2218246,MaterialsProject,MgNi(WO4)2,FM,ground_truth,1.0,1.0,triclinic,['W'],0.07231795166666544,6.746833451991038,142.42386858816158,12.0
mp-775176,MaterialsProject,Li4FeTe2WO12,FiM,ground_truth,1.0,1.0,triclinic,['W'],0.07232330550000388,5.517366715960359,215.0827904461224,20.0
mp-779751,MaterialsProject,Li4Ti3Co3(WO8)2,FiM,ground_truth,1.0,8.0,monoclinic,['W'],0.07237656910714563,5.29900608547756,304.5420094078539,28.0
mp-770783,MaterialsProject,Fe7P12WO48,FM,ground_truth,1.0,1.0,triclinic,['W'],0.07351626456494298,3.007513222136131,946.5783877384351,68.0
mp-1221607,MaterialsProject,MnRe3B2,FM,ground_truth,1.0,22.0,orthorhombic,['Re'],0.0744407537499967,15.614231162749805,135.10020827361475,12.0
mp-758255,MaterialsProject,Li4Co3Cu3(WO8)2,FM,ground_truth,1.0,8.0,monoclinic,['W'],0.0752715385586713,5.952013791696933,284.25282543544205,28.0
mp-1282430,MaterialsProject,Zn2CrWO6,FiM,ground_truth,1.0,1.0,triclinic,['W'],0.07549280300001193,6.949375853926,221.09877107060063,20.0
mp-1221600,MaterialsProject,MnReB2,FM,ground_truth,1.0,26.0,orthorhombic,['Re'],0.075591378875,11.68488021246164,74.68368289848944,8.0
mp-769471,MaterialsProject,Fe3Co2P6WO24,FM,ground_truth,1.0,146.0,trigonal,['W'],0.07597524074071149,3.8118033246699126,452.6507419361691,36.0
mp-775998,MaterialsProject,Li4CrBi(TeO6)2,FM,ground_truth,1.0,1.0,triclinic,['Bi'],0.07612638413888906,5.631483659605709,217.00249359416318,20.0
mp-1227908,MaterialsProject,BaSr6Fe3Bi3O16,FM,ground_truth,1.0,107.0,tetragonal,['Bi'],0.07647258436423776,6.245527982579832,455.5829844749858,29.0
mp-1190266,MaterialsProject,Mn2Bi3O7,FM,ground_truth,1.0,36.0,orthorhombic,['Bi'],0.07657135166667572,8.097123145120639,348.14520488182785,24.0
mp-1219138,MaterialsProject,Re2Ni(MoS4)2,FM,ground_truth,1.0,44.0,orthorhombic,['Re'],0.07698595061538338,6.492933235341684,224.930142690339,13.0
mp-1224912,MaterialsProject,FeSiW,FM,ground_truth,1.0,38.0,orthorhombic,['W'],0.07712344583333497,11.806353387538419,150.6454574614251,12.0
mp-771313,MaterialsProject,Li7Mn3(WO8)2,FiM,ground_truth,1.0,8.0,monoclinic,['W'],0.07718723169047959,4.789664145361593,290.20614915023407,28.0
mp-1228112,MaterialsProject,BaLaCoIrO6,FM,ground_truth,1.0,1.0,triclinic,['Ir'],0.0772746004583329,7.849123962471819,131.88035978646153,10.0
mp-757935,MaterialsProject,Mn2Ni3P6WO24,FM,ground_truth,1.0,146.0,trigonal,['W'],0.07738978517360096,3.722990640761071,463.69631372563146,36.0
mp-22027,MaterialsProject,MnSnAu,FM,ground_truth,1.0,216.0,cubic,['Au'],0.07744045735632099,9.465777241240579,65.01526819989358,3.0
mp-1218304,MaterialsProject,SrFe5Bi4O15,FM,ground_truth,1.0,1.0,triclinic,['Bi'],0.07751681260000609,7.378362011042729,324.7001649140659,25.0
JVASP-156410,JARVIS,CeHgPb,FM,predicted,0.40311836397699674,216.0,cubic,['Hg'],0.07828,9.825,,3.0
mp-1280283,MaterialsProject,FeRe(PbO3)2,FiM,ground_truth,1.0,79.0,tetragonal,['Re'],0.07857370281696419,9.591359421666516,130.27037259429963,10.0
mp-2214664,MaterialsProject,Fe2Si2BiO9,FM,ground_truth,1.0,1.0,triclinic,['Bi'],0.07885944023809355,4.589957084215182,188.42627733367956,14.0
mp-769612,MaterialsProject,Li6Mn3P6WO24,FM,ground_truth,1.0,1.0,triclinic,['W'],0.07910182440626645,3.228855051760178,493.77582436857364,40.0
mp-1226126,MaterialsProject,CoRe2(MoS4)2,FM,ground_truth,1.0,44.0,orthorhombic,['Re'],0.07910887158808944,6.452859408731501,226.38872095889272,13.0
mp-1289779,MaterialsProject,Mn2FeReO6,FiM,ground_truth,1.0,4.0,monoclinic,['Re'],0.07996477903571453,6.584236150036387,225.9323932562641,20.0
mp-2895729,MaterialsProject,Li4Mn5P6WO24,FM,ground_truth,1.0,1.0,triclinic,['W'],0.07998909891666806,3.8694916812351683,453.22038299876505,40.0
mp-1224899,MaterialsProject,FeRe(PbO3)2,FiM,ground_truth,1.0,107.0,tetragonal,['Re'],0.08009710981696472,9.603897301799138,130.10030472860998,10.0
mp-752576,MaterialsProject,Li6Fe5WO12,FM,ground_truth,1.0,8.0,monoclinic,['W'],0.08033055062500072,4.847976817443819,238.63642977876768,24.0
JVASP-93517,JARVIS,Te2MoWS2,FM,predicted,0.42311964447630385,156.0,trigonal,['W'],0.08038,4.257,,6.0
mp-754685,MaterialsProject,Li4CrFe(WO6)2,FM,ground_truth,1.0,1.0,triclinic,['W'],0.08040040137846827,5.585210800290418,206.71307816109993,20.0
mp-774764,MaterialsProject,Li4Cr2TeWO12,FM,ground_truth,1.0,1.0,triclinic,['W'],0.08040968934722237,5.243595773210205,201.15130842789748,20.0
JVASP-160013,JARVIS,MnCu2Au,FM,predicted,0.8439857827228229,216.0,cubic,['Au'],0.08079,11.116,,4.0
mp-1103601,MaterialsProject,Fe2Si2BiO9,FM,ground_truth,1.0,8.0,monoclinic,['Bi'],0.08085671666666361,4.61002466628593,187.6060518341649,14.0
mp-1181596,MaterialsProject,Fe3Co(BiO3)4,FM,ground_truth,1.0,1.0,triclinic,['Bi'],0.08115216875000097,7.887979460534606,264.06652258569414,20.0
mp-2218623,MaterialsProject,MgTa2(FeO4)2,FM,ground_truth,1.0,8.0,monoclinic,['Ta'],0.08154378586540112,5.886647612671586,176.5534745160025,13.0
JVASP-28515,JARVIS,Te2MoW2S4,FM,predicted,0.43524917464540813,156.0,trigonal,['W'],0.08166,4.891,,9.0
mp-757643,MaterialsProject,Li6Ni3P6WO24,FM,ground_truth,1.0,1.0,triclinic,['W'],0.08183326478124808,3.388557027147535,476.0251319697732,40.0
mp-1219614,MaterialsProject,Re3NiO8,FiM,ground_truth,1.0,8.0,monoclinic,['Re'],0.08255508430555736,9.348447320802377,132.387300989242,12.0
mp-1173226,MaterialsProject,Sr3LaTa2(CoO6)2,FM,ground_truth,1.0,1.0,triclinic,['Ta'],0.08280823629165468,6.850060564796829,520.4691496756946,40.0
mp-1044069,MaterialsProject,LaZnFeWO6,FiM,ground_truth,1.0,7.0,monoclinic,['W'],0.08311035974999825,6.914716406482824,259.35531885292295,20.0
mp-1342876,MaterialsProject,CaMnIrO6,FiM,ground_truth,1.0,7.0,monoclinic,['Ir'],0.08423449462963095,6.065244355202776,209.84066873980143,18.0
mp-770860,MaterialsProject,Li4Mn2Fe3P6WO24,FM,ground_truth,1.0,1.0,triclinic,['W'],0.08438748703125398,3.58016104173122,491.1093618189523,40.0
JVASP-142365,JARVIS,TaCo3,FiM,predicted,0.7285237737478661,156.0,trigonal,['Ta'],0.08452,12.247,,12.0
mp-698580,MaterialsProject,Co7Re17O48,FiM,ground_truth,1.0,1.0,triclinic,['Re'],0.08455395870370452,9.052563365051574,797.2040595099764,72.0
mp-1221947,MaterialsProject,Mn4CoSb4Ir3,FiM,ground_truth,1.0,160.0,trigonal,['Ir'],0.0850578027083344,10.11260073997254,220.42484156145542,12.0
mp-754090,MaterialsProject,Li4Fe2TeWO12,FM,ground_truth,1.0,1.0,triclinic,['W'],0.08507909945000236,5.161507472025218,206.8269113391573,20.0
mp-1345521,MaterialsProject,Ca3Ta2Mn2O12,FM,ground_truth,1.0,6.0,monoclinic,['Ta'],0.08563409159148883,5.712469476997369,227.89800340251975,19.0
mp-743579,MaterialsProject,SrCoBiRuO6,FM,ground_truth,1.0,7.0,monoclinic,['Bi'],0.08565112199999714,7.237462964063187,253.5733545688055,20.0
mp-774932,MaterialsProject,Li2FeWO6,FM,ground_truth,1.0,146.0,trigonal,['W'],0.08637663424999609,5.595654210676422,103.7347307231733,10.0
mp-771478,MaterialsProject,Mn3Fe2P6WO24,FM,ground_truth,1.0,146.0,trigonal,['W'],0.08646326045139574,3.6392879675968817,470.0483662529541,36.0
mp-775601,MaterialsProject,Li5Mn3Bi2(PO4)6,FM,ground_truth,1.0,1.0,triclinic,['Bi'],0.08688778399999464,3.8503912978640353,512.0444510698578,40.0
mp-1278885,MaterialsProject,Mn3ReO6,FiM,ground_truth,1.0,4.0,monoclinic,['Re'],0.08692295503571401,6.472121431634095,229.38076462276706,20.0
mp-1224924,MaterialsProject,FeRe2(MoS4)2,FM,ground_truth,1.0,44.0,orthorhombic,['Re'],0.08725535240384552,6.357895929168047,228.963565279815,13.0
mp-774930,MaterialsProject,Li4Fe5P6WO24,FM,ground_truth,1.0,1.0,triclinic,['W'],0.08835411381250324,3.6346289718145375,484.5783947947002,40.0
mp-1044171,MaterialsProject,ZnNiP2WO9,FM,ground_truth,1.0,19.0,orthorhombic,['W'],0.08906152851190985,4.731866507800388,721.3435354599859,56.0
mp-1301722,MaterialsProject,Ca3Fe2(WO6)2,FM,ground_truth,1.0,160.0,trigonal,['W'],0.08912061684210748,5.428015771484652,242.16536365599393,19.0
mp-758580,MaterialsProject,V2Fe3P6WO24,FM,ground_truth,1.0,146.0,trigonal,['W'],0.08915220500000665,3.7168136623817416,457.0782163960203,36.0
mp-2216232,MaterialsProject,MgCr4Hg4(H2O9)2,FM,ground_truth,1.0,5.0,monoclinic,['Hg'],0.08949539645161675,4.8179698836467955,457.24402965563684,31.0
mp-1520073,MaterialsProject,SrCaFeBiO6,FM,ground_truth,1.0,216.0,cubic,['Bi'],0.08949794314999693,5.945669861463925,136.43647103562049,10.0
mp-1221791,MaterialsProject,Mn2Sb2PtAu,FM,ground_truth,1.0,160.0,trigonal,"['Au', 'Pt']",0.08950428010057276,9.671892299586098,127.98356957700582,6.0
mp-759588,MaterialsProject,Cr(Bi7O12)2,FiM,ground_truth,1.0,5.0,monoclinic,['Bi'],0.08954583948717776,8.413115122758237,663.5171667653857,39.0
mp-1028078,MaterialsProject,Mg14MnBi,FM,ground_truth,1.0,38.0,orthorhombic,['Bi'],0.08969099684806014,2.775528194827222,361.47300531204905,16.0
mp-863412,MaterialsProject,Ta8Cr3O24,FM,ground_truth,1.0,44.0,orthorhombic,['Ta'],0.08973853171426782,7.785144557575743,423.9376579541405,35.0
mp-1218037,MaterialsProject,Ta3Fe8Si,FiM,ground_truth,1.0,156.0,trigonal,['Ta'],0.09000277440476623,11.0740863397183,152.6006322458005,12.0
mp-771171,MaterialsProject,Li7Fe3(WO8)2,FM,ground_truth,1.0,8.0,monoclinic,['W'],0.0910794486190456,4.756765065973579,293.1631204486813,28.0
mp-755727,MaterialsProject,Li4MnV2WO12,FM,ground_truth,1.0,1.0,triclinic,['W'],0.09124325136250722,4.681064083909461,397.6000797516327,40.0
mp-1028071,MaterialsProject,Mg14MnBi,FM,ground_truth,1.0,187.0,hexagonal,['Bi'],0.09187164747305987,2.773248938742505,361.7700899103008,16.0
mp-1516715,MaterialsProject,BaCaMnWO6,FM,ground_truth,1.0,216.0,cubic,['W'],0.0918925902499712,6.136665097280533,138.5922101398623,10.0
mp-1516349,MaterialsProject,SrEuNiWO6,FM,ground_truth,1.0,216.0,cubic,['W'],0.09197194024999078,7.512355152434643,127.7868966126671,10.0
mp-25291,MaterialsProject,LiNi(WO4)2,FM,ground_truth,1.0,1.0,triclinic,['W'],0.09211212734374463,6.634860473007753,140.48170633757474,12.0
JVASP-57097,JARVIS,FeBiO3,FM,predicted,0.7767362370490829,8.0,monoclinic,['Bi'],0.09224,7.355,,5.0
mp-1517390,MaterialsProject,BaSrNiBiO6,FM,ground_truth,1.0,216.0,cubic,['Bi'],0.09255826015000057,6.877077066910919,142.12751256506428,10.0
mp-1228027,MaterialsProject,Ba3Co2WO9,FM,ground_truth,1.0,186.0,hexagonal,['W'],0.0928549676666739,6.681698014296546,426.3031493062755,30.0
mp-1218840,MaterialsProject,Sr2FeBiPbO6,FM,ground_truth,1.0,107.0,tetragonal,['Bi'],0.09378152619317781,7.164417148982882,172.27015564148468,11.0
mp-1219081,MaterialsProject,Ta5CrNiS10,FiM,ground_truth,1.0,156.0,trigonal,['Ta'],0.09448874500473714,7.369252802927964,602.1265037150456,34.0
mp-1519427,MaterialsProject,BaCaFeBiO6,FM,ground_truth,1.0,216.0,cubic,['Bi'],0.09461198099999546,6.332166550129589,141.1438916308195,10.0
mp-758476,MaterialsProject,V3Co2P6WO24,FM,ground_truth,1.0,146.0,trigonal,['W'],0.09529836593364216,3.6696873864101223,463.5240182453902,36.0
mp-2218825,MaterialsProject,MgTa2(FeO4)2,FM,ground_truth,1.0,1.0,triclinic,['Ta'],0.09532153355770845,6.190820384684536,167.87889563710218,13.0
mp-1120814,MaterialsProject,NaMn2BiO6,FM,ground_truth,1.0,146.0,trigonal,['Bi'],0.09544650775000285,6.343523601713687,114.61372061071164,10.0
mp-1239223,MaterialsProject,TaCr3(CuS4)2,FM,ground_truth,1.0,6.0,monoclinic,['Ta'],0.09612850750000046,5.1271878352821165,233.36348157476166,14.0
mp-25289,MaterialsProject,LiCo(WO4)2,FM,ground_truth,1.0,1.0,triclinic,['W'],0.09684914982639192,6.718014696723529,138.802124082978,12.0
mp-773181,MaterialsProject,Cr3WO8,FiM,ground_truth,1.0,186.0,hexagonal,['W'],0.09714386833333322,5.442101336071999,285.4923681629209,24.0
mp-1520083,MaterialsProject,SrCaMnWO6,FM,ground_truth,1.0,216.0,cubic,['W'],0.09784180525000075,5.749499313791208,133.56877204583378,10.0
JVASP-105510,JARVIS,FeCoPt2,FM,predicted,0.8633280701691358,160.0,trigonal,['Pt'],0.09879,15.604,,4.0
magndata-0.832,MAGNDATA,CeAuGe,FM,ground_truth,1.0,36.0,orthorhombic,['Au'],,10.066206384824335,270.35421577227805,12.0
magndata-0.1152,MAGNDATA,Bi2CoO2F4,FiM,ground_truth,1.0,29.0,orthorhombic,['Bi'],,7.877279234126529,482.28549024908,36.0
2dm-5241,2DMatPedia,MnBiS2Cl,FM,predicted,0.9666755821145833,26.0,orthorhombic,['Bi'],,,,
2dm-6108,2DMatPedia,HgBi,FM,predicted,0.9255375779017742,156.0,trigonal,"['Bi', 'Hg']",,,,
aflow:308633df34af2f27,AFLOW,Fe2Pt1Se1,FM,predicted,0.9252939853220691,216.0,cubic,['Pt'],,,,
2dm-2209,2DMatPedia,HgSe,FM,predicted,0.9237751199706575,156.0,trigonal,['Hg'],,,,
2dm-2922,2DMatPedia,HgTe,FM,predicted,0.9199630831639523,156.0,trigonal,['Hg'],,,,
aflow:e2bdd23f2bceb593,AFLOW,Fe1Pt2Se1,FM,predicted,0.9194047208533915,216.0,cubic,['Pt'],,,,
nomad---TU0tNrbpNc_endrG1x1B5O9-4n,NOMAD,Cl2HgMn,FM,predicted,0.9184745520621503,99.0,tetragonal,['Hg'],,,,
aflow:4ed4234bf7a26131,AFLOW,Fe2Pt1Te1,FM,predicted,0.9181037196649073,216.0,cubic,['Pt'],,,,
aflow:0cf1506b4ad6797d,AFLOW,Fe1Nb1Ta2,FiM,predicted,0.9176388661975574,216.0,cubic,['Ta'],,,,
2dm-2919,2DMatPedia,HgSe,FM,predicted,0.9171376900233085,156.0,trigonal,['Hg'],,,,
aflow:c2a5671731157ac3,AFLOW,Fe2Nb1Ta1,FiM,predicted,0.9168336779397718,216.0,cubic,['Ta'],,,,
aflow:772b6395e35e54c6,AFLOW,Fe1Nb2Ta1,FiM,predicted,0.9138256689309423,216.0,cubic,['Ta'],,,,
aflow:26d74a10904adaec,AFLOW,Fe2Ga1Pt1,FM,predicted,0.9116985478709727,216.0,cubic,['Pt'],,,,
aflow:ebbb3bced57fc6bf,AFLOW,Fe1Hg1Ni2,FM,predicted,0.9113494605628194,216.0,cubic,['Hg'],,,,
aflow:fb0a8360507c3c75,AFLOW,Fe2Hg1Ni1,FM,predicted,0.9108955625845423,216.0,cubic,['Hg'],,,,
aflow:35619b063d8e3263,AFLOW,Fe1Pt2Si1,FM,predicted,0.9079665316203691,216.0,cubic,['Pt'],,,,
2dm-3281,2DMatPedia,ZnBi,FM,predicted,0.9036599973518562,156.0,trigonal,['Bi'],,,,
aflow:2ffde887432bf0f1,AFLOW,Fe1Mn1Ta2,FiM,predicted,0.9011144678060108,216.0,cubic,['Ta'],,,,
aflow:802c8328fba8d8a7,AFLOW,Fe1Ga1Pt2,FM,predicted,0.9009526726916585,216.0,cubic,['Pt'],,,,
2dm-4270,2DMatPedia,TaSe2,FM,predicted,0.9000548850780007,187.0,hexagonal,['Ta'],,,,
aflow:3291344e4312311d,AFLOW,Fe2P1Pt1,FM,predicted,0.8958678610637437,216.0,cubic,['Pt'],,,,
aflow:993f238b5271eef3,AFLOW,Fe1Ta2Ti1,FiM,predicted,0.8945768274225672,216.0,cubic,['Ta'],,,,
aflow:e244519c564040d6,AFLOW,Fe2Ga1Hg1,FM,predicted,0.8911241969279714,216.0,cubic,['Hg'],,,,
aflow:d4995179f42cffd5,AFLOW,Fe2Pt1Si1,FM,predicted,0.89015975455404,216.0,cubic,['Pt'],,,,
2dm-2556,2DMatPedia,AuCl2,FM,predicted,0.8884187074703956,115.0,tetragonal,['Au'],,,,
aflow:055425a31e3eb9ef,AFLOW,Fe2Ta1Y1,FiM,predicted,0.8850311581435152,216.0,cubic,['Ta'],,,,
aflow:24163a3fcb2b0c3d,AFLOW,Fe2Pt1Sb1,FM,predicted,0.8838679547788996,216.0,cubic,['Pt'],,,,
2dm-5187,2DMatPedia,TiZn(BiO3)2,FM,predicted,0.8831786647494451,99.0,tetragonal,['Bi'],,,,
aflow:54305c555557d633,AFLOW,Fe1Mn2Ta1,FiM,predicted,0.8820169280244403,216.0,cubic,['Ta'],,,,
aflow:f32014bde71cbad4,AFLOW,Fe1Hg1Rh2,FM,predicted,0.8778719620265946,216.0,cubic,['Hg'],,,,
aflow:e84df8a6b32d8b6e,AFLOW,Fe1Ta2V1,FiM,predicted,0.8777231441250164,216.0,cubic,['Ta'],,,,
aflow:07931da0ae15a505,AFLOW,Fe2Hf1Ta1,FiM,predicted,0.8748404648500264,216.0,cubic,['Ta'],,,,
aflow:35c1354bfe48d3f2,AFLOW,Fe2Pt1Sn1,FM,predicted,0.8736631658616324,216.0,cubic,['Pt'],,,,
2dm-4930,2DMatPedia,FeBiO3,FM,predicted,0.8731832801139084,1.0,triclinic,['Bi'],,,,
aflow:90f58d6099b5cec2,AFLOW,Fe1Pt2Sn1,FM,predicted,0.8703945256490451,216.0,cubic,['Pt'],,,,
aflow:9ed4d1e88e7ae041,AFLOW,Fe4Pt4Sb4,FM,predicted,0.8695677419084936,198.0,cubic,['Pt'],,,,
aflow:00af0681e4303f6f,AFLOW,Fe1Ta2Zn1,FiM,predicted,0.8682576495856059,216.0,cubic,['Ta'],,,,
2dm-2678,2DMatPedia,AuF2,FM,predicted,0.8675770724765602,115.0,tetragonal,['Au'],,,,
aflow:1c07465c635b7312,AFLOW,Fe2Ir1Se1,FM,predicted,0.8673197937077968,216.0,cubic,['Ir'],,,,
aflow:4dc50f831788131c,AFLOW,Fe1Ta1Zn2,FiM,predicted,0.866360897989176,216.0,cubic,['Ta'],,,,
aflow:1b0bf0a7b04b232f,AFLOW,Fe2Hg1Rh1,FM,predicted,0.8663028396409593,216.0,cubic,['Hg'],,,,
aflow:310a96994cbd0d4f,AFLOW,Fe1Pt2Te1,FM,predicted,0.8659893153431254,216.0,cubic,['Pt'],,,,
2dm-6221,2DMatPedia,CdBi,FM,predicted,0.8642745669545298,156.0,trigonal,['Bi'],,,,
aflow:14b0d98c140eede4,AFLOW,Fe2Ta1Zn1,FiM,predicted,0.8635741841809419,216.0,cubic,['Ta'],,,,
nomad---bBnT4iSTqpFw2hvyxsP13_Zvf0,NOMAD,BiFeSb,FM,predicted,0.8619141399297299,216.0,cubic,['Bi'],,,,
aflow:426a8d8d4d25e458,AFLOW,Fe1Hf1Ta2,FiM,predicted,0.8609556590670071,216.0,cubic,['Ta'],,,,
aflow:0b5a22aa0d39a5f3,AFLOW,Fe1Hf2Ta1,FiM,predicted,0.8608911995169932,216.0,cubic,['Ta'],,,,
nomad---PGfCSpH5mz13LqFR8f4plJk-Q4,NOMAD,As2BiFe,FM,predicted,0.8603339278910312,119.0,tetragonal,['Bi'],,,,
2dm-6279,2DMatPedia,HgAs,FM,predicted,0.8601729040276123,187.0,hexagonal,['Hg'],,,,
aflow:9fc422c2abea852f,AFLOW,Fe1Ni1Pt2,FM,predicted,0.8594284049425372,216.0,cubic,['Pt'],,,,
2dm-4855,2DMatPedia,FeBiSbS4,FM,predicted,0.8577701115978542,26.0,orthorhombic,['Bi'],,,,
aflow:1188084a912c62a4,AFLOW,Fe1Hg2Ni1,FM,predicted,0.8560773439975299,216.0,cubic,['Hg'],,,,
aflow:97503dc762c13b51,AFLOW,Fe1Ta2Zr1,FiM,predicted,0.8510218125180348,216.0,cubic,['Ta'],,,,
2dm-2485,2DMatPedia,Ca2Bi,FM,predicted,0.850791302119859,25.0,orthorhombic,['Bi'],,,,
2dm-6001,2DMatPedia,CaBi,FM,predicted,0.850791302119859,25.0,orthorhombic,['Bi'],,,,
aflow:23d60f6ba3b12d5a,AFLOW,Fe1Ge1Hg2,FM,predicted,0.8500682062451531,216.0,cubic,['Hg'],,,,
aflow:886cfa4688b18ad3,AFLOW,Fe1Ni2Pt1,FM,predicted,0.8464003983859418,216.0,cubic,['Pt'],,,,
aflow:3651662af23ee4d5,AFLOW,Fe2Ta1V1,FiM,predicted,0.8460637881017039,216.0,cubic,['Ta'],,,,
aflow:ac3c5658af6c71f1,AFLOW,Fe2Ni1Pt1,FM,predicted,0.845446964211315,216.0,cubic,['Pt'],,,,
2dm-5244,2DMatPedia,Cu(BiO2)2,FM,predicted,0.8449707494998449,90.0,tetragonal,['Bi'],,,,
aflow:b120ca476a888ad3,AFLOW,Fe1Ta2Y1,FiM,predicted,0.8374791385940283,216.0,cubic,['Ta'],,,,
2dm-912,2DMatPedia,Ta3Br8,FM,predicted,0.836201881873407,156.0,trigonal,['Ta'],,,,
aflow:93e44e5132318e0a,AFLOW,Fe1Ga1Hg2,FM,predicted,0.8349324688517012,216.0,cubic,['Hg'],,,,
aflow:1535b03581d67574,AFLOW,Fe1Hg2Se1,FM,predicted,0.8340783269489,216.0,cubic,['Hg'],,,,
2dm-4481,2DMatPedia,W3Se2ClO8,FM,predicted,0.8336397212975983,6.0,monoclinic,['W'],,,,
2dm-5042,2DMatPedia,EuIn2Au,FM,predicted,0.832085926593769,6.0,monoclinic,['Au'],,,,
aflow:6942d07941beb883,AFLOW,Fe1Hg2Sn1,FM,predicted,0.8319335666751629,216.0,cubic,['Hg'],,,,
aflow:34c1e89fdf335bfd,AFLOW,Fe2Pd1Pt1,FM,predicted,0.8314309105766658,216.0,cubic,['Pt'],,,,
nomad---IDHAsYNVHFr6vRtPMMXBVKZrpI,NOMAD,Co4GaPt,FM,predicted,0.830227079158667,216.0,cubic,['Pt'],,,,
aflow:74fce0367747294f,AFLOW,Fe2Hg1Tc1,FM,predicted,0.830070279272211,216.0,cubic,['Hg'],,,,
aflow:2d6333d596121996,AFLOW,Fe1Pd2Pt1,FM,predicted,0.8268815082364319,216.0,cubic,['Pt'],,,,
2dm-6402,2DMatPedia,GaBi,FM,predicted,0.8261866415416965,187.0,hexagonal,['Bi'],,,,
aflow:9c14d1b523643aeb,AFLOW,Fe2Os1Se1,FM,predicted,0.8247742868320288,216.0,cubic,['Os'],,,,
aflow:4778bcb53511fb92,AFLOW,Fe1Hg2Rh1,FM,predicted,0.8246790901805429,216.0,cubic,['Hg'],,,,
2dm-6396,2DMatPedia,AlBi,FM,predicted,0.8245099813026091,187.0,hexagonal,['Bi'],,,,
aflow:070032f939c4dd41,AFLOW,Fe1Os2Se1,FM,predicted,0.8243320765013706,216.0,cubic,['Os'],,,,
aflow:83463f14e23eaf91,AFLOW,Fe1Hg2In1,FM,predicted,0.8236581531514711,216.0,cubic,['Hg'],,,,
2dm-2595,2DMatPedia,Ge3Ir,FM,predicted,0.8225124487258286,187.0,hexagonal,['Ir'],,,,
aflow:741729c8cba8faf7,AFLOW,Fe1Hg1Pd2,FM,predicted,0.8210432141758854,216.0,cubic,['Hg'],,,,
aflow:c910ca9e7cb600aa,AFLOW,Fe2Hg1Si1,FM,predicted,0.8210246295622905,216.0,cubic,['Hg'],,,,
aflow:46a66834e75e5c4b,AFLOW,Fe1Ga1Ir2,FM,predicted,0.8207602624456235,216.0,cubic,['Ir'],,,,
aflow:06ce6e36e05cd2d0,AFLOW,Fe2Hg1Pd1,FM,predicted,0.8202738674125268,216.0,cubic,['Hg'],,,,
aflow:afc6bf618fd1ee90,AFLOW,Fe2Hg1P1,FM,predicted,0.8184598400870624,216.0,cubic,['Hg'],,,,
2dm-2737,2DMatPedia,Ta2O3,FM,predicted,0.8162427529013955,42.0,orthorhombic,['Ta'],,,,
aflow:3bf702b89be09a23,AFLOW,Fe2Ga1Ir1,FM,predicted,0.815078595790831,216.0,cubic,['Ir'],,,,
aflow:d20b6e49c0b12f56,AFLOW,Fe1Ta1Y2,FiM,predicted,0.8148144547047051,216.0,cubic,['Ta'],,,,
aflow:5d33619f304426bc,AFLOW,Fe2Pt1Rh1,FM,predicted,0.8130619036616046,216.0,cubic,['Pt'],,,,
aflow:4266ac1ebefa9530,AFLOW,Fe1Ir2P1,FM,predicted,0.8128789378958626,216.0,cubic,['Ir'],,,,
aflow:0791b3e88f43eac9,AFLOW,Fe2Hg1Pt1,FM,predicted,0.8113993871650169,216.0,cubic,"['Hg', 'Pt']",,,,
aflow:06053ef162582c10,AFLOW,Fe1Hg2Te1,FM,predicted,0.8108391507446214,216.0,cubic,['Hg'],,,,
aflow:698e030f1a8cecd9,AFLOW,Fe2Ir1P1,FM,predicted,0.8101786903729651,216.0,cubic,['Ir'],,,,
aflow:dcab34eb6d3e76fd,AFLOW,Fe1Re2Ta1,FiM,predicted,0.809044570807437,216.0,cubic,"['Re', 'Ta']",,,,
aflow:7213ea0a13770faf,AFLOW,Fe1Hg1Ru2,FM,predicted,0.8078016802100636,216.0,cubic,['Hg'],,,,
aflow:742b2bbdf4a7c1ae,AFLOW,Fe1Hg2Pb1,FM,predicted,0.8062373815871693,216.0,cubic,['Hg'],,,,
aflow:2471cb2fc5f00f91,AFLOW,Fe1Ge1Re2,FM,predicted,0.8061913206632336,216.0,cubic,['Re'],,,,
2dm-5065,2DMatPedia,Sr2Cu2WO7,FM,predicted,0.8049836392840386,6.0,monoclinic,['W'],,,,
aflow:6654c208ddf52a23,AFLOW,Fe2Hg1In1,FM,predicted,0.8047778717012412,216.0,cubic,['Hg'],,,,
aflow:efc18ed258b94d80,AFLOW,Fe1Pt2Sb1,FM,predicted,0.8046932725162937,216.0,cubic,['Pt'],,,,
aflow:502c549b7ef3314f,AFLOW,Fe1Pt2Rh1,FM,predicted,0.803603120162727,216.0,cubic,['Pt'],,,,
aflow:a34d5bc34db164e3,AFLOW,Fe1Re1Ta2,FiM,predicted,0.8029557633752585,216.0,cubic,"['Re', 'Ta']",,,,
2dm-4670,2DMatPedia,Sr2Cu2BiO7,FM,predicted,0.8020196486116203,26.0,orthorhombic,['Bi'],,,,
aflow:e9d95b66e4b6ed38,AFLOW,Fe1Re2Se1,FM,predicted,0.8003458342438783,216.0,cubic,['Re'],,,,
nomad---bEUtWlJ9xkYbYb01ByTLxrGnxd,NOMAD,AsCo2Pt,FM,predicted,0.7994431001217042,44.0,orthorhombic,['Pt'],,,,
nomad---YuRtBwKo9vsNuHEzFDmV2WDHeq,NOMAD,Au2CrIr,FM,predicted,0.7993658954453075,119.0,tetragonal,"['Au', 'Ir']",,,,
aflow:febca81be29aa3e2,AFLOW,Fe1Re2Y1,FiM,predicted,0.7990607787006176,216.0,cubic,['Re'],,,,
2dm-1354,2DMatPedia,Ta3I8,FM,predicted,0.7989003868246132,156.0,trigonal,['Ta'],,,,
aflow:e35ba74e33ca33b5,AFLOW,Fe1Hg1Zn2,FM,predicted,0.7988362586994062,216.0,cubic,['Hg'],,,,
2dm-2212,2DMatPedia,Be2Bi,FM,predicted,0.7966927727135361,115.0,tetragonal,['Bi'],,,,
aflow:970ac8989c6df18a,AFLOW,Fe2Se1W1,FM,predicted,0.7955255053012276,216.0,cubic,['W'],,,,
aflow:e4cb125ddedd0531,AFLOW,Fe2In1Ta1,FiM,predicted,0.7931934978413593,216.0,cubic,['Ta'],,,,
aflow:b17c99a7edaa1c8c,AFLOW,Fe2Re1Se1,FM,predicted,0.7928172838955299,216.0,cubic,['Re'],,,,
nomad---I0BczaV3_77z4Jiwb0UmEW_5m9,NOMAD,AlCrPt2,FM,predicted,0.7927905404208236,99.0,tetragonal,['Pt'],,,,
2dm-3254,2DMatPedia,FeBiO3,FM,predicted,0.7908666170216391,99.0,tetragonal,['Bi'],,,,
aflow:60b793d5471f359d,AFLOW,Fe2In1Pt1,FM,predicted,0.7892339163279104,216.0,cubic,['Pt'],,,,
aflow:948c999f7bb0b4a1,AFLOW,Fe2Hg1Zn1,FM,predicted,0.7890868058162865,216.0,cubic,['Hg'],,,,
aflow:36d3fbc77aa71499,AFLOW,Fe2Mg1Ta1,FiM,predicted,0.7889114293542163,216.0,cubic,['Ta'],,,,
2dm-1533,2DMatPedia,Ba5Ir,FM,predicted,0.7870232764829572,26.0,orthorhombic,['Ir'],,,,
aflow:a26c759dfd192dad,AFLOW,Fe2La1Ta1,FiM,predicted,0.7848628030098428,216.0,cubic,['Ta'],,,,
aflow:d6afd9fd3af3e069,AFLOW,Fe1Pt1Zn2,FM,predicted,0.78485554080488,216.0,cubic,['Pt'],,,,
aflow:b80c530e2d3abbc2,AFLOW,Fe1Hg1Ir2,FM,predicted,0.7843643230477145,216.0,cubic,"['Hg', 'Ir']",,,,
aflow:6c9a23ac9b591c10,AFLOW,Fe2Hg1Ir1,FM,predicted,0.7842900502604578,216.0,cubic,"['Hg', 'Ir']",,,,
aflow:08791301a90f38c7,AFLOW,Fe1In1Pt2,FM,predicted,0.7838878484924408,216.0,cubic,['Pt'],,,,
aflow:985455375045e4f7,AFLOW,Fe1In1Ta2,FiM,predicted,0.7837957905301552,216.0,cubic,['Ta'],,,,
aflow:d3b99bcea1da61d0,AFLOW,Fe2Re1Ta1,FiM,predicted,0.7831326002361804,216.0,cubic,"['Re', 'Ta']",,,,
2dm-4711,2DMatPedia,LiWCl6,FM,predicted,0.7830520938699203,143.0,trigonal,['W'],,,,
2dm-5349,2DMatPedia,AgIrF7,FM,predicted,0.7819251633277796,26.0,orthorhombic,['Ir'],,,,
aflow:7f2707d5a08c149b,AFLOW,Fe2Os1Pb1,FM,predicted,0.7784759516519518,216.0,cubic,['Os'],,,,
2dm-4496,2DMatPedia,Ba2Tl2W3O10,FM,predicted,0.7773742620306245,3.0,monoclinic,['W'],,,,
aflow:eac03042c42f6d40,AFLOW,Fe2Ir1Te1,FM,predicted,0.7768470684734955,216.0,cubic,['Ir'],,,,
aflow:97378c305c4687de,AFLOW,Fe2Ir1Si1,FM,predicted,0.7751949830544705,216.0,cubic,['Ir'],,,,
aflow:e3e16a1fbeee3ac6,AFLOW,Fe2Sc1Ta1,FiM,predicted,0.7736919965252794,216.0,cubic,['Ta'],,,,
aflow:ee2a07229d2bc88e,AFLOW,Fe2Re1Y1,FiM,predicted,0.7729014180734117,216.0,cubic,['Re'],,,,
aflow:696bad4399945b30,AFLOW,Fe2Hg1Sn1,FM,predicted,0.7721937522618126,216.0,cubic,['Hg'],,,,
2dm-4532,2DMatPedia,CoBiO3,FM,predicted,0.7721597091194571,99.0,tetragonal,['Bi'],,,,
aflow:2b6ecad69f80649b,AFLOW,Fe1Re1Y2,FiM,predicted,0.772027714156856,216.0,cubic,['Re'],,,,
nomad---L8qPTb9hOHcqz3cST5dDXCZS5m,NOMAD,CoIrLi2,FM,predicted,0.7714683754450963,35.0,orthorhombic,['Ir'],,,,
2dm-6345,2DMatPedia,KBi3,FM,predicted,0.7697644349259087,187.0,hexagonal,['Bi'],,,,
aflow:8b0af9000b352a24,AFLOW,Fe1Mg1Ta2,FiM,predicted,0.7690876961021046,216.0,cubic,['Ta'],,,,
aflow:f89256002ef87704,AFLOW,Fe1Nb2Re1,FiM,predicted,0.7690385346164759,216.0,cubic,['Re'],,,,
aflow:88f68997cfc0034e,AFLOW,Fe1Pt2Zn1,FM,predicted,0.7688361041463369,216.0,cubic,['Pt'],,,,
aflow:a166fe37e15a59fb,AFLOW,Fe1Sn1Ta2,FiM,predicted,0.7671655453702825,216.0,cubic,['Ta'],,,,
aflow:343e8edac0685acd,AFLOW,Fe1Ga1Re2,FM,predicted,0.7652188218043554,216.0,cubic,['Re'],,,,
aflow:4dda5f8b9bee6d50,AFLOW,Fe1Hg2Tc1,FM,predicted,0.7632565397983578,216.0,cubic,['Hg'],,,,
aflow:e7de535a44d82003,AFLOW,Fe2Mn1Re1,FiM,predicted,0.7632000194448689,216.0,cubic,['Re'],,,,
aflow:6b640fcf1d594033,AFLOW,Fe2Ir1Pb1,FM,predicted,0.7622123152406948,216.0,cubic,['Ir'],,,,
aflow:6cccff57fe42b794,AFLOW,Fe2Te1W1,FM,predicted,0.7609677225122922,216.0,cubic,['W'],,,,
aflow:56903f5a25a71ba6,AFLOW,Fe1Sc1Ta2,FiM,predicted,0.7605383218586662,216.0,cubic,['Ta'],,,,
aflow:a7175e060395fdaa,AFLOW,Fe2Hg1Sb1,FM,predicted,0.7595209623391821,216.0,cubic,['Hg'],,,,
2dm-5917,2DMatPedia,RbBiF4,FM,predicted,0.7562618577498722,1.0,triclinic,['Bi'],,,,
nomad---P25-V9vR6ggRABcDy6JO-7zBqZ,NOMAD,MnReYZn,FiM,predicted,0.7550672420666203,216.0,cubic,['Re'],,,,
aflow:58b9970285f23508,AFLOW,Fe1Te1W2,FM,predicted,0.7535242640894516,216.0,cubic,['W'],,,,
2dm-1638,2DMatPedia,PtS,FM,predicted,0.7534631259927084,156.0,trigonal,['Pt'],,,,
2dm-935,2DMatPedia,Ta3Cl8,FM,predicted,0.7516774981780102,156.0,trigonal,['Ta'],,,,
aflow:7ff1d6750e9c1737,AFLOW,Fe1Hg1Re2,FM,predicted,0.7506510362727643,216.0,cubic,"['Hg', 'Re']",,,,
aflow:f270c18def2a4faf,AFLOW,Fe2Pb1Re1,FM,predicted,0.7504710344038885,216.0,cubic,['Re'],,,,
aflow:c4edf18790e60a2a,AFLOW,Fe1Ga1Os2,FM,predicted,0.7500351599134074,216.0,cubic,['Os'],,,,
aflow:766f5945b314571c,AFLOW,Fe1Hg1Pt2,FM,predicted,0.749479204749615,216.0,cubic,"['Hg', 'Pt']",,,,
aflow:633464f0e1703785,AFLOW,Fe2Hg1Re1,FM,predicted,0.7476951561705971,216.0,cubic,"['Hg', 'Re']",,,,
aflow:f7920f6b0e26e3c7,AFLOW,Fe1Pb1Re2,FM,predicted,0.7467294084298771,216.0,cubic,['Re'],,,,
aflow:da57c33c1ad016a1,AFLOW,Fe1Hg2Pd1,FM,predicted,0.7462387235140602,216.0,cubic,['Hg'],,,,
aflow:4444c76a68d3e384,AFLOW,Fe1Hg2Pt1,FM,predicted,0.7450040206143714,216.0,cubic,"['Hg', 'Pt']",,,,
aflow:a92b05efdb7421d3,AFLOW,Fe2Pt1Zn1,FM,predicted,0.7428652692263694,216.0,cubic,['Pt'],,,,
aflow:852e841244f7e4ad,AFLOW,Fe2Hg1Os1,FM,predicted,0.7425481040756501,216.0,cubic,"['Hg', 'Os']",,,,
2dm-1238,2DMatPedia,Re3Br8,FM,predicted,0.7424811461787454,5.0,monoclinic,['Re'],,,,
aflow:1e3f38461325663f,AFLOW,Fe1Ir2Sb1,FM,predicted,0.7417561315764152,216.0,cubic,['Ir'],,,,
aflow:187eb63459c9ec66,AFLOW,Fe1P1W2,FM,predicted,0.7411468721114768,216.0,cubic,['W'],,,,
aflow:7c4cf9d1196d83f1,AFLOW,Fe1Os2Te1,FM,predicted,0.7407579965654902,216.0,cubic,['Os'],,,,
aflow:574ee07cd4bcd176,AFLOW,Fe2Re1Si1,FM,predicted,0.7395647103388072,216.0,cubic,['Re'],,,,
2dm-5127,2DMatPedia,WO3,FM,predicted,0.7391695010662449,187.0,hexagonal,['W'],,,,
aflow:4315ea23ec50b6c2,AFLOW,Fe2Ir1Ta1,FiM,predicted,0.736249172337299,216.0,cubic,"['Ir', 'Ta']",,,,
2dm-2670,2DMatPedia,TaI4,FM,predicted,0.7349312492570952,7.0,monoclinic,['Ta'],,,,
aflow:890b080db04ec88d,AFLOW,Fe1Hg1Os2,FM,predicted,0.7345917642766174,216.0,cubic,"['Hg', 'Os']",,,,
aflow:4a70260b63dfa921,AFLOW,Fe2Ga1Os1,FM,predicted,0.734430191019634,216.0,cubic,['Os'],,,,
aflow:ceb8fd0c8769dcfd,AFLOW,Fe1Ir2Ta1,FiM,predicted,0.733858869517156,216.0,cubic,"['Ir', 'Ta']",,,,
aflow:0ef3799e785c0240,AFLOW,Fe2Ta1Tc1,FiM,predicted,0.7336087612302421,216.0,cubic,['Ta'],,,,
aflow:b5f1de8cb31be43c,AFLOW,Fe2Ir1Sb1,FM,predicted,0.7319736649927252,216.0,cubic,['Ir'],,,,
aflow:3fa71c6140f476b3,AFLOW,Fe1Ir1Pt2,FM,predicted,0.7309774219528188,216.0,cubic,"['Ir', 'Pt']",,,,
aflow:21c7ae67f97f97af,AFLOW,Fe1Hf2Re1,FiM,predicted,0.729937307204199,216.0,cubic,['Re'],,,,
2dm-2338,2DMatPedia,Ta2Br5,FM,predicted,0.7287054642511512,8.0,monoclinic,['Ta'],,,,
aflow:0ab70f676d57871e,AFLOW,Fe2Ga1W1,FM,predicted,0.7285696363976434,216.0,cubic,['W'],,,,
aflow:9e20b637ac3cafa7,AFLOW,Fe2Ge1W1,FM,predicted,0.7278385132659164,216.0,cubic,['W'],,,,
aflow:9786a646872b6ed8,AFLOW,Fe1Mo2Re1,FiM,predicted,0.7277499166370838,216.0,cubic,['Re'],,,,
aflow:d5d814d1f86e738a,AFLOW,Fe1Si1W2,FM,predicted,0.7259857137993199,216.0,cubic,['W'],,,,
nomad---HyPwbNeq0oEOUnp573TtanWSx4,NOMAD,BiCoCuMo,FM,predicted,0.7256695046697365,216.0,cubic,['Bi'],,,,
2dm-4020,2DMatPedia,Zn2W2O5,FM,predicted,0.7243791328887199,6.0,monoclinic,['W'],,,,
aflow:43ff33a9c31b8320,AFLOW,Fe2Mo1Ta1,FiM,predicted,0.724291290650693,216.0,cubic,['Ta'],,,,
aflow:85176da375bfa08f,AFLOW,Fe1Ta2Tc1,FiM,predicted,0.7234620753341745,216.0,cubic,['Ta'],,,,
aflow:6917c734d7fa28c4,AFLOW,Fe2Pb1W1,FM,predicted,0.7229399276357779,216.0,cubic,['W'],,,,
aflow:1086efa30ec25a34,AFLOW,Fe1Sb1Ta2,FiM,predicted,0.7228998848687912,216.0,cubic,['Ta'],,,,
aflow:e19572079e128dcd,AFLOW,Fe1Ir2Pt1,FM,predicted,0.7219660399026536,216.0,cubic,"['Ir', 'Pt']",,,,
aflow:07f4f68c6ee18ca4,AFLOW,Fe2Hf1Re1,FiM,predicted,0.7217609936577725,216.0,cubic,['Re'],,,,
2dm-3938,2DMatPedia,BaCuWO5,FM,predicted,0.7206967488666022,99.0,tetragonal,['W'],,,,
2dm-2038,2DMatPedia,Ba2Bi,FM,predicted,0.7205522187345399,25.0,orthorhombic,['Bi'],,,,
2dm-6253,2DMatPedia,BaBi,FM,predicted,0.7205522187345399,25.0,orthorhombic,['Bi'],,,,
aflow:f98c8c98e28c6130,AFLOW,Fe2Hg1Mn1,FM,predicted,0.7198220844527053,216.0,cubic,['Hg'],,,,
aflow:173e9ada49a068d8,AFLOW,Fe2Sb1W1,FM,predicted,0.7198007808013024,216.0,cubic,['W'],,,,
aflow:a3d8011c5fc55b68,AFLOW,Fe1Os2P1,FM,predicted,0.719530403157933,216.0,cubic,['Os'],,,,
aflow:9f8b471c92836d49,AFLOW,Fe1Ir2Ni1,FM,predicted,0.7158615927825615,216.0,cubic,['Ir'],,,,
aflow:50e3617e7f9f5eaf,AFLOW,Fe1Hg2Si1,FM,predicted,0.7146804766941274,216.0,cubic,['Hg'],,,,
aflow:b562ada0dfd90a62,AFLOW,Fe1Ir1Ta2,FiM,predicted,0.7141541142832718,216.0,cubic,"['Ir', 'Ta']",,,,
aflow:7f41a0bb46c39637,AFLOW,Fe1Hf1Re2,FiM,predicted,0.7132071902586974,216.0,cubic,['Re'],,,,
aflow:3cc76e00112b37be,AFLOW,Fe1Sb1W2,FM,predicted,0.7118652283977881,216.0,cubic,['W'],,,,
aflow:4f4f8683e3df089f,AFLOW,Fe2P1W1,FM,predicted,0.7117494228148423,216.0,cubic,['W'],,,,
aflow:74fa82f53c721bcf,AFLOW,Fe1Pb1Pt2,FM,predicted,0.711364711561711,216.0,cubic,['Pt'],,,,
aflow:4406520e669c87eb,AFLOW,Fe1Ga1Ta2,FiM,predicted,0.7111009264447737,216.0,cubic,['Ta'],,,,
aflow:20e8810bd39b905a,AFLOW,Fe2In1Ir1,FM,predicted,0.7078804962935966,216.0,cubic,['Ir'],,,,
aflow:60f87577ec871158,AFLOW,Fe1Hg2Ir1,FM,predicted,0.7064194119406144,216.0,cubic,"['Hg', 'Ir']",,,,
aflow:527af7752df7ef29,AFLOW,Fe1P1Re2,FM,predicted,0.7039632073909715,216.0,cubic,['Re'],,,,
aflow:5ed473ac8b879973,AFLOW,Fe2Mn1W1,FiM,predicted,0.7038331713683769,216.0,cubic,['W'],,,,
aflow:0e58da501121d666,AFLOW,Fe1Os2Si1,FM,predicted,0.7034334731166504,216.0,cubic,['Os'],,,,
nomad---GB6NQmOUgyhdv062TirwQlbOCI,NOMAD,CrIrMn,FiM,predicted,0.7029399736543923,216.0,cubic,['Ir'],,,,
aflow:a014469a4d9d2998,AFLOW,Fe1Os2Sn1,FM,predicted,0.7027804392249795,216.0,cubic,['Os'],,,,
aflow:45db5f198016e5fa,AFLOW,Fe2Os1Si1,FM,predicted,0.7024274310575795,216.0,cubic,['Os'],,,,
2dm-1924,2DMatPedia,WI4,FM,predicted,0.7023075750562479,1.0,triclinic,['W'],,,,
aflow:03900ab24b23e8b4,AFLOW,Fe2Ta1W1,FiM,predicted,0.6998109663624497,216.0,cubic,"['Ta', 'W']",,,,
aflow:11571aeb05d78995,AFLOW,Fe1Mo1Ta2,FiM,predicted,0.6985307351526506,216.0,cubic,['Ta'],,,,
aflow:90a704bbfb7162ac,AFLOW,Fe1Mo1Re2,FiM,predicted,0.698338853993,216.0,cubic,['Re'],,,,
nomad---QDm1dqMLhZAtSEqEh-MfVvzb5n,NOMAD,Au2FeMo,FM,predicted,0.6982951652963608,99.0,tetragonal,['Au'],,,,
2dm-5192,2DMatPedia,SrBi5O9,FM,predicted,0.6979986023546537,6.0,monoclinic,['Bi'],,,,
2dm-4688,2DMatPedia,NbBi7O13,FM,predicted,0.6937957026820986,1.0,triclinic,['Bi'],,,,
aflow:8c880597eef4c9b4,AFLOW,Fe1La2Re1,FiM,predicted,0.6934526238925506,216.0,cubic,['Re'],,,,
aflow:0e260bb4d51f9ab4,AFLOW,Fe2Nb1W1,FiM,predicted,0.6933285669281375,216.0,cubic,['W'],,,,
nomad---axK036dyZ2DqF14vPDiM5YoAa0,NOMAD,Co2LiW,FM,predicted,0.6914032417386308,99.0,tetragonal,['W'],,,,
2dm-6394,2DMatPedia,InBi,FM,predicted,0.6913784025754424,187.0,hexagonal,['Bi'],,,,
aflow:8e6755f2db89baee,AFLOW,Fe2Os1Pt1,FM,predicted,0.6909918908331106,216.0,cubic,"['Os', 'Pt']",,,,
2dm-2300,2DMatPedia,HgS,FM,predicted,0.6899890475659642,156.0,trigonal,['Hg'],,,,
2dm-2456,2DMatPedia,HgS,FM,predicted,0.6898534761060309,156.0,trigonal,['Hg'],,,,
aflow:e24b5f26191806bd,AFLOW,Fe1Re2Te1,FM,predicted,0.6895143009349028,216.0,cubic,['Re'],,,,
nomad---QQA6Mkzbktjzd3IJdV9SOoEuD2,NOMAD,FeHg4Li,FM,predicted,0.6857400920031935,216.0,cubic,['Hg'],,,,
aflow:a841ee33d489f0cb,AFLOW,Fe1Nb1W2,FiM,predicted,0.6856697528871272,216.0,cubic,['W'],,,,
2dm-4624,2DMatPedia,Ti(BiO3)2,FM,predicted,0.6853894237056367,99.0,tetragonal,['Bi'],,,,
aflow:7d68bf0d1a7b567d,AFLOW,Fe1La1Re2,FiM,predicted,0.6852103508703289,216.0,cubic,['Re'],,,,
aflow:e3d5636f718efa3b,AFLOW,Fe2Mo1Re1,FiM,predicted,0.6844315268560789,216.0,cubic,['Re'],,,,
aflow:79d47910ccce7fb7,AFLOW,Fe2La1Re1,FiM,predicted,0.6829216437355243,216.0,cubic,['Re'],,,,
aflow:b71e1e51a096d467,AFLOW,Fe1Ta2W1,FiM,predicted,0.6822156884758102,216.0,cubic,"['Ta', 'W']",,,,
aflow:8fbbe5d80f3139e2,AFLOW,Fe1Hg1Ta2,FiM,predicted,0.6821294493108659,216.0,cubic,"['Hg', 'Ta']",,,,
aflow:8425db83aae214c0,AFLOW,Fe1Re2Sn1,FM,predicted,0.682108870784378,216.0,cubic,['Re'],,,,
aflow:2c6517753f2f41a2,AFLOW,Fe1Os2Pt1,FM,predicted,0.6815446984640228,216.0,cubic,"['Os', 'Pt']",,,,
aflow:0ca634aeffd32d2e,AFLOW,Fe1Ir1Ni2,FM,predicted,0.6796207036398021,216.0,cubic,['Ir'],,,,
aflow:787ab342ea9905a0,AFLOW,Fe1Ta1W2,FiM,predicted,0.6780107145323245,216.0,cubic,"['Ta', 'W']",,,,
aflow:382f535d372b7b2b,AFLOW,Fe1Ir2Pb1,FM,predicted,0.6764150132079199,216.0,cubic,['Ir'],,,,
2dm-1229,2DMatPedia,WBr4,FM,predicted,0.6757876759773775,1.0,triclinic,['W'],,,,
aflow:58144dc735aeb8ad,AFLOW,Fe1Os1Pt2,FM,predicted,0.6755753732095509,216.0,cubic,"['Os', 'Pt']",,,,
aflow:3fcb9399edbc9a7a,AFLOW,Fe1Pd2Ta1,FiM,predicted,0.6754701361081322,216.0,cubic,['Ta'],,,,
aflow:fc24db005d42bf67,AFLOW,Fe2Os1Sb1,FM,predicted,0.6753342760470563,216.0,cubic,['Os'],,,,
aflow:218202b9aa836739,AFLOW,Fe2Os1Sn1,FM,predicted,0.6753145865549386,216.0,cubic,['Os'],,,,
aflow:f0c647bd15b710e9,AFLOW,Fe2Si1W1,FM,predicted,0.6749893202249333,216.0,cubic,['W'],,,,
aflow:206e4aa2228fab6c,AFLOW,Fe1Hg2Ta1,FiM,predicted,0.674631883718034,216.0,cubic,"['Hg', 'Ta']",,,,
aflow:3b21f9465da1f56c,AFLOW,Fe1Ir1Pd2,FM,predicted,0.6740658276018586,216.0,cubic,['Ir'],,,,
aflow:8b1b2a0488e238b9,AFLOW,Fe2Os1P1,FM,predicted,0.6739453280421279,216.0,cubic,['Os'],,,,
nomad---bpdz9Vc2rzq449SpjHkS_YBY7C,NOMAD,CrNi2Pt,FM,predicted,0.6732654635158434,99.0,tetragonal,['Pt'],,,,
aflow:2915c9f5fd8b85a4,AFLOW,Fe1Re1Zr2,FiM,predicted,0.672872903557943,216.0,cubic,['Re'],,,,
aflow:01192b345d3126d2,AFLOW,Fe1Ir2Pd1,FM,predicted,0.672678450181144,216.0,cubic,['Ir'],,,,
2dm-170,2DMatPedia,WCl4,FM,predicted,0.6722216591462412,1.0,triclinic,['W'],,,,
aflow:e94bd00b73ce3661,AFLOW,Fe2Re1Sn1,FM,predicted,0.6704848706797615,216.0,cubic,['Re'],,,,
aflow:9162dc05ab835d6a,AFLOW,Fe2Ir1Sn1,FM,predicted,0.6699740148121853,216.0,cubic,['Ir'],,,,
aflow:5a54a7c2bb61bbd9,AFLOW,Fe1La2W1,FiM,predicted,0.6692437590065726,216.0,cubic,['W'],,,,
2dm-759,2DMatPedia,Ta3F8,FM,predicted,0.6683105898089068,156.0,trigonal,['Ta'],,,,
aflow:1c0c5bbd9c3b422e,AFLOW,Fe2Ni1Ta1,FiM,predicted,0.6644522585635869,216.0,cubic,['Ta'],,,,
aflow:3991aac88880a4f9,AFLOW,Fe1Hg1W2,FM,predicted,0.6641445584345542,216.0,cubic,"['Hg', 'W']",,,,
2dm-5407,2DMatPedia,Ta2I5,FM,predicted,0.6635665636687043,8.0,monoclinic,['Ta'],,,,
aflow:41183da482418221,AFLOW,Fe2Ir1Nb1,FiM,predicted,0.6614490903536695,216.0,cubic,['Ir'],,,,
aflow:c6ef88a24f0ca01c,AFLOW,Fe2P1Re1,FM,predicted,0.66030699433422,216.0,cubic,['Re'],,,,
aflow:c81dbd501877e6e0,AFLOW,Fe1Ir2Nb1,FiM,predicted,0.6602159402114315,216.0,cubic,['Ir'],,,,
aflow:d10b78402e43f65e,AFLOW,Fe1Os1Y2,FiM,predicted,0.6595830674073291,216.0,cubic,['Os'],,,,
aflow:28412b3dd43e4caf,AFLOW,Fe1Re2Sb1,FM,predicted,0.6578579855680171,216.0,cubic,['Re'],,,,
aflow:7dded8aa7272100e,AFLOW,Fe1Re2Zr1,FiM,predicted,0.6572068712572469,216.0,cubic,['Re'],,,,
aflow:5a3c484757853704,AFLOW,Fe1Ni2Ta1,FiM,predicted,0.6566701136060974,216.0,cubic,['Ta'],,,,
2dm-6247,2DMatPedia,As2Pt,FM,predicted,0.6563969080400205,157.0,trigonal,['Pt'],,,,
aflow:539f6e035c2a7c39,AFLOW,Fe1Ir1Nb2,FiM,predicted,0.652680874711609,216.0,cubic,['Ir'],,,,
nomad---bve9GYfy_AC71ZcRdGdpD8a0Tq,NOMAD,B4HgMn,FM,predicted,0.6483360014328744,216.0,cubic,['Hg'],,,,
aflow:8550a26123e876af,AFLOW,Fe1Ir1Rh2,FM,predicted,0.6465006533114858,216.0,cubic,['Ir'],,,,
aflow:bc95fe7aa577512e,AFLOW,Fe2Hf1Os1,FiM,predicted,0.646359063270506,216.0,cubic,['Os'],,,,
aflow:a220a30ca5613d5f,AFLOW,Fe1Hg2Re1,FM,predicted,0.6455558126238526,216.0,cubic,"['Hg', 'Re']",,,,
aflow:59ab9bcf199b4566,AFLOW,Fe2W1Y1,FiM,predicted,0.6453926437218569,216.0,cubic,['W'],,,,
aflow:4bf33228b6ba3172,AFLOW,Fe1Os1Ta2,FiM,predicted,0.6449580848427996,216.0,cubic,"['Os', 'Ta']",,,,
aflow:40c67084f07ce3c6,AFLOW,Fe2Re1Sb1,FM,predicted,0.6439194742272968,216.0,cubic,['Re'],,,,
aflow:e2f8faf6b6994c32,AFLOW,Fe1Ir2Zn1,FM,predicted,0.6430459494694066,216.0,cubic,['Ir'],,,,
aflow:5f9affa8e29535a3,AFLOW,Fe1Re2W1,FiM,predicted,0.642965205824112,216.0,cubic,"['Re', 'W']",,,,
aflow:f3e951e971f8b506,AFLOW,Fe1Ni1Ta2,FiM,predicted,0.6429203353460705,216.0,cubic,['Ta'],,,,
aflow:b6850708570335f5,AFLOW,Fe1Mn1W2,FiM,predicted,0.6426074182382161,216.0,cubic,['W'],,,,
aflow:b905c33959502e2b,AFLOW,Fe1Ir2Rh1,FM,predicted,0.6416860955209105,216.0,cubic,['Ir'],,,,
nomad---JjdNDKe50culw7IcgV1L882ZnX,NOMAD,Al2BiCr,FM,predicted,0.6414598796363609,119.0,tetragonal,['Bi'],,,,
aflow:b075a08d31fc87d8,AFLOW,Fe2Os1Ta1,FiM,predicted,0.6400706422428926,216.0,cubic,"['Os', 'Ta']",,,,
aflow:0bbd08195db9274c,AFLOW,Fe1Ir1Mn2,FiM,predicted,0.6400144918555652,216.0,cubic,['Ir'],,,,
aflow:c06d830ee81bcc27,AFLOW,Fe1Mo2W1,FiM,predicted,0.639361462966701,216.0,cubic,['W'],,,,
2dm-6409,2DMatPedia,TaTe2,FM,predicted,0.637327915493258,187.0,hexagonal,['Ta'],,,,
nomad---B2VynkXoOvWHt0iyY6n1JoDiPo,NOMAD,AuCoPdTl,FM,predicted,0.6368574302006034,216.0,cubic,['Au'],,,,
2dm-3873,2DMatPedia,Ba2Bi3O7,FM,predicted,0.63666011276498,25.0,orthorhombic,['Bi'],,,,
aflow:6405dcfb675ccfdd,AFLOW,Fe1Hg1Y2,FiM,predicted,0.6361034549938054,216.0,cubic,['Hg'],,,,
aflow:574572fc83295926,AFLOW,Fe2Hg1Y1,FiM,predicted,0.6359382365360625,216.0,cubic,['Hg'],,,,
aflow:ee9addc373f191f5,AFLOW,Fe2Mo1W1,FiM,predicted,0.6351467286850008,216.0,cubic,['W'],,,,
2dm-1331,2DMatPedia,Re3I8,FM,predicted,0.6348637370766087,1.0,triclinic,['Re'],,,,
aflow:d8a5821c4ad0d72b,AFLOW,Fe1Sn1W2,FM,predicted,0.6337905116238026,216.0,cubic,['W'],,,,
2dm-6408,2DMatPedia,TlBi,FM,predicted,0.6333410322919197,187.0,hexagonal,['Bi'],,,,
aflow:144f81ffe5a98d02,AFLOW,Fe2Os1V1,FiM,predicted,0.6333185081277225,216.0,cubic,['Os'],,,,
aflow:f4aba737136e28e7,AFLOW,Fe1Os1Zr2,FiM,predicted,0.6316162323311059,216.0,cubic,['Os'],,,,
aflow:337ebb58551f1a06,AFLOW,Fe1Os1V2,FiM,predicted,0.6310962548580797,216.0,cubic,['Os'],,,,
aflow:ce8fc45437a755a1,AFLOW,Fe1Nb1Os2,FiM,predicted,0.6300905570325058,216.0,cubic,['Os'],,,,
nomad-----9KNOtIZc9bDFEWxgjeSRsJrC,NOMAD,CaFe2Re,FM,predicted,0.6298187389377199,119.0,tetragonal,['Re'],,,,
aflow:2292617b2e261975,AFLOW,Fe2Nb1Os1,FiM,predicted,0.6262777621826167,216.0,cubic,['Os'],,,,
aflow:878d6287260c56ef,AFLOW,Fe1In1Re2,FM,predicted,0.6261174241636024,216.0,cubic,['Re'],,,,
aflow:be0233969c5c65a6,AFLOW,Fe2Ir1Zn1,FM,predicted,0.6259503881228118,216.0,cubic,['Ir'],,,,
aflow:bda4863c7d2b2994,AFLOW,Fe1Hg2Nb1,FiM,predicted,0.6257568750392003,216.0,cubic,['Hg'],,,,
2dm-5796,2DMatPedia,BaTl(WO3)2,FM,predicted,0.6251626343742513,1.0,triclinic,['W'],,,,
aflow:f7384cbaa8ae023b,AFLOW,Fe2Rh1Ta1,FiM,predicted,0.6246309639127042,216.0,cubic,['Ta'],,,,
aflow:7490f8b7f757442e,AFLOW,Fe1Ta2Te1,FiM,predicted,0.6245191711402991,216.0,cubic,['Ta'],,,,
aflow:cb4e500d34b0cafa,AFLOW,Fe2La1W1,FiM,predicted,0.6243394627688255,216.0,cubic,['W'],,,,
aflow:c24e0b737c5f3f4d,AFLOW,Fe2In1Re1,FM,predicted,0.6231997312419626,216.0,cubic,['Re'],,,,
aflow:26ffdf6982d5cd75,AFLOW,Fe2Hf1W1,FiM,predicted,0.622641279233792,216.0,cubic,['W'],,,,
aflow:c03c98cd6a131108,AFLOW,Fe1Hf2Os1,FiM,predicted,0.6222308676283552,216.0,cubic,['Os'],,,,
aflow:449be283b14aa248,AFLOW,Fe1Nb2Os1,FiM,predicted,0.6215036126052661,216.0,cubic,['Os'],,,,
aflow:37f83b480495575f,AFLOW,Fe1Re2Tc1,FiM,predicted,0.6211747448213215,216.0,cubic,['Re'],,,,
aflow:d5539956da839769,AFLOW,Fe2Os1Y1,FiM,predicted,0.621162030740433,216.0,cubic,['Os'],,,,
aflow:fd00e3fb13fb98a0,AFLOW,Fe1Hg2Os1,FM,predicted,0.6209989915416418,216.0,cubic,"['Hg', 'Os']",,,,
2dm-3513,2DMatPedia,TaS2,FM,predicted,0.6200774850712957,187.0,hexagonal,['Ta'],,,,
aflow:eac26f989e63fc60,AFLOW,Fe1Hf2W1,FiM,predicted,0.619997375878173,216.0,cubic,['W'],,,,
2dm-534,2DMatPedia,EuBi2,FM,predicted,0.6192068379202047,6.0,monoclinic,['Bi'],,,,
aflow:9313832525d28ed3,AFLOW,Fe1In1Os2,FM,predicted,0.6187709040979616,216.0,cubic,['Os'],,,,
nomad---A-um8AmzV3xfseHNeGQWa6XTrN,NOMAD,CuHgNi,FM,predicted,0.6158519450213192,216.0,cubic,['Hg'],,,,
aflow:de85f1ad9a349e18,AFLOW,Fe1Hg1Mo2,FM,predicted,0.6125049941712206,216.0,cubic,['Hg'],,,,
aflow:67f70b450957ed55,AFLOW,Fe2Os1Re1,FiM,predicted,0.61173880001728,216.0,cubic,"['Os', 'Re']",,,,
aflow:3736634258c70fc7,AFLOW,Fe2Pt1Ta1,FiM,predicted,0.608868332987521,216.0,cubic,"['Pt', 'Ta']",,,,
aflow:dd91b083428f60c2,AFLOW,Fe2In1W1,FM,predicted,0.6085618239545265,216.0,cubic,['W'],,,,
aflow:93f833bdd8855431,AFLOW,Fe1Hg2Mn1,FM,predicted,0.6080992530321188,216.0,cubic,['Hg'],,,,
aflow:4c075a3b98b98f02,AFLOW,Fe2In1Os1,FM,predicted,0.6071028103637877,216.0,cubic,['Os'],,,,
2dm-2671,2DMatPedia,Ta2F5,FM,predicted,0.6062261729561791,1.0,triclinic,['Ta'],,,,
aflow:ce81df2d9310a4e5,AFLOW,Fe1Sb1Ta1,FiM,predicted,0.6051524972807365,216.0,cubic,['Ta'],,,,
2dm-2237,2DMatPedia,Sr2Bi,FM,predicted,0.6032429471770977,25.0,orthorhombic,['Bi'],,,,
2dm-6002,2DMatPedia,SrBi,FM,predicted,0.6032429471770977,25.0,orthorhombic,['Bi'],,,,
aflow:272729d48aaa7514,AFLOW,Fe1Os2Re1,FiM,predicted,0.6003965176073954,216.0,cubic,"['Os', 'Re']",,,,
aflow:9ef4bf7107f6977b,AFLOW,Fe1V1W2,FiM,predicted,0.5988461828492023,216.0,cubic,['W'],,,,
aflow:1030ed5c1ba25e25,AFLOW,Fe2Pt1W1,FM,predicted,0.5970045588904934,216.0,cubic,"['Pt', 'W']",,,,
aflow:2f389d6d33846cbd,AFLOW,Fe1Hf1W2,FiM,predicted,0.5968557197794794,216.0,cubic,['W'],,,,
nomad---IF9daVUvoZDEUMx3b7_kfWkzCD,NOMAD,AuMnNi,FM,predicted,0.5968045345123475,216.0,cubic,['Au'],,,,
aflow:d608435f5b15f94c,AFLOW,Fe1In1W2,FM,predicted,0.5965782678835615,216.0,cubic,['W'],,,,
aflow:fad6361304a01990,AFLOW,Fe1Hf2Ir1,FiM,predicted,0.5959008439540526,216.0,cubic,['Ir'],,,,
aflow:571316afa8acf239,AFLOW,Fe2Re1W1,FiM,predicted,0.5944404640358592,216.0,cubic,"['Re', 'W']",,,,
aflow:9212bc16cb248d91,AFLOW,Fe1Pt2Ta1,FiM,predicted,0.5928877442527637,216.0,cubic,"['Pt', 'Ta']",,,,
aflow:ff5045d4068427d8,AFLOW,Fe1Ir1La2,FiM,predicted,0.5927371924453221,216.0,cubic,['Ir'],,,,
aflow:a2cc62634e1f39dc,AFLOW,Fe1Tc2W1,FiM,predicted,0.5925723422755811,216.0,cubic,['W'],,,,
aflow:d5ffe573fae0a544,AFLOW,Fe2Hg1Zr1,FiM,predicted,0.5916300101897434,216.0,cubic,['Hg'],,,,
aflow:1413a16bad3bd7f5,AFLOW,Fe1Os2V1,FiM,predicted,0.5913820418720309,216.0,cubic,['Os'],,,,
aflow:7dc7b6247f4a4af0,AFLOW,Fe2Hg1Mo1,FM,predicted,0.5880488804016135,216.0,cubic,['Hg'],,,,
aflow:d04114d00f192ec9,AFLOW,Fe1Tc1W2,FiM,predicted,0.5869496327259311,216.0,cubic,['W'],,,,
aflow:cbfe083e461939a7,AFLOW,Fe1Re2Ti1,FiM,predicted,0.5853795087108439,216.0,cubic,['Re'],,,,
aflow:40eca113a8931d74,AFLOW,Fe1Ir2Mn1,FiM,predicted,0.5838929953172967,216.0,cubic,['Ir'],,,,
aflow:ee3f0c861b85affd,AFLOW,Fe2Ru1Ta1,FiM,predicted,0.5814942646454501,216.0,cubic,['Ta'],,,,
aflow:709f1e62385a4d96,AFLOW,Fe2Ir1La1,FiM,predicted,0.5814737679938096,216.0,cubic,['Ir'],,,,
aflow:2528206341ef840c,AFLOW,Fe2Re1Ru1,FiM,predicted,0.5812968488294761,216.0,cubic,['Re'],,,,
aflow:e7ddc724f435fe0a,AFLOW,Fe2Ir1Y1,FiM,predicted,0.5808573165243346,216.0,cubic,['Ir'],,,,
aflow:f7b26088a13fa98f,AFLOW,Fe1Pd2Re1,FiM,predicted,0.5808154049244383,216.0,cubic,['Re'],,,,
aflow:c02d3a9274c2f610,AFLOW,Fe1Pd1Re2,FiM,predicted,0.5794384461507404,216.0,cubic,['Re'],,,,
aflow:dbeef80c91186ef2,AFLOW,Fe2Mo1Pt1,FM,predicted,0.5775307032140972,216.0,cubic,['Pt'],,,,
aflow:83cac114b9798ff4,AFLOW,Fe1Pt1Ta2,FiM,predicted,0.5774574647635418,216.0,cubic,"['Pt', 'Ta']",,,,
nomad---MNJehgLkOfinmP9SXV_qjtN5eX,NOMAD,CaMn4Re,FiM,predicted,0.576965419145537,216.0,cubic,['Re'],,,,
aflow:7c3176d49542b267,AFLOW,Fe1Ir2Mo1,FiM,predicted,0.5767927935562908,216.0,cubic,['Ir'],,,,
aflow:efdcf6c1941052af,AFLOW,Fe1W1Zr2,FiM,predicted,0.5765371756449201,216.0,cubic,['W'],,,,
aflow:da9745c17119650c,AFLOW,Fe2Pd1Re1,FiM,predicted,0.5756509939139214,216.0,cubic,['Re'],,,,
aflow:15548c3cdbd795f3,AFLOW,Fe1Hf2Hg1,FiM,predicted,0.5744389468301724,216.0,cubic,['Hg'],,,,
aflow:e1e8707a970e1ac5,AFLOW,Fe1Hf1Hg2,FiM,predicted,0.5742991486478788,216.0,cubic,['Hg'],,,,
aflow:50251fab40dfd6ec,AFLOW,Fe1Ir1Zr2,FiM,predicted,0.5734602150543928,216.0,cubic,['Ir'],,,,
aflow:801fe58b0f81d8f5,AFLOW,Fe1Mo2Os1,FiM,predicted,0.5722486963800607,216.0,cubic,['Os'],,,,
aflow:7d86bee353ca8ce4,AFLOW,Fe1Pt2W1,FM,predicted,0.5722099662997951,216.0,cubic,"['Pt', 'W']",,,,
aflow:9ad5d72abe0a52ea,AFLOW,Fe1Ni1Os2,FM,predicted,0.5720892419070246,216.0,cubic,['Os'],,,,
aflow:e0c138cfcbe2961e,AFLOW,Fe2Os1Zr1,FiM,predicted,0.5717633220569557,216.0,cubic,['Os'],,,,
aflow:1ec83030d571e4f1,AFLOW,Fe1Os1W2,FiM,predicted,0.5717095154470261,216.0,cubic,"['Os', 'W']",,,,
aflow:22f3b939fa50e6e3,AFLOW,Fe1Re2V1,FiM,predicted,0.5705506212016114,216.0,cubic,['Re'],,,,
aflow:b9ed59b52fa8fbdd,AFLOW,Fe1Pb1Ta2,FiM,predicted,0.570437562401527,216.0,cubic,['Ta'],,,,
aflow:519fdad6743da098,AFLOW,Fe1Re1Ti2,FiM,predicted,0.5703292381587293,216.0,cubic,['Re'],,,,
aflow:d751a5e9c95caaac,AFLOW,Fe1W1Zn2,FiM,predicted,0.5701180821149026,216.0,cubic,['W'],,,,
aflow:eac2f03e25c4ac8a,AFLOW,Fe1Ir1V2,FiM,predicted,0.5698573741542257,216.0,cubic,['Ir'],,,,
aflow:b0a88d948239e4fb,AFLOW,Fe2W1Zr1,FiM,predicted,0.5697155129028681,216.0,cubic,['W'],,,,
aflow:7842ae16b9653aab,AFLOW,Fe1Hg1Zr2,FiM,predicted,0.5693160273233696,216.0,cubic,['Hg'],,,,
nomad---E2myvrTQ92W66IAvbasxbfz2XS,NOMAD,AuCoMgRh,FM,predicted,0.5680950357089801,216.0,cubic,['Au'],,,,
2dm-5013,2DMatPedia,Dy2(BiO2)7,FM,predicted,0.5655893801276384,8.0,monoclinic,['Bi'],,,,
nomad---Brntc4Nm1Wjc6_PormjrSC55kH,NOMAD,CrNaTa2,FiM,predicted,0.5649737877736306,216.0,cubic,['Ta'],,,,
aflow:230a5c26a71d2795,AFLOW,Fe1Mo1Os2,FiM,predicted,0.5637235987709721,216.0,cubic,['Os'],,,,
aflow:d31be4141d387909,AFLOW,Fe1Hg1La2,FiM,predicted,0.56257940105986,216.0,cubic,['Hg'],,,,
nomad---Rot1bI_bIwJiambgDFENno4DOO,NOMAD,C5CrMoTaVW,FM,predicted,0.5623802809634043,8.0,monoclinic,"['Ta', 'W']",,,,
aflow:876c8b2bcea40283,AFLOW,Fe2Ir1Re1,FiM,predicted,0.5612956181942025,216.0,cubic,"['Ir', 'Re']",,,,
aflow:4c9d4b5e84ea4618,AFLOW,Fe1Os2Zr1,FiM,predicted,0.561283771491135,216.0,cubic,['Os'],,,,
aflow:c1079ab879daf0b6,AFLOW,Fe2Ir1V1,FiM,predicted,0.559419698181716,216.0,cubic,['Ir'],,,,
aflow:9ae23e92e2ac5861,AFLOW,Fe1Mg1Pt2,FM,predicted,0.5592615676919185,216.0,cubic,['Pt'],,,,
aflow:736a2a0738c1e08c,AFLOW,Fe2Os1Tc1,FiM,predicted,0.5592226677535868,216.0,cubic,['Os'],,,,
aflow:fbefd388892be46a,AFLOW,Fe1Ir1Mo2,FiM,predicted,0.5574080175893557,216.0,cubic,['Ir'],,,,
nomad---ZoNbe9MVsMK-57UrCb8I2LX9-G,NOMAD,AuCrNi2,FM,predicted,0.557407821375495,216.0,cubic,['Au'],,,,
aflow:276c491d10761ec6,AFLOW,Fe1Re2Ru1,FiM,predicted,0.5568485060880999,216.0,cubic,['Re'],,,,
nomad---MF3mLF-JvzGH0n0W3zoh9TNdIC,NOMAD,Fe2IrLa,FiM,predicted,0.5568253624777227,99.0,tetragonal,['Ir'],,,,
aflow:71f44cf6725b1947,AFLOW,Fe1Os1Tc2,FiM,predicted,0.5566875740611741,216.0,cubic,['Os'],,,,
aflow:2ec5b958e1a498e2,AFLOW,Fe2Pb1Ta1,FiM,predicted,0.5548746153178894,216.0,cubic,['Ta'],,,,
aflow:0e64a029f538e23d,AFLOW,Fe1Ni1Re2,FM,predicted,0.5544133454698189,216.0,cubic,['Re'],,,,
aflow:dfee12418f344126,AFLOW,Fe1Mn1Pt2,FM,predicted,0.5543187474655333,216.0,cubic,['Pt'],,,,
aflow:4ca9cd7643e5b880,AFLOW,Fe1Mo2Pt1,FM,predicted,0.5519768247761018,216.0,cubic,['Pt'],,,,
aflow:e0b325c086ce14ef,AFLOW,Fe1Hg2W1,FM,predicted,0.5518375123667761,216.0,cubic,"['Hg', 'W']",,,,
nomad---P3aPkIofYu4H9434i2aPzU9PG8,NOMAD,AgBiCoSn,FM,predicted,0.5516252828753734,216.0,cubic,['Bi'],,,,
aflow:f5c6fdad2fcc2f6b,AFLOW,Fe2Os1Pd1,FM,predicted,0.5510496940468861,216.0,cubic,['Os'],,,,
2dm-5360,2DMatPedia,Sr2GaBi2O7,FiM,predicted,0.5509262503111594,4.0,monoclinic,['Bi'],,,,
nomad---I9HFlDaJ2OWGc6z8zC7oKEnS_r,NOMAD,BiCa2Co,FM,predicted,0.5500965184883356,216.0,cubic,['Bi'],,,,
2dm-4106,2DMatPedia,La2(BiO2)7,FM,predicted,0.5498409166197995,1.0,triclinic,['Bi'],,,,
nomad---Gm0p8vrHc0gsX9opLuEBNJmDI1,NOMAD,BaMn4W,FiM,predicted,0.5495508986579346,216.0,cubic,['W'],,,,
aflow:e49fda0f2bbcc5ae,AFLOW,Fe1Os2Pd1,FM,predicted,0.5486517533285791,216.0,cubic,['Os'],,,,
aflow:77d01c4fa7584877,AFLOW,Fe2Ti1W1,FiM,predicted,0.5483170232154068,216.0,cubic,['W'],,,,
aflow:ca742c9a6de02cba,AFLOW,Fe2Ir1Mo1,FiM,predicted,0.5480610322674614,216.0,cubic,['Ir'],,,,
aflow:484f196fdf290079,AFLOW,Fe1Ir2V1,FiM,predicted,0.5469865144795646,216.0,cubic,['Ir'],,,,
aflow:d097402b57ac88b0,AFLOW,Fe2Tc1W1,FiM,predicted,0.5469333465778033,216.0,cubic,['W'],,,,
aflow:e9440846c21963d7,AFLOW,Fe1Os2Tc1,FiM,predicted,0.5452078014406089,216.0,cubic,['Os'],,,,
aflow:33a813e7d51e15a3,AFLOW,Fe1Ni2W1,FiM,predicted,0.544381245411104,216.0,cubic,['W'],,,,
aflow:cde70e0e3a07f038,AFLOW,Fe1Mo1Pt2,FM,predicted,0.5443808053833117,216.0,cubic,['Pt'],,,,
aflow:b5f30d33ede70bbe,AFLOW,Fe1Pt2Tc1,FM,predicted,0.5418548872535225,216.0,cubic,['Pt'],,,,
aflow:6e7e642c71358901,AFLOW,Fe2Pt1Re1,FM,predicted,0.5415476657158047,216.0,cubic,"['Pt', 'Re']",,,,
aflow:95b100955ada3042,AFLOW,Fe1Hg2Sc1,FM,predicted,0.5402100538089969,216.0,cubic,['Hg'],,,,
aflow:9f0786b6d28964cf,AFLOW,Fe1Os2W1,FiM,predicted,0.5399499514180438,216.0,cubic,"['Os', 'W']",,,,
aflow:615a8879918c1a32,AFLOW,Fe1Ir1Re2,FiM,predicted,0.5399334577239514,216.0,cubic,"['Ir', 'Re']",,,,
nomad---UKgPR3apYFNEDXv6fWSS_DhI14,NOMAD,AgFeIr,FM,predicted,0.5383719475321124,216.0,cubic,['Ir'],,,,
aflow:c93c1915cf161323,AFLOW,Fe1Ir2Zr1,FiM,predicted,0.5372225472905496,216.0,cubic,['Ir'],,,,
aflow:89b9bc2051a64c11,AFLOW,Fe2Hg1La1,FiM,predicted,0.5364890936822317,216.0,cubic,['Hg'],,,,
aflow:477c52e0f5c9eafa,AFLOW,Fe1Hg2La1,FiM,predicted,0.5360979753419289,216.0,cubic,['Hg'],,,,
aflow:18d635d409865aa2,AFLOW,Fe2Os1W1,FiM,predicted,0.5357989085766196,216.0,cubic,"['Os', 'W']",,,,
nomad---UiiI-w44hxxGa_AGUToS2qh_Dx,NOMAD,BeCrMnTa,FiM,predicted,0.5344372319061678,216.0,cubic,['Ta'],,,,
nomad---JFIDezVguMvBG3-O5zts1FL50Z,NOMAD,NaNiOsPb,FM,predicted,0.5341292748537589,216.0,cubic,['Os'],,,,
aflow:1e5b6f99f9723b25,AFLOW,Fe2Ir1Zr1,FiM,predicted,0.5325339096371574,216.0,cubic,['Ir'],,,,
aflow:be164a7769920343,AFLOW,Fe2Hg1Sc1,FM,predicted,0.531482794908911,216.0,cubic,['Hg'],,,,
nomad---_TL4HP0LzGhjW6du_7eMg-5a89,NOMAD,BBi4Cr,FM,predicted,0.5314298817237632,216.0,cubic,['Bi'],,,,
aflow:e3bf0bf8a4ac4e36,AFLOW,Fe1Ti2W1,FiM,predicted,0.5282665703396007,216.0,cubic,['W'],,,,
aflow:78f5393638352ea4,AFLOW,Fe2Re1Rh1,FiM,predicted,0.5278730139959147,216.0,cubic,['Re'],,,,
aflow:f9c42ff9c2e8aafc,AFLOW,Fe1Ti1W2,FiM,predicted,0.527666078937613,216.0,cubic,['W'],,,,
aflow:4c020176b9f6365e,AFLOW,Fe2Os1Ru1,FiM,predicted,0.5264939241330702,216.0,cubic,['Os'],,,,
aflow:5b69b7899784d4a2,AFLOW,Fe1Re1Rh2,FiM,predicted,0.5259136289246135,216.0,cubic,['Re'],,,,
nomad---K52WlXqvLH0cqP9nW7QbdWf6oM,NOMAD,MnReRhSr,FiM,predicted,0.5247950789949877,216.0,cubic,['Re'],,,,
aflow:bee248f5f27c6db3,AFLOW,Fe1Re2Rh1,FiM,predicted,0.5224080925311115,216.0,cubic,['Re'],,,,
nomad---Lkn6f2auN9yDoC01HvZMghHj9C,NOMAD,MgNbNiPt,FM,predicted,0.5223920872210408,216.0,cubic,['Pt'],,,,
2dm-2859,2DMatPedia,WO2,FM,predicted,0.5220017298708802,1.0,triclinic,['W'],,,,
aflow:2345ceb0e158170c,AFLOW,Fe1Ru1W2,FiM,predicted,0.5213260868328152,216.0,cubic,['W'],,,,
aflow:d22381b44e212cee,AFLOW,Fe2Os1Zn1,FiM,predicted,0.5185819511774434,216.0,cubic,['Os'],,,,
aflow:29d6529801dff4bb,AFLOW,Fe1Nb2Pt1,FiM,predicted,0.5185507104747342,216.0,cubic,['Pt'],,,,
nomad---Ud0pcUGqwXjN-tzcksqoV6YtcA,NOMAD,MnReW,FM,predicted,0.5182201170507389,107.0,tetragonal,"['Re', 'W']",,,,
aflow:606b14c7a9dd9d72,AFLOW,Fe2Ta1Te1,FiM,predicted,0.5171475274623157,216.0,cubic,['Ta'],,,,
aflow:96a856401c0308d8,AFLOW,Fe1Hg1Sc2,FM,predicted,0.516083290813814,216.0,cubic,['Hg'],,,,
aflow:1d36070e3b49fa05,AFLOW,Fe1Nb1Pt2,FiM,predicted,0.5144032784282749,216.0,cubic,['Pt'],,,,
aflow:906d819910f6e2d9,AFLOW,Fe2Hg1Mg1,FM,predicted,0.5122555742764211,216.0,cubic,['Hg'],,,,
aflow:4f6647830b7cf73b,AFLOW,Fe1Os1Pd2,FM,predicted,0.5101591954132001,216.0,cubic,['Os'],,,,
aflow:fc9064e66b92e95d,AFLOW,Fe2Ir1Tc1,FiM,predicted,0.5065765492784484,216.0,cubic,['Ir'],,,,
nomad---OkZzWnwnTdFfhQ8TwsG6_rplMt,NOMAD,CoOsP2,FM,predicted,0.5060551045942592,122.0,tetragonal,['Os'],,,,
aflow:3a0d5c2cc2dec12d,AFLOW,Fe1Ir1W2,FiM,predicted,0.5058317393891842,216.0,cubic,"['Ir', 'W']",,,,
aflow:e0d5c9bbbe1ef599,AFLOW,Fe2Ni1Re1,FM,predicted,0.5049287686596079,216.0,cubic,['Re'],,,,
nomad---KSi2WX11ZPRkw6zGJ4vyUfITi8,NOMAD,InMnOs4,FiM,predicted,0.5047040776489209,216.0,cubic,['Os'],,,,
aflow:747c6ffe273b030b,AFLOW,Fe2Ge1Ta1,FiM,predicted,0.5043303327623078,216.0,cubic,['Ta'],,,,
aflow:3d6c04cd3359289e,AFLOW,Fe2Ni1W1,FiM,predicted,0.5042360943236883,216.0,cubic,['W'],,,,
aflow:2166d7e956dec462,AFLOW,Fe1Pd1W2,FiM,predicted,0.5038234044681044,216.0,cubic,['W'],,,,
aflow:d8314145a92c95a0,AFLOW,Fe1Ni1W2,FM,predicted,0.5023645709502461,216.0,cubic,['W'],,,,
aflow:d66f924f2f4a88c8,AFLOW,Fe1Pt1V2,FM,predicted,0.5020090546189566,216.0,cubic,['Pt'],,,,
aflow:d06078328955179e,AFLOW,Fe1Pt2Re1,FM,predicted,0.5011779350239952,216.0,cubic,"['Pt', 'Re']",,,,
nomad---IWeGVgMV5moYGejHD8lfNh9S9R,NOMAD,CoMgOsPb,FM,predicted,0.5009773563024936,216.0,cubic,['Os'],,,,
aflow:8a3af13064615663,AFLOW,Fe1Ni2Os1,FM,predicted,0.5003403050473302,216.0,cubic,['Os'],,,,
aflow:31866832cc47d211,AFLOW,Fe1Os2Ru1,FiM,predicted,0.4988571528582871,216.0,cubic,['Os'],,,,
aflow:d7197e58f548999c,AFLOW,Fe2Mg1Pt1,FM,predicted,0.4986133763426126,216.0,cubic,['Pt'],,,,
nomad---boN3tNZWQmICdcgNn8SthJg3Th,NOMAD,MnPt2Sr,FiM,predicted,0.4978342518541075,216.0,cubic,['Pt'],,,,
aflow:3eb9bab13a934aa8,AFLOW,Fe1Hg2Mo1,FM,predicted,0.49544929576537655,216.0,cubic,['Hg'],,,,
aflow:f2b0f8adb670e306,AFLOW,Fe1Re1Zn2,FiM,predicted,0.4953513054245992,216.0,cubic,['Re'],,,,
nomad---GohyJgZXmRPpfYsx4M6LJhSWDn,NOMAD,AuMnTiZr,FM,predicted,0.49462636229470686,216.0,cubic,['Au'],,,,
aflow:52a613d990b1c859,AFLOW,Fe1Pt2Y1,FiM,predicted,0.4921262639450744,216.0,cubic,['Pt'],,,,
nomad---IcOZuxxp_aXeRn4RV4nIpFjR9T,NOMAD,AuBaNi,FM,predicted,0.4905778431330076,42.0,orthorhombic,['Au'],,,,
aflow:a0ef66a055d9d1a1,AFLOW,Fe1Ir2Os1,FiM,predicted,0.49054823718154533,216.0,cubic,"['Ir', 'Os']",,,,
aflow:732e1506853e529b,AFLOW,Fe1Rh2W1,FiM,predicted,0.4900272992162622,216.0,cubic,['W'],,,,
aflow:24e7e925b1ef6073,AFLOW,Fe2Ru1W1,FiM,predicted,0.4888997847496384,216.0,cubic,['W'],,,,
aflow:27f01ac1249e25bb,AFLOW,Fe1Mn2Pt1,FM,predicted,0.48822111298101506,216.0,cubic,['Pt'],,,,
aflow:a14183f999d2b95e,AFLOW,Fe1Os1Rh2,FiM,predicted,0.4881321194366633,216.0,cubic,['Os'],,,,
aflow:a1d5e69cbba0ae4d,AFLOW,Fe1Os2Rh1,FiM,predicted,0.484689508236146,216.0,cubic,['Os'],,,,
aflow:1fff3d58503e2a6a,AFLOW,Fe1Pt2Sc1,FM,predicted,0.48448062178275325,216.0,cubic,['Pt'],,,,
aflow:24b06cbf77883125,AFLOW,Fe2Hg1Ti1,FM,predicted,0.4778165645053703,216.0,cubic,['Hg'],,,,
aflow:ef8e52892d4ea12f,AFLOW,Fe1Pt1Y2,FiM,predicted,0.4769611848652979,216.0,cubic,['Pt'],,,,
aflow:4c73cc60b6969e85,AFLOW,Fe2Ir1W1,FiM,predicted,0.4768672011838204,216.0,cubic,"['Ir', 'W']",,,,
aflow:2bdf3bf915093b0f,AFLOW,Fe1Ir2Ru1,FM,predicted,0.47644436216680863,216.0,cubic,['Ir'],,,,
nomad---LLdBPD_ns79-ZFr2q0Xb7LtwnN,NOMAD,BiHfMnRh,FiM,predicted,0.4761626201645631,216.0,cubic,['Bi'],,,,
aflow:012dce57958407e4,AFLOW,Fe1Ge1Ta2,FiM,predicted,0.47594468156832914,216.0,cubic,['Ta'],,,,
aflow:56400633aa832650,AFLOW,Fe2Rh1W1,FiM,predicted,0.4754468023886217,216.0,cubic,['W'],,,,
aflow:ca93f03a34b212ba,AFLOW,Fe1Ni2Re1,FiM,predicted,0.4735228121006292,216.0,cubic,['Re'],,,,
nomad---YQK9AgyhQyxsBWcZhrrdH-mkjK,NOMAD,CoPtSn2,FM,predicted,0.47320213648774084,216.0,cubic,['Pt'],,,,
aflow:3d81753c16b49b46,AFLOW,Fe1Sc1W1,FiM,predicted,0.47299499570880355,216.0,cubic,['W'],,,,
2dm-717,2DMatPedia,Re3Cl8,FM,predicted,0.47266380647157374,1.0,triclinic,['Re'],,,,
aflow:8229bf8d563f0041,AFLOW,Fe2Pd1W1,FiM,predicted,0.47181376547710774,216.0,cubic,['W'],,,,
aflow:cd71803b78fbc473,AFLOW,Fe2Ir1Ru1,FiM,predicted,0.47104747364012395,216.0,cubic,['Ir'],,,,
nomad---LMAG79_KLd2Ry9lEty4gxUeX0L,NOMAD,BaFePtZr,FiM,predicted,0.4708032153984801,216.0,cubic,['Pt'],,,,
aflow:43337bdc7681f163,AFLOW,Fe1Pd2W1,FiM,predicted,0.47061388812327204,216.0,cubic,['W'],,,,
aflow:9cf9aa5772d81474,AFLOW,Fe1Hf2Pt1,FiM,predicted,0.47033301676606415,216.0,cubic,['Pt'],,,,
aflow:2b7924ba3df5d156,AFLOW,Fe1Hg1Ti2,FM,predicted,0.46778419409347466,216.0,cubic,['Hg'],,,,
aflow:e59078d870708b67,AFLOW,Fe1Ge1W1,FM,predicted,0.4671113738717005,216.0,cubic,['W'],,,,
aflow:5ec3d15658fce65e,AFLOW,Fe1Re2Sc1,FiM,predicted,0.46344049807065046,216.0,cubic,['Re'],,,,
aflow:9b42389253164b7d,AFLOW,Fe1Re2Zn1,FM,predicted,0.46225865058037163,216.0,cubic,['Re'],,,,
nomad---XjKAw6tyFUPCeAukVJaAht-G5C,NOMAD,AgCrW4,FiM,predicted,0.46030453630713486,216.0,cubic,['W'],,,,
aflow:a838a1ced31f4d95,AFLOW,Fe1Sc2W1,FiM,predicted,0.4596989698121062,216.0,cubic,['W'],,,,
aflow:0593a3eb7ffadbd4,AFLOW,Fe1Os1Zn2,FiM,predicted,0.4595092184259013,216.0,cubic,['Os'],,,,
nomad---acrmtIQUn9b_P0AtXwAVr-_6T4,NOMAD,Au4CrY,FM,predicted,0.4546803503502897,216.0,cubic,['Au'],,,,
2dm-1927,2DMatPedia,Re2Br7,FM,predicted,0.4534967500931589,4.0,monoclinic,['Re'],,,,
aflow:f52018dd5a8c351f,AFLOW,Fe1Hg2Mg1,FiM,predicted,0.4529693793694028,216.0,cubic,['Hg'],,,,
aflow:16d4e18212a3e74c,AFLOW,Fe1Re1Sc2,FiM,predicted,0.4521749728588719,216.0,cubic,['Re'],,,,
aflow:4de4ed0b429c8da6,AFLOW,Fe1Si1Ta2,FM,predicted,0.45196561377555006,216.0,cubic,['Ta'],,,,
aflow:340c69078949ff30,AFLOW,Fe8Re12,FM,predicted,0.45124734018859214,213.0,cubic,['Re'],,,,
2dm-5392,2DMatPedia,Ta(WO4)2,FM,predicted,0.4481594450628738,1.0,triclinic,"['Ta', 'W']",,,,
aflow:08b0f705e60b3b25,AFLOW,Fe1Pt1Ti2,FM,predicted,0.4470589399527831,216.0,cubic,['Pt'],,,,
nomad---DpKi9gFfZzfRcJ5yndMJNi-5aw,NOMAD,CaCoIr4,FM,predicted,0.445681940440872,216.0,cubic,['Ir'],,,,
aflow:a8d6436ae57b182e,AFLOW,Fe1La2Pt1,FM,predicted,0.44313453380008616,216.0,cubic,['Pt'],,,,
aflow:096e6582ba181a53,AFLOW,Fe1La1Pt2,FM,predicted,0.4407383033300619,216.0,cubic,['Pt'],,,,
aflow:127157168be73895,AFLOW,Fe2Pt1Sc1,FM,predicted,0.4397463828582335,216.0,cubic,['Pt'],,,,
aflow:e729768e47a27202,AFLOW,Fe1Pt1Zr2,FiM,predicted,0.4392417478621709,216.0,cubic,['Pt'],,,,
2dm-2935,2DMatPedia,Re2I7,FM,predicted,0.4392335555235674,1.0,triclinic,['Re'],,,,
aflow:0400c89012a8c817,AFLOW,Fe2Hf1Pt1,FiM,predicted,0.4382236321134711,216.0,cubic,['Pt'],,,,
aflow:056165190a4576a8,AFLOW,Fe2La1Pt1,FM,predicted,0.4345329670889016,216.0,cubic,['Pt'],,,,
aflow:6370b06d87fe9b28,AFLOW,Fe2Pt1Zr1,FiM,predicted,0.4337823242112299,216.0,cubic,['Pt'],,,,
aflow:a1066a6fba192dd7,AFLOW,Fe2Re1Sc1,FiM,predicted,0.43040169726673394,216.0,cubic,['Re'],,,,
nomad---H9B1LNVfcuUULNveyISsLeE2jF,NOMAD,MgMnReTc,FiM,predicted,0.40877183661859695,216.0,cubic,['Re'],,,,
aflow:bcc5af99da681400,AFLOW,Fe1La5O16Re3,FiM,predicted,0.4072878459262005,1.0,triclinic,['Re'],,,,
aflow:a6ab2c4d5231d065,AFLOW,Fe1Sc1W2,FiM,predicted,0.40212826071294233,216.0,cubic,['W'],,,,
aflow:e49880e02252e7b6,AFLOW,Fe2Sc1W1,FiM,predicted,0.3956500514545547,216.0,cubic,['W'],,,,
nomad---MenZBYZ7nHZMJRT5RLgDY-1kB3,NOMAD,CrOsZr2,FiM,predicted,0.39288854501182136,160.0,trigonal,['Os'],,,,
aflow:acf0e8bd4f54e0d2,AFLOW,Fe1Ir1Sc2,FiM,predicted,0.3843268175863157,216.0,cubic,['Ir'],,,,
aflow:f3805fef325f3464,AFLOW,Fe1Ir1Ti2,FiM,predicted,0.383285514259457,216.0,cubic,['Ir'],,,,
nomad---DDq_MxEpCxLUTScBl0WhcGD1FE,NOMAD,CoInOsSc,FM,predicted,0.37906103759577386,216.0,cubic,['Os'],,,,
aflow:71c9d5cd6386adc6,AFLOW,Fe2Ir1Ti1,FiM,predicted,0.36150116495283025,216.0,cubic,['Ir'],,,,
nomad---XTUIFeBrxHw_DVk-_VrRL8RDZB,NOMAD,CoGaTaZr,FiM,predicted,0.3582576534725913,216.0,cubic,['Ta'],,,,
2dm-1817,2DMatPedia,Re2F7,FM,predicted,0.3379871164559191,4.0,monoclinic,['Re'],,,,
