material_id,source_database,formula,ordering_final,ordering_source,confidence,space_group_number,crystal_system_bucket,heavy_soc_elements,energy_above_hull,density,volume,nsites
mp-1522159,MaterialsProject,BaSrFeBiO6,FM,ground_truth,1.0,216.0,cubic,['Bi'],0.019073074999992556,6.779240622777178,143.48096370650927,10.0
mp-1569036,MaterialsProject,Li4FeTe(WO6)2,FM,ground_truth,1.0,1.0,triclinic,['W'],0.05287419637500257,5.930987262071724,431.6581000284378,40.0
mp-1640734,MaterialsProject,YFe(WO4)2,FM,ground_truth,1.0,1.0,triclinic,['W'],0.02891657197916686,6.928620497902602,306.97379863741594,24.0
mp-2766576,MaterialsProject,Y6FeBi2,FiM,ground_truth,1.0,38.0,orthorhombic,['Bi'],0.006310904444447374,6.510325995270662,256.9092342655579,9.0
mp-769470,MaterialsProject,Li11Fe(WO4)7,FM,ground_truth,1.0,8.0,monoclinic,['W'],0.04589430174201681,5.358167042900088,578.6166651326496,47.0
mp-774932,MaterialsProject,Li2FeWO6,FM,ground_truth,1.0,146.0,trigonal,['W'],0.08637663424999609,5.595654210676422,103.7347307231733,10.0
mp-775176,MaterialsProject,Li4FeTe2WO12,FiM,ground_truth,1.0,1.0,triclinic,['W'],0.07232330550000388,5.517366715960359,215.0827904461224,20.0
mp-776005,MaterialsProject,Li4FeBi(TeO6)2,FM,ground_truth,1.0,1.0,triclinic,['Bi'],0.035517860749997965,5.603332011477984,219.23334956330126,20.0
mp-776460,MaterialsProject,Li4Fe(WO4)3,FM,ground_truth,1.0,1.0,triclinic,['W'],0.043587492499998604,6.428085150344253,213.66675013349484,20.0
mp-787524,MaterialsProject,Li4Fe(WO4)3,FM,ground_truth,1.0,3.0,monoclinic,['W'],0.04163102624999837,6.000772419527672,457.7637569409912,40.0
mp-850225,MaterialsProject,FeP6(WO8)3,FM,ground_truth,1.0,146.0,trigonal,['W'],0.0,3.999839053864763,488.7134775793289,34.0
mp-861559,MaterialsProject,TaFeO4,FM,ground_truth,1.0,109.0,tetragonal,['Ta'],0.0335178038888877,7.237528687973211,414.070353403246,36.0
mp-1043887,MaterialsProject,CaLaFeBiO6,FM,ground_truth,1.0,7.0,monoclinic,['Bi'],0.05734707675000106,6.70109755091557,267.5286350133609,20.0
mp-1043970,MaterialsProject,CaLaTaFeO6,FM,ground_truth,1.0,7.0,monoclinic,['Ta'],0.0,6.577330133753594,516.8167803665634,40.0
mp-1044069,MaterialsProject,LaZnFeWO6,FiM,ground_truth,1.0,7.0,monoclinic,['W'],0.08311035974999825,6.914716406482824,259.35531885292295,20.0
mp-1047202,MaterialsProject,Mg2FeWO6,FM,ground_truth,1.0,146.0,trigonal,['W'],0.00531255549999976,5.721315700392224,111.5356881121271,10.0
mp-1047414,MaterialsProject,Zn2FeWO6,FM,ground_truth,1.0,146.0,trigonal,['W'],0.058776070499999555,6.758152051129244,229.24624171434587,20.0
mp-1078277,MaterialsProject,Mn2FeWO6,FiM,ground_truth,1.0,146.0,trigonal,['W'],0.030312309000002813,6.281617400614672,117.7826620772119,10.0
mp-1079285,MaterialsProject,Tb6FeBi2,FM,ground_truth,1.0,38.0,orthorhombic,['Bi'],0.019143886265433174,9.305163566511801,254.71702257998137,9.0
mp-1100812,MaterialsProject,Zr4FeBiPb4O15,FM,ground_truth,1.0,9.0,monoclinic,['Bi'],0.03441406884999587,7.705882433932039,732.0241966904497,50.0
mp-1105823,MaterialsProject,NaLaFeWO6,FM,ground_truth,1.0,4.0,monoclinic,['W'],0.0,6.439923365722599,256.6010191065818,20.0
mp-1173139,MaterialsProject,Ta2FeO6,FM,ground_truth,1.0,18.0,orthorhombic,['Ta'],0.00928762629636637,7.878855470506248,649.6481336885275,54.0
mp-1173143,MaterialsProject,Ta2FeO6,FM,ground_truth,1.0,3.0,monoclinic,['Ta'],0.008014888703774758,7.885522233814767,649.0988929137632,54.0
mp-1189143,MaterialsProject,NaNdFeWO6,FM,ground_truth,1.0,4.0,monoclinic,['W'],0.0,6.615996098020629,252.4508640849,20.0
mp-1189616,MaterialsProject,Ta3FeS6,FM,ground_truth,1.0,182.0,hexagonal,['Ta'],0.0,7.757532138496357,338.6687840555226,20.0
mp-1194007,MaterialsProject,FeCu4BiPbS6,FM,ground_truth,1.0,26.0,orthorhombic,['Bi'],0.028944319855769507,5.98033349832617,510.12880563045684,26.0
mp-1197024,MaterialsProject,FeBi(SeO3)3,FM,ground_truth,1.0,19.0,orthorhombic,['Bi'],0.0,4.819103847022588,889.9663595870363,56.0
mp-1205841,MaterialsProject,Y6FeBi2,FM,ground_truth,1.0,189.0,hexagonal,['Bi'],0.008161954444442898,6.535858033515612,255.9056297868327,9.0
mp-1208356,MaterialsProject,Ti4Fe(BiO3)6,FM,ground_truth,1.0,42.0,orthorhombic,['Bi'],0.05668285413793228,7.47881764498263,397.2567684951091,29.0
mp-1215350,MaterialsProject,ZrFeRe,FM,ground_truth,1.0,38.0,orthorhombic,['Re'],0.048590876666665395,11.574652412802834,191.25164160307432,12.0
mp-1216981,MaterialsProject,TiFeBiPbO6,FM,ground_truth,1.0,44.0,orthorhombic,['Bi'],0.02569924620312314,7.409445297465328,138.02752749387463,10.0
mp-1217245,MaterialsProject,Ti3Fe(BiO3)5,FM,ground_truth,1.0,8.0,monoclinic,['Bi'],0.04277876598957775,7.629649810800384,323.0558363940264,24.0
mp-1217452,MaterialsProject,Ti3Fe(BiO3)5,FM,ground_truth,1.0,4.0,monoclinic,['Bi'],0.013427247031245315,7.812930973199619,630.9547363151055,48.0
mp-1217456,MaterialsProject,Ti4FeBiPb4O15,FM,ground_truth,1.0,35.0,orthorhombic,['Bi'],0.014955193681257306,7.229273534025292,350.30659964395204,25.0
mp-1217857,MaterialsProject,Tb12FeCoBi4,FM,ground_truth,1.0,6.0,monoclinic,['Bi'],0.027721515262345342,9.28565690381995,511.05648573564514,18.0
mp-1217946,MaterialsProject,TaFeO4,FM,ground_truth,1.0,35.0,orthorhombic,['Ta'],0.03046561749999732,7.223712541997927,207.43115428333016,18.0
mp-1217936,MaterialsProject,TaMn2FeO6,FM,ground_truth,1.0,146.0,trigonal,['Ta'],0.04963443524999889,6.366565690654816,115.45677482318166,10.0
mp-1218064,MaterialsProject,TaAlFe,FM,ground_truth,1.0,38.0,orthorhombic,['Ta'],0.06828810556666731,10.391291691556717,168.60569040626763,12.0
mp-1218209,MaterialsProject,SrMnFeBiO6,FM,ground_truth,1.0,146.0,trigonal,['Bi'],0.028379892749999414,7.258563880382157,115.15802752505157,10.0
mp-1218521,MaterialsProject,Sr3TaFeO7,FM,ground_truth,1.0,107.0,tetragonal,['Ta'],0.03719529416667555,5.989421460133058,169.57673397236323,12.0
mp-1218551,MaterialsProject,Sr3Y2FeCu3BiO12,FiM,ground_truth,1.0,38.0,orthorhombic,['Bi'],0.05811719485794331,6.1573072526535,293.4527733942784,22.0
mp-1218840,MaterialsProject,Sr2FeBiPbO6,FM,ground_truth,1.0,107.0,tetragonal,['Bi'],0.09378152619317781,7.164417148982882,172.27015564148468,11.0
mp-1220715,MaterialsProject,Nb3Fe(BiO3)6,FM,ground_truth,1.0,1.0,triclinic,['Bi'],0.00033819580359306656,7.882002571326129,395.31766557944275,28.0
mp-1224912,MaterialsProject,FeSiW,FM,ground_truth,1.0,38.0,orthorhombic,['W'],0.07712344583333497,11.806353387538419,150.6454574614251,12.0
mp-1224899,MaterialsProject,FeRe(PbO3)2,FiM,ground_truth,1.0,107.0,tetragonal,['Re'],0.08009710981696472,9.603897301799138,130.10030472860998,10.0
mp-1224924,MaterialsProject,FeRe2(MoS4)2,FM,ground_truth,1.0,44.0,orthorhombic,['Re'],0.08725535240384552,6.357895929168047,228.963565279815,13.0
mp-1225033,MaterialsProject,FeMo3PtN,FiM,ground_truth,1.0,198.0,cubic,['Pt'],0.0,11.774749356454743,311.8104369381107,24.0
mp-1225028,MaterialsProject,FeCo(BiO3)2,FM,ground_truth,1.0,99.0,tetragonal,['Bi'],0.047762016500001,7.552293199205443,138.24141355107727,10.0
mp-1225056,MaterialsProject,GaFe(BiO3)2,FM,ground_truth,1.0,1.0,triclinic,['Bi'],0.04735103725000123,8.025052081896568,132.33017920899317,10.0
mp-1225377,MaterialsProject,Eu2FeP3Pt7,FM,ground_truth,1.0,119.0,tetragonal,['Pt'],0.0,13.418546714088336,225.011608079594,13.0
mp-1227209,MaterialsProject,CaMnFeBiO6,FM,ground_truth,1.0,7.0,monoclinic,['Bi'],0.014174021791670377,6.508982952711081,232.5821272583068,20.0
mp-1228547,MaterialsProject,Ba4Ta10FeO30,FM,ground_truth,1.0,44.0,orthorhombic,['Ta'],0.0,7.677994830544311,626.0253373984401,45.0
mp-1280283,MaterialsProject,FeRe(PbO3)2,FiM,ground_truth,1.0,79.0,tetragonal,['Re'],0.07857370281696419,9.591359421666516,130.27037259429963,10.0
mp-1282646,MaterialsProject,Sr2FeWO6,FM,ground_truth,1.0,1.0,triclinic,['W'],0.04139536799999988,6.472950910785065,262.13853852458914,20.0
mp-1289779,MaterialsProject,Mn2FeReO6,FiM,ground_truth,1.0,4.0,monoclinic,['Re'],0.07996477903571453,6.584236150036387,225.9323932562641,20.0
mp-1343817,MaterialsProject,CaFeReO6,FM,ground_truth,1.0,7.0,monoclinic,['Re'],0.04339175130093054,5.578547102307923,225.11010436043568,18.0
mp-1519427,MaterialsProject,BaCaFeBiO6,FM,ground_truth,1.0,216.0,cubic,['Bi'],0.09461198099999546,6.332166550129589,141.1438916308195,10.0
mp-1520073,MaterialsProject,SrCaFeBiO6,FM,ground_truth,1.0,216.0,cubic,['Bi'],0.08949794314999693,5.945669861463925,136.43647103562049,10.0
mp-22972,MaterialsProject,Tb6FeBi2,FiM,ground_truth,1.0,189.0,hexagonal,['Bi'],0.012122322932099472,9.315567717531252,254.43254025421183,9.0
mp-23501,MaterialsProject,FeBiO3,FM,ground_truth,1.0,161.0,trigonal,['Bi'],0.0016325030000015062,8.287008794993108,125.36629858388716,10.0
mp-39933,MaterialsProject,TaFeO4,FM,ground_truth,1.0,33.0,orthorhombic,['Ta'],0.04202127208333195,7.341953805547827,272.1206680552962,24.0
mp-531102,MaterialsProject,Fe(Bi5O8)5,FM,ground_truth,1.0,5.0,monoclinic,['Bi'],0.052631362272731685,8.750990907402207,1123.4088836868182,66.0
mp-550745,MaterialsProject,TiFe(BiO3)2,FM,ground_truth,1.0,146.0,trigonal,['Bi'],0.015400652750000354,7.738226847135911,530.1802898932497,40.0
mp-551086,MaterialsProject,CrFe(BiO3)2,FiM,ground_truth,1.0,146.0,trigonal,['Bi'],0.01586800900000096,8.134992861679226,253.84665670742964,20.0
mp-682554,MaterialsProject,FeCu4Re14(Mo3S20)2,FM,ground_truth,1.0,8.0,monoclinic,['Re'],0.03541034217307448,7.073853072366614,1120.9380917300675,65.0
mp-698573,MaterialsProject,FeBi25O39,FM,ground_truth,1.0,146.0,trigonal,['Bi'],0.027127071153849158,8.891818772683228,1102.6285564635195,65.0
mp-754685,MaterialsProject,Li4CrFe(WO6)2,FM,ground_truth,1.0,1.0,triclinic,['W'],0.08040040137846827,5.585210800290418,206.71307816109993,20.0
mp-755203,MaterialsProject,Li4NbFe(WO6)2,FM,ground_truth,1.0,1.0,triclinic,['W'],0.02156497699999793,5.692818362222221,429.4776882675427,40.0
mp-757500,MaterialsProject,Li4VFe(WO6)2,FM,ground_truth,1.0,1.0,triclinic,['W'],0.07205335309375016,5.658725101484065,203.71813288866753,20.0
mp-757766,MaterialsProject,FeBi25O39,FM,ground_truth,1.0,1.0,triclinic,['Bi'],0.025214451615387823,8.84907256183147,1107.9548991323613,65.0
mp-759730,MaterialsProject,Fe(Bi5O8)5,FM,ground_truth,1.0,195.0,cubic,['Bi'],0.028678691212125074,8.83493465544048,1112.7349901093382,66.0
mp-2214664,MaterialsProject,Fe2Si2BiO9,FM,ground_truth,1.0,1.0,triclinic,['Bi'],0.07885944023809355,4.589957084215182,188.42627733367956,14.0
mp-2218623,MaterialsProject,MgTa2(FeO4)2,FM,ground_truth,1.0,8.0,monoclinic,['Ta'],0.08154378586540112,5.886647612671586,176.5534745160025,13.0
mp-2218825,MaterialsProject,MgTa2(FeO4)2,FM,ground_truth,1.0,1.0,triclinic,['Ta'],0.09532153355770845,6.190820384684536,167.87889563710218,13.0
mp-2218789,MaterialsProject,MgTa2(FeO4)2,FM,ground_truth,1.0,5.0,monoclinic,['Ta'],0.060339255096170774,6.091828468533554,170.60691952127237,13.0
mp-771478,MaterialsProject,Mn3Fe2P6WO24,FM,ground_truth,1.0,146.0,trigonal,['W'],0.08646326045139574,3.6392879675968817,470.0483662529541,36.0
mp-1103601,MaterialsProject,Fe2Si2BiO9,FM,ground_truth,1.0,8.0,monoclinic,['Bi'],0.08085671666666361,4.61002466628593,187.6060518341649,14.0
mp-1216934,MaterialsProject,TiFe2Bi2PbO9,FM,ground_truth,1.0,143.0,trigonal,['Bi'],0.034554103937496805,7.857165807395383,392.5494922199379,30.0
mp-1216956,MaterialsProject,TiFe2Bi2PbO9,FM,ground_truth,1.0,35.0,orthorhombic,['Bi'],0.029277980270831172,7.420047683036686,207.8373738104229,15.0
mp-1217427,MaterialsProject,Ti3Fe2(BiO3)6,FM,ground_truth,1.0,8.0,monoclinic,['Bi'],0.053095289482759433,7.604112043678405,392.4532796676472,29.0
mp-1222691,MaterialsProject,Li5Fe2(IrO5)2,FM,ground_truth,1.0,5.0,monoclinic,['Ir'],0.01905748465789081,5.988287142244331,191.5637233084632,19.0
mp-1224629,MaterialsProject,GdFe2BiO6,FM,ground_truth,1.0,26.0,orthorhombic,['Bi'],0.05667175424999904,8.326974267185621,228.89737331484451,20.0
mp-1224737,MaterialsProject,Fe2CuNiPt4,FM,ground_truth,1.0,99.0,tetragonal,['Pt'],0.032674593750002145,15.292532180967815,110.13397277985533,8.0
mp-1225535,MaterialsProject,Dy18Mn(FeBi3)2,FiM,ground_truth,1.0,38.0,orthorhombic,['Bi'],0.021804820931072832,9.463283878385162,762.5143619334992,27.0
mp-1228376,MaterialsProject,Ba3Fe2WO9,FM,ground_truth,1.0,186.0,hexagonal,['W'],0.0,6.610572786566528,427.786929168225,30.0
mp-1301722,MaterialsProject,Ca3Fe2(WO6)2,FM,ground_truth,1.0,160.0,trigonal,['W'],0.08912061684210748,5.428015771484652,242.16536365599393,19.0
mp-1366463,MaterialsProject,Ca3Fe2(ReO6)2,FiM,ground_truth,1.0,1.0,triclinic,['Re'],0.026390056157897135,5.748148925094256,230.04595434392562,19.0
mp-639789,MaterialsProject,Fe2Re3,FM,ground_truth,1.0,213.0,cubic,['Re'],0.0,16.74598483944207,265.8733098110027,20.0
mp-754090,MaterialsProject,Li4Fe2TeWO12,FM,ground_truth,1.0,1.0,triclinic,['W'],0.08507909945000236,5.161507472025218,206.8269113391573,20.0
mp-758943,MaterialsProject,Ti3Fe2P6WO24,FM,ground_truth,1.0,146.0,trigonal,['W'],0.03508015226081085,3.6158092297206097,463.35855063366586,36.0
mp-769471,MaterialsProject,Fe3Co2P6WO24,FM,ground_truth,1.0,146.0,trigonal,['W'],0.07597524074071149,3.8118033246699126,452.6507419361691,36.0
mp-770521,MaterialsProject,Li4V3Fe3(WO8)2,FM,ground_truth,1.0,8.0,monoclinic,['W'],0.017306481127233653,5.184981184395746,311.22615116610007,28.0
mp-770860,MaterialsProject,Li4Mn2Fe3P6WO24,FM,ground_truth,1.0,1.0,triclinic,['W'],0.08438748703125398,3.58016104173122,491.1093618189523,40.0
mp-771171,MaterialsProject,Li7Fe3(WO8)2,FM,ground_truth,1.0,8.0,monoclinic,['W'],0.0910794486190456,4.756765065973579,293.1631204486813,28.0
mp-771917,MaterialsProject,Li4Fe3Ni3(WO8)2,FM,ground_truth,1.0,8.0,monoclinic,['W'],0.042358236071426525,5.564392351170413,296.9450448557369,28.0
mp-772992,MaterialsProject,Li9Fe3(WO4)7,FM,ground_truth,1.0,160.0,trigonal,['W'],0.07031870723404143,5.222424848034135,624.7555198554235,47.0
mp-773627,MaterialsProject,Li2Fe3BiO8,FM,ground_truth,1.0,1.0,triclinic,['Bi'],0.07222510241071767,5.200879858432882,662.0504135993601,56.0
mp-775004,MaterialsProject,Fe3P6WO24,FM,ground_truth,1.0,146.0,trigonal,['W'],0.041359631017150456,3.131737676775243,488.44891092352253,34.0
mp-775133,MaterialsProject,Li4Ti3Fe3(WO8)2,FM,ground_truth,1.0,1.0,triclinic,['W'],0.0383531715029779,5.147693856304056,310.505208818607,28.0
mp-775194,MaterialsProject,Li2Fe3WO8,FM,ground_truth,1.0,36.0,orthorhombic,['W'],0.030262151428569695,5.284583303121448,309.9826426984107,28.0
mp-775493,MaterialsProject,Li2Fe3WO8,FM,ground_truth,1.0,5.0,monoclinic,['W'],0.0509630973214259,5.1146587029077475,640.5624277256999,56.0
mp-776860,MaterialsProject,Li4Fe3Co3(WO8)2,FM,ground_truth,1.0,1.0,triclinic,['W'],0.05560329897321292,5.517302225595347,299.69598104314287,28.0
mp-850533,MaterialsProject,Fe3Ni2P6WO24,FM,ground_truth,1.0,146.0,trigonal,['W'],0.02916592576390009,3.839574841924725,449.16932110900103,36.0
mp-1101108,MaterialsProject,Ti2Fe3Bi3Pb2O15,FM,ground_truth,1.0,35.0,orthorhombic,['Bi'],0.028349820243760426,7.41762438998964,345.7806035530867,25.0
mp-1177221,MaterialsProject,Li4V3Fe3(WO8)2,FM,ground_truth,1.0,1.0,triclinic,['W'],0.03519575469866254,5.224228060203741,308.88807289649645,28.0
mp-1177969,MaterialsProject,Li2Fe3WO8,FM,ground_truth,1.0,9.0,monoclinic,['W'],0.058626501428570066,5.577721615048028,293.6914408639553,28.0
mp-1177973,MaterialsProject,Li2Fe3WO8,FM,ground_truth,1.0,1.0,triclinic,['W'],0.0552227441071409,5.169025182749908,633.8251565607588,56.0
mp-1177997,MaterialsProject,Li2Fe3BiO8,FM,ground_truth,1.0,212.0,cubic,['Bi'],0.00384116383928923,5.249745681952784,655.8878981877201,56.0
mp-1181596,MaterialsProject,Fe3Co(BiO3)4,FM,ground_truth,1.0,1.0,triclinic,['Bi'],0.08115216875000097,7.887979460534606,264.06652258569414,20.0
mp-1190340,MaterialsProject,Ba3TaFe3(SiO7)2,FM,ground_truth,1.0,150.0,trigonal,['Ta'],0.0,5.005620508589743,345.2121316882518,23.0
mp-1217154,MaterialsProject,TiFe3Bi3PbO12,FM,ground_truth,1.0,1.0,triclinic,['Bi'],0.031002175953124933,7.426448912101186,277.60495734526785,20.0
mp-1217638,MaterialsProject,Ti3Fe3(BiO3)7,FM,ground_truth,1.0,8.0,monoclinic,['Bi'],0.057487269117647344,7.59888769647075,461.0825504908203,34.0
mp-1217793,MaterialsProject,SrTiFe3(BiO4)3,FM,ground_truth,1.0,146.0,trigonal,['Bi'],0.03060700525000115,7.273179482438343,256.1536912580928,20.0
mp-1217870,MaterialsProject,Tb24Fe3CoBi8,FiM,ground_truth,1.0,6.0,monoclinic,['Bi'],0.020096732986110588,9.245901020867423,1025.953260819834,36.0
mp-1218078,MaterialsProject,Ta6Cr3Fe3C2,FM,ground_truth,1.0,44.0,orthorhombic,['Ta'],0.013407564821429574,12.740099048325053,373.6136883376051,28.0
mp-1218173,MaterialsProject,Ta6V3Fe3C2,FiM,ground_truth,1.0,44.0,orthorhombic,['Ta'],0.032584718434055304,12.39599706974751,383.13724515226716,28.0
mp-1221875,MaterialsProject,MnFe3(BiO3)4,FM,ground_truth,1.0,1.0,triclinic,['Bi'],0.03937309520833843,7.980520876211607,260.17314357245255,20.0
mp-1224884,MaterialsProject,Fe3Mo6PtN2,FiM,ground_truth,1.0,4.0,monoclinic,['Pt'],0.003985763819445154,10.62548655042776,302.01592441044465,24.0
mp-1225125,MaterialsProject,Fe3Si4Ir,FM,ground_truth,1.0,146.0,trigonal,['Ir'],0.015335263124999443,8.3222922542256,94.19646742214343,8.0
mp-1227513,MaterialsProject,BaTiFe3(BiO4)3,FM,ground_truth,1.0,146.0,trigonal,['Bi'],0.035925644250005107,7.416278668843305,262.3407606407354,20.0
mp-1227908,MaterialsProject,BaSr6Fe3Bi3O16,FM,ground_truth,1.0,107.0,tetragonal,['Bi'],0.07647258436423776,6.245527982579832,455.5829844749858,29.0
mp-757052,MaterialsProject,Mn2Fe3P6WO24,FM,ground_truth,1.0,146.0,trigonal,['W'],0.015257987777776094,3.691193988038133,463.8464960803118,36.0
mp-758580,MaterialsProject,V2Fe3P6WO24,FM,ground_truth,1.0,146.0,trigonal,['W'],0.08915220500000665,3.7168136623817416,457.0782163960203,36.0
mp-759296,MaterialsProject,Li4Fe3Cu3(WO8)2,FiM,ground_truth,1.0,8.0,monoclinic,['W'],0.06019036189731963,5.478028792283926,306.03937940818497,28.0
mp-761030,MaterialsProject,Li4Cr3Fe3(WO8)2,FM,ground_truth,1.0,1.0,triclinic,['W'],0.05439010508928277,5.373151943573295,301.30459149415645,28.0
mp-764443,MaterialsProject,Li4Mn3Fe3(WO8)2,FM,ground_truth,1.0,1.0,triclinic,['W'],0.0629151982142826,5.272718776911053,309.82327416763036,28.0
mp-1217795,MaterialsProject,SrTiFe4Bi4O15,FM,ground_truth,1.0,8.0,monoclinic,['Bi'],0.06476436200000713,7.18019501047191,331.81655618192207,25.0
mp-1222178,MaterialsProject,MnFe4(BiO3)5,FM,ground_truth,1.0,1.0,triclinic,['Bi'],0.03947141156667566,8.010147888545676,648.1211206853383,50.0
mp-1222983,MaterialsProject,LaFe4(BiO4)3,FM,ground_truth,1.0,6.0,monoclinic,['Bi'],0.04397683074999925,7.865063256442153,249.38910406059,20.0
mp-1225148,MaterialsProject,GdFe4(BiO4)3,FM,ground_truth,1.0,6.0,monoclinic,['Bi'],0.03589685562500122,8.095117048604498,246.06474195618134,20.0
mp-1225360,MaterialsProject,Fe4Co(BiO3)5,FM,ground_truth,1.0,1.0,triclinic,['Bi'],0.04093129320000255,7.355205532428949,353.81840852400336,25.0
mp-774930,MaterialsProject,Li4Fe5P6WO24,FM,ground_truth,1.0,1.0,triclinic,['W'],0.08835411381250324,3.6346289718145375,484.5783947947002,40.0
mp-780405,MaterialsProject,Fe5P6WO24,FM,ground_truth,1.0,146.0,trigonal,['W'],0.02111536541664627,3.7559600742091868,456.6500794042199,36.0
mp-1218111,MaterialsProject,Ta4Fe5Te12,FM,ground_truth,1.0,6.0,monoclinic,['Ta'],0.037208587857142206,7.9437004947971745,529.7487667515501,21.0
mp-1218304,MaterialsProject,SrFe5Bi4O15,FM,ground_truth,1.0,1.0,triclinic,['Bi'],0.07751681260000609,7.378362011042729,324.7001649140659,25.0
mp-1220539,MaterialsProject,NdFe5Bi4O15,FM,ground_truth,1.0,1.0,triclinic,['Bi'],0.05028043560000395,7.1467383628964445,348.37967734592974,25.0
mp-1223162,MaterialsProject,LaFe5Bi4O15,FM,ground_truth,1.0,1.0,triclinic,['Bi'],0.040843440400004205,7.697814343465527,644.5769611188825,50.0
mp-1225422,MaterialsProject,Fe5Bi4O13F,FM,ground_truth,1.0,94.0,tetragonal,['Bi'],0.02739336543478288,6.7926730757837515,1312.397188500035,92.0
mp-1226261,MaterialsProject,DyFe5Bi4O15,FM,ground_truth,1.0,1.0,triclinic,['Bi'],0.043992208000001476,7.90973794016368,637.2136589925591,50.0
mp-1228771,MaterialsProject,BaFe5Bi4O15,FM,ground_truth,1.0,9.0,monoclinic,['Bi'],0.06241563020000829,7.660143907468059,647.0624591958147,50.0
mp-752576,MaterialsProject,Li6Fe5WO12,FM,ground_truth,1.0,8.0,monoclinic,['W'],0.08033055062500072,4.847976817443819,238.63642977876768,24.0
mp-1216006,MaterialsProject,YFe6Co5Re,FiM,ground_truth,1.0,44.0,orthorhombic,['Re'],0.06723443850960464,9.063876173654105,165.77199385691821,13.0
mp-1216155,MaterialsProject,YFe6Co5W,FiM,ground_truth,1.0,44.0,orthorhombic,['W'],0.05315312781248416,8.943564574566462,167.56253246769526,13.0
mp-1216150,MaterialsProject,YFe6Bi(BO3)8,FM,ground_truth,1.0,3.0,monoclinic,['Bi'],0.01214214470832431,4.42858160638183,413.74158558964024,40.0
mp-1217577,MaterialsProject,TbFe6Co5W,FiM,ground_truth,1.0,44.0,orthorhombic,['W'],0.07002187858170927,10.071807030791604,160.33631698879393,13.0
mp-1220241,MaterialsProject,NdFe6Bi(BO3)8,FM,ground_truth,1.0,155.0,trigonal,['Bi'],0.024096098046875625,4.748078048698659,405.25370370934104,40.0
mp-1225123,MaterialsProject,Fe6Bi(P3O13)2,FM,ground_truth,1.0,6.0,monoclinic,['Bi'],0.06519314384615083,3.799601727208981,500.7825243292195,39.0
mp-770783,MaterialsProject,Fe7P12WO48,FM,ground_truth,1.0,1.0,triclinic,['W'],0.07351626456494298,3.007513222136131,946.5783877384351,68.0
mp-1176835,MaterialsProject,Li8Fe7P12WO48,FM,ground_truth,1.0,1.0,triclinic,['W'],0.015592453618424429,3.154199522984823,931.7905886782345,76.0
mp-1218037,MaterialsProject,Ta3Fe8Si,FiM,ground_truth,1.0,156.0,trigonal,['Ta'],0.09000277440476623,11.0740863397183,152.6006322458005,12.0
mp-1218090,MaterialsProject,Ta3AlFe8,FiM,ground_truth,1.0,156.0,trigonal,['Ta'],0.029846799166667992,11.11827064264492,151.82931412692605,12.0
mp-1228981,MaterialsProject,Ba10Fe8Pt2Cl2O25,FM,ground_truth,1.0,187.0,hexagonal,['Pt'],0.03451377141842915,5.799963687689694,767.6001560494327,47.0
mp-1225266,MaterialsProject,Fe9B4Ir3,FM,ground_truth,1.0,6.0,monoclinic,['Ir'],0.03601886499999907,11.041873776124262,168.80786202185283,16.0
mp-616616,MaterialsProject,Sr15Fe10(Bi5O23)2,FM,ground_truth,1.0,21.0,orthorhombic,['Bi'],0.017102913287041055,6.236646929540435,2502.013258629972,162.0
mp-1216026,MaterialsProject,YFe11Re,FiM,ground_truth,1.0,44.0,orthorhombic,['Re'],0.018151979326926693,8.702235348267001,169.71461055960222,13.0
mp-1217563,MaterialsProject,TbFe11W,FiM,ground_truth,1.0,44.0,orthorhombic,['W'],0.00898684083333201,9.33568469039302,170.23240985470176,13.0
mp-1217548,MaterialsProject,TbFe11Re,FiM,ground_truth,1.0,44.0,orthorhombic,['Re'],0.01615023685897654,9.368792543710772,170.05036572560974,13.0
mp-1224069,MaterialsProject,HoFe11Re,FiM,ground_truth,1.0,44.0,orthorhombic,['Re'],0.018759594166668947,9.55505104865584,167.77912306220455,13.0
mp-1225192,MaterialsProject,GdFe11W,FiM,ground_truth,1.0,44.0,orthorhombic,['W'],0.016455761153853388,9.27073586190204,171.12494002548868,13.0
mp-1219445,MaterialsProject,Sc4TaFe19P12,FiM,ground_truth,1.0,6.0,monoclinic,['Ta'],0.0,6.894135663260303,431.98978775413514,36.0
mp-1227244,MaterialsProject,Fe74W13,FiM,ground_truth,1.0,42.0,orthorhombic,['W'],0.07035867686781394,10.335993517013211,1047.870534385457,87.0
mp-1577482,MaterialsProject,CoP2WO8,FiM,ground_truth,1.0,6.0,monoclinic,['W'],0.06484487177083764,4.779503424198713,300.6762943636079,24.0
mp-1974700,MaterialsProject,CoWO4,FM,ground_truth,1.0,7.0,monoclinic,['W'],0.05592739479166653,8.106772650193086,125.67390558041987,12.0
mp-774466,MaterialsProject,CoP6(WO8)3,FM,ground_truth,1.0,146.0,trigonal,['W'],0.0,3.979679156223205,492.4777212647945,34.0
mp-1042205,MaterialsProject,YCo(WO4)2,FM,ground_truth,1.0,3.0,monoclinic,['W'],0.03181168947916646,7.0247943605723995,304.2311248928817,24.0
mp-1197411,MaterialsProject,CoH20PtC4(NO3)4,FM,ground_truth,1.0,23.0,orthorhombic,['Pt'],0.049890752874993005,2.33747819623508,405.09602828419486,42.0
mp-1208409,MaterialsProject,Ta3CoS6,FM,ground_truth,1.0,182.0,hexagonal,['Ta'],0.0,7.571772707178094,348.3319184972003,20.0
mp-1210062,MaterialsProject,NaNdCoWO6,FM,ground_truth,1.0,4.0,monoclinic,['W'],0.0,6.793128249874095,247.37793941379914,20.0
mp-1221947,MaterialsProject,Mn4CoSb4Ir3,FiM,ground_truth,1.0,160.0,trigonal,['Ir'],0.0850578027083344,10.11260073997254,220.42484156145542,12.0
mp-1226007,MaterialsProject,CoIr,FM,ground_truth,1.0,187.0,hexagonal,['Ir'],0.024336602500000026,16.40856257158495,25.41628550002188,2.0
mp-1226126,MaterialsProject,CoRe2(MoS4)2,FM,ground_truth,1.0,44.0,orthorhombic,['Re'],0.07910887158808944,6.452859408731501,226.38872095889272,13.0
mp-1227676,MaterialsProject,BaSrCoWO6,FM,ground_truth,1.0,216.0,cubic,['W'],0.01503080999999895,6.924454791782737,135.18370152504895,10.0
mp-1228112,MaterialsProject,BaLaCoIrO6,FM,ground_truth,1.0,1.0,triclinic,['Ir'],0.0772746004583329,7.849123962471819,131.88035978646153,10.0
mp-1228585,MaterialsProject,Ba4Ta10CoO30,FM,ground_truth,1.0,44.0,orthorhombic,['Ta'],0.0,7.726021007637913,622.7976041002285,45.0
mp-1275766,MaterialsProject,Sr3TaCoO7,FM,ground_truth,1.0,1.0,triclinic,['Ta'],0.03319309520833347,6.040399878640073,675.978159428154,48.0
mp-1294264,MaterialsProject,Zn2CoWO6,FM,ground_truth,1.0,1.0,triclinic,['W'],0.056516849500000355,6.958004661139808,112.06783923739799,10.0
mp-1298696,MaterialsProject,Sr3TaCoO7,FiM,ground_truth,1.0,5.0,monoclinic,['Ta'],0.012477592291666895,6.119026361499211,333.6460860721598,24.0
mp-1302208,MaterialsProject,Sr3TaCoO7,FiM,ground_truth,1.0,31.0,orthorhombic,['Ta'],0.031700227291666216,6.056013340944695,674.2353694247666,48.0
mp-1304728,MaterialsProject,Sr3TaCoO7,FiM,ground_truth,1.0,8.0,monoclinic,['Ta'],0.035602834791666815,6.060389944331008,673.7484600298097,48.0
mp-1309013,MaterialsProject,Sr3TaCoO7,FiM,ground_truth,1.0,99.0,tetragonal,['Ta'],0.04192725604166725,6.106869572756509,334.3102667845338,24.0
mp-25289,MaterialsProject,LiCo(WO4)2,FM,ground_truth,1.0,1.0,triclinic,['W'],0.09684914982639192,6.718014696723529,138.802124082978,12.0
mp-30922,MaterialsProject,Ho6CoBi2,FM,ground_truth,1.0,189.0,hexagonal,['Bi'],0.03085455083333244,9.865287031691105,246.83930053581759,9.0
mp-30921,MaterialsProject,Y6CoBi2,FM,ground_truth,1.0,189.0,hexagonal,['Bi'],0.020919509166665406,6.6348845636408855,252.85909929885122,9.0
mp-545769,MaterialsProject,MnCo(BiO3)2,FM,ground_truth,1.0,5.0,monoclinic,['Bi'],0.02858951560000822,8.465496140256535,246.30184360759822,20.0
mp-645301,MaterialsProject,K2CoP2WO10,FM,ground_truth,1.0,92.0,tetragonal,['W'],0.0,3.800561121291398,948.8340562217385,64.0
mp-677295,MaterialsProject,Co(Bi3O5)4,FM,ground_truth,1.0,197.0,cubic,['Bi'],0.019745242196969492,9.180273622510535,522.1472770319053,33.0
mp-686514,MaterialsProject,Co(Bi5O8)5,FM,ground_truth,1.0,5.0,monoclinic,['Bi'],0.0316178957323201,8.836906804067334,3339.2008809103672,198.0
mp-743579,MaterialsProject,SrCoBiRuO6,FM,ground_truth,1.0,7.0,monoclinic,['Bi'],0.08565112199999714,7.237462964063187,253.5733545688055,20.0
mp-1173226,MaterialsProject,Sr3LaTa2(CoO6)2,FM,ground_truth,1.0,1.0,triclinic,['Ta'],0.08280823629165468,6.850060564796829,520.4691496756946,40.0
mp-1173242,MaterialsProject,Sr3LaTa2(CoO6)2,FM,ground_truth,1.0,25.0,orthorhombic,['Ta'],0.03785604704165557,6.883948246191611,517.9070309482942,40.0
mp-1228027,MaterialsProject,Ba3Co2WO9,FM,ground_truth,1.0,186.0,hexagonal,['W'],0.0928549676666739,6.681698014296546,426.3031493062755,30.0
mp-1374973,MaterialsProject,Ca3Co2(WO6)2,FM,ground_truth,1.0,1.0,triclinic,['W'],0.06717477535885852,5.722714704142198,231.48691112857216,19.0
mp-690537,MaterialsProject,Co2Bi11O20,FM,ground_truth,1.0,1.0,triclinic,['Bi'],0.061721984621214254,8.5215619091992,533.2702709595168,33.0
mp-758476,MaterialsProject,V3Co2P6WO24,FM,ground_truth,1.0,146.0,trigonal,['W'],0.09529836593364216,3.6696873864101223,463.5240182453902,36.0
mp-772794,MaterialsProject,Co3BiO8,FM,ground_truth,1.0,212.0,cubic,['Bi'],0.0711651600694454,6.044595971500606,564.5662812578704,48.0
mp-774637,MaterialsProject,Co3P6WO24,FM,ground_truth,1.0,146.0,trigonal,['W'],0.05776292562500185,3.1982570374720947,483.1000275356516,34.0
mp-779751,MaterialsProject,Li4Ti3Co3(WO8)2,FiM,ground_truth,1.0,8.0,monoclinic,['W'],0.07237656910714563,5.29900608547756,304.5420094078539,28.0
mp-849422,MaterialsProject,Li4Cr3Co3(WO8)2,FM,ground_truth,1.0,8.0,monoclinic,['W'],0.06239212946428285,5.520314767676954,296.0591244386547,28.0
mp-1178443,MaterialsProject,Co3BiO8,FM,ground_truth,1.0,4.0,monoclinic,['Bi'],0.05031645756944503,5.8862154261465625,579.7570802756806,48.0
mp-1217952,MaterialsProject,Ta12Co3Pt3Se32,FM,ground_truth,1.0,8.0,monoclinic,"['Pt', 'Ta']",0.0,7.710476649921107,1175.9047342265403,50.0
mp-1218094,MaterialsProject,Ta6V3Co3C2,FM,ground_truth,1.0,44.0,orthorhombic,['Ta'],0.0,12.49750944761351,382.4871346531448,28.0
mp-758255,MaterialsProject,Li4Co3Cu3(WO8)2,FM,ground_truth,1.0,8.0,monoclinic,['W'],0.0752715385586713,5.952013791696933,284.25282543544205,28.0
mp-761155,MaterialsProject,Li4Co3Ni3(WO8)2,FM,ground_truth,1.0,8.0,monoclinic,['W'],0.06139190959821139,5.622633399807876,296.6053133963942,28.0
mp-773173,MaterialsProject,Ta2Co4O9,FM,ground_truth,1.0,30.0,orthorhombic,['Ta'],0.023068768000014117,7.276017210397255,677.015550004665,60.0
mp-1215205,MaterialsProject,ZrTaCo4,FM,ground_truth,1.0,216.0,cubic,['Ta'],0.049591088500003266,10.584679737984532,79.68077939948355,6.0
mp-1228609,MaterialsProject,Ba5Co4PtClO13,FM,ground_truth,1.0,36.0,orthorhombic,['Pt'],0.06165080116318311,6.111341113222629,739.5504725389452,48.0
mp-704097,MaterialsProject,Sr6Co4Bi2O15,FM,ground_truth,1.0,21.0,orthorhombic,['Bi'],0.02821983527776073,6.058507645352801,1556.1434582009053,108.0
mp-1229198,MaterialsProject,Ba10Co7(IrO10)3,FiM,ground_truth,1.0,8.0,monoclinic,['Ir'],0.06942733620000396,6.820499330810415,692.027774732081,50.0
mp-698580,MaterialsProject,Co7Re17O48,FiM,ground_truth,1.0,1.0,triclinic,['Re'],0.08455395870370452,9.052563365051574,797.2040595099764,72.0
mp-1224459,MaterialsProject,Hf3TaCo8,FM,ground_truth,1.0,160.0,trigonal,['Ta'],0.043596647638887376,12.308427907847925,160.25822925650738,12.0
mp-1216765,MaterialsProject,V2Co9W,FiM,ground_truth,1.0,160.0,trigonal,['W'],0.007859493055555333,10.22986737647038,132.47503699707224,12.0
mp-1224958,MaterialsProject,La4TaCo33,FiM,ground_truth,1.0,8.0,monoclinic,['Ta'],0.020812724122808213,8.822123942105884,504.69838029468417,38.0
mp-2218246,MaterialsProject,MgNi(WO4)2,FM,ground_truth,1.0,1.0,triclinic,['W'],0.07231795166666544,6.746833451991038,142.42386858816158,12.0
mp-850286,MaterialsProject,NiP6(WO8)3,FM,ground_truth,1.0,146.0,trigonal,['W'],0.00030655830880910173,4.01159895837144,488.4598768694613,34.0
mp-998527,MaterialsProject,NiBiO3,FM,ground_truth,1.0,146.0,trigonal,['Bi'],0.01098139225000061,9.234280406391326,113.53038155551553,10.0
mp-1044171,MaterialsProject,ZnNiP2WO9,FM,ground_truth,1.0,19.0,orthorhombic,['W'],0.08906152851190985,4.731866507800388,721.3435354599859,56.0
mp-1173168,MaterialsProject,SrLaTaNiO6,FM,ground_truth,1.0,8.0,monoclinic,['Ta'],0.02133736327778557,7.2032708182440235,647.9652766336616,50.0
mp-1173651,MaterialsProject,NaLaNiWO6,FM,ground_truth,1.0,1.0,triclinic,['W'],0.013306377500003741,6.712986829422452,742.7173774405493,60.0
mp-1197007,MaterialsProject,NiH20PtC4(NO3)4,FM,ground_truth,1.0,23.0,orthorhombic,['Pt'],0.05156294166666697,2.3030458166715055,410.9796416893028,42.0
mp-1209935,MaterialsProject,Ni(Bi3O5)4,FM,ground_truth,1.0,197.0,cubic,['Bi'],0.06292179606061232,8.946753447950822,535.7313927694609,33.0
mp-1218491,MaterialsProject,SrCaNiWO6,FM,ground_truth,1.0,7.0,monoclinic,['W'],0.011888360000002152,6.228414952799809,248.59919667638866,20.0
mp-1219081,MaterialsProject,Ta5CrNiS10,FiM,ground_truth,1.0,156.0,trigonal,['Ta'],0.09448874500473714,7.369252802927964,602.1265037150456,34.0
mp-1219138,MaterialsProject,Re2Ni(MoS4)2,FM,ground_truth,1.0,44.0,orthorhombic,['Re'],0.07698595061538338,6.492933235341684,224.930142690339,13.0
mp-1219614,MaterialsProject,Re3NiO8,FiM,ground_truth,1.0,8.0,monoclinic,['Re'],0.08255508430555736,9.348447320802377,132.387300989242,12.0
mp-1221816,MaterialsProject,Mn2NiSb2Pt,FM,ground_truth,1.0,160.0,trigonal,['Pt'],0.04341163499999734,9.111585955550275,110.65420517087318,6.0
mp-1223014,MaterialsProject,LaCeNiPt,FM,ground_truth,1.0,38.0,orthorhombic,['Pt'],0.03692658125000037,9.392153457002937,94.19919974281903,4.0
mp-1226865,MaterialsProject,Ce2Si2NiPt,FM,ground_truth,1.0,44.0,orthorhombic,['Pt'],0.0009185849999981954,8.227630614944037,119.11298134007184,6.0
mp-1227125,MaterialsProject,Ca7Ni(IrO6)2,FiM,ground_truth,1.0,155.0,trigonal,['Ir'],0.04110624840909516,5.408376583031617,281.1378748957625,22.0
mp-1227353,MaterialsProject,Ce2NiSn2Pt,FiM,ground_truth,1.0,26.0,orthorhombic,['Pt'],0.004856434166666368,9.579246528814162,267.45081750643504,12.0
mp-1227837,MaterialsProject,Ca15Ni(IrO6)4,FM,ground_truth,1.0,3.0,monoclinic,['Ir'],0.0320506660227311,5.2874172833035855,569.2925748267684,44.0
mp-1227895,MaterialsProject,Ca15Ni(IrO6)4,FM,ground_truth,1.0,5.0,monoclinic,['Ir'],0.03263215147727738,5.286136479252255,569.4305115295176,44.0
mp-1228183,MaterialsProject,Ba4Re2NiO12,FM,ground_truth,1.0,160.0,trigonal,['Re'],0.0,6.901285784446068,282.09665294688773,19.0
mp-1228660,MaterialsProject,Ba4Ta10NiO30,FM,ground_truth,1.0,44.0,orthorhombic,['Ta'],0.007307892296296359,7.692433862469392,625.4651349416184,45.0
mp-1254576,MaterialsProject,AlNi(WO4)2,FM,ground_truth,1.0,1.0,triclinic,['W'],0.043115591666673225,7.445257741074006,259.3206713426957,24.0
mp-1516349,MaterialsProject,SrEuNiWO6,FM,ground_truth,1.0,216.0,cubic,['W'],0.09197194024999078,7.512355152434643,127.7868966126671,10.0
mp-1517390,MaterialsProject,BaSrNiBiO6,FM,ground_truth,1.0,216.0,cubic,['Bi'],0.09255826015000057,6.877077066910919,142.12751256506428,10.0
mp-25291,MaterialsProject,LiNi(WO4)2,FM,ground_truth,1.0,1.0,triclinic,['W'],0.09211212734374463,6.634860473007753,140.48170633757474,12.0
mp-556502,MaterialsProject,K2NiP2WO10,FM,ground_truth,1.0,92.0,tetragonal,['W'],0.0,3.8452510599478757,937.3923867583018,64.0
mp-562612,MaterialsProject,MnNi(BiO3)2,FM,ground_truth,1.0,5.0,monoclinic,['Bi'],0.022367595916653826,8.562376457847247,243.42201475572077,20.0
mp-1101187,MaterialsProject,V3Ni2P6WO24,FM,ground_truth,1.0,146.0,trigonal,['W'],0.02188934625000094,3.747285646845843,453.71290724854737,36.0
mp-757043,MaterialsProject,Mn3Ni2P6WO24,FM,ground_truth,1.0,146.0,trigonal,['W'],0.06336994688195041,3.7525829080961945,458.37791318338486,36.0
mp-769613,MaterialsProject,Li4Ti3Ni3(WO8)2,FM,ground_truth,1.0,1.0,triclinic,['W'],0.047721274017859194,5.361677112930049,300.75951241988287,28.0
mp-770972,MaterialsProject,Li2Ni3BiO8,FiM,ground_truth,1.0,212.0,cubic,['Bi'],0.01156141250000342,5.819971456294967,601.3780722888866,56.0
mp-771895,MaterialsProject,Li2Ni3WO8,FiM,ground_truth,1.0,186.0,hexagonal,['W'],0.03255441821428473,5.805012010627786,287.0809520658903,28.0
mp-773508,MaterialsProject,Li4Cu3Ni3(WO8)2,FM,ground_truth,1.0,8.0,monoclinic,['W'],0.04262060247767785,5.732488854877131,294.9298661059001,28.0
mp-776367,MaterialsProject,Li4V3Ni3(WO8)2,FM,ground_truth,1.0,8.0,monoclinic,['W'],0.02280533582589328,5.430928682365657,299.7445688479889,28.0
mp-1177874,MaterialsProject,Li2Ni3WO8,FM,ground_truth,1.0,96.0,tetragonal,['W'],0.05608570982142691,5.569964701990157,598.3910002767187,56.0
mp-1177957,MaterialsProject,Li2Ni3WO8,FM,ground_truth,1.0,19.0,orthorhombic,['W'],0.05441665160714049,5.540795626090674,601.5411818900685,56.0
mp-1226998,MaterialsProject,Ce4Ni3Pt,FM,ground_truth,1.0,25.0,orthorhombic,['Pt'],0.01239517124999967,9.13459563690831,169.35670557292602,8.0
mp-752993,MaterialsProject,Li4Mn3Ni3(WO8)2,FM,ground_truth,1.0,8.0,monoclinic,['W'],0.029279784178583235,5.526639596012063,298.1559779777368,28.0
mp-757643,MaterialsProject,Li6Ni3P6WO24,FM,ground_truth,1.0,1.0,triclinic,['W'],0.08183326478124808,3.388557027147535,476.0251319697732,40.0
mp-757815,MaterialsProject,Li4Cr3Ni3(WO8)2,FM,ground_truth,1.0,8.0,monoclinic,['W'],0.03405968513888524,5.528587843934848,295.4000254581766,28.0
mp-757935,MaterialsProject,Mn2Ni3P6WO24,FM,ground_truth,1.0,146.0,trigonal,['W'],0.07738978517360096,3.722990640761071,463.69631372563146,36.0
mp-1222967,MaterialsProject,LaNi4(BiO4)3,FM,ground_truth,1.0,1.0,triclinic,['Bi'],0.02369912975000421,8.052730081990935,245.92660832734606,20.0
mp-1227577,MaterialsProject,Ce4Ni4Bi3Sb5,FiM,ground_truth,1.0,115.0,tetragonal,['Bi'],0.0,8.69662654490338,387.7963056289578,16.0
mp-767372,MaterialsProject,Cr8Ni50Mo15W2,FiM,ground_truth,1.0,1.0,triclinic,['W'],0.027535279333331886,9.599232918989834,892.1645598619078,75.0
mp-1576333,MaterialsProject,MnAl(WO4)2,FiM,ground_truth,1.0,3.0,monoclinic,['W'],0.06038854166665075,7.121270438272861,269.3673025019424,24.0
mp-774672,MaterialsProject,Li4Mn(WO4)3,FM,ground_truth,1.0,1.0,triclinic,['W'],0.06866397650000344,6.225769162679529,220.36827797413844,20.0
mp-775961,MaterialsProject,Li4MnSn(WO6)2,FM,ground_truth,1.0,1.0,triclinic,['W'],0.052766617624998347,6.047177477732962,417.98380303506974,40.0
mp-776341,MaterialsProject,MnP6(WO8)3,FM,ground_truth,1.0,146.0,trigonal,['W'],0.0,3.9137827019622917,499.07451902766053,34.0
mp-776740,MaterialsProject,Li2MnWO6,FM,ground_truth,1.0,146.0,trigonal,['W'],0.0553143737500017,5.792247564142698,199.90777056468846,20.0
mp-1028071,MaterialsProject,Mg14MnBi,FM,ground_truth,1.0,187.0,hexagonal,['Bi'],0.09187164747305987,2.773248938742505,361.7700899103008,16.0
mp-1028078,MaterialsProject,Mg14MnBi,FM,ground_truth,1.0,38.0,orthorhombic,['Bi'],0.08969099684806014,2.775528194827222,361.47300531204905,16.0
mp-1047526,MaterialsProject,YMn(WO4)2,FiM,ground_truth,1.0,1.0,triclinic,['W'],0.05739147489583374,6.614304371770939,321.1060099078964,24.0
mp-1079623,MaterialsProject,TaMnSi,FiM,ground_truth,1.0,189.0,hexagonal,['Ta'],0.019037861666667766,10.369364100475886,253.63263940410897,18.0
mp-1105157,MaterialsProject,RbNdMnWO6,FM,ground_truth,1.0,4.0,monoclinic,['W'],0.026298901999998847,6.1710298141335524,303.7898603132638,20.0
mp-1105240,MaterialsProject,KNdMnWO6,FM,ground_truth,1.0,4.0,monoclinic,['W'],0.002017938999999913,6.381277319536752,269.6481388207338,20.0
mp-1105335,MaterialsProject,KYMnWO6,FM,ground_truth,1.0,4.0,monoclinic,['W'],0.019553592875000803,5.824660891047452,263.86495338759977,20.0
mp-1105374,MaterialsProject,RbYMnWO6,FM,ground_truth,1.0,4.0,monoclinic,['W'],0.030997922375002318,5.660517634334971,298.7219043309353,20.0
mp-1105401,MaterialsProject,NaYMnWO6,FM,ground_truth,1.0,4.0,monoclinic,['W'],0.0,5.964297002859175,248.71769205939404,20.0
mp-1105566,MaterialsProject,KLaMnWO6,FM,ground_truth,1.0,4.0,monoclinic,['W'],0.0,6.2442326889161075,272.7279081735704,20.0
mp-1106239,MaterialsProject,MnBiO3,FM,ground_truth,1.0,9.0,monoclinic,['Bi'],0.02990011609999854,8.049140667723467,257.3938245834839,20.0
mp-1173263,MaterialsProject,Sr2MnBiPbO6,FiM,ground_truth,1.0,3.0,monoclinic,['Bi'],0.0,6.766599128918615,728.7023804063019,44.0
mp-1195092,MaterialsProject,MnPb2WO6,FM,ground_truth,1.0,33.0,orthorhombic,['W'],0.007742309406244097,8.696429073682614,572.2042575491992,40.0
mp-1202955,MaterialsProject,MnBiO3,FM,ground_truth,1.0,31.0,orthorhombic,['Bi'],0.034808669724998964,8.086361342136474,1024.836271058061,80.0
mp-1205996,MaterialsProject,Zr6MnBi2,FM,ground_truth,1.0,189.0,hexagonal,['Bi'],0.0,8.262832236574784,205.03297845132983,9.0
mp-1208432,MaterialsProject,Ta3MnS6,FM,ground_truth,1.0,182.0,hexagonal,['Ta'],0.020986080176724542,7.701889444061538,340.7244322647443,20.0
mp-1217948,MaterialsProject,TaMnNbO6,FM,ground_truth,1.0,18.0,orthorhombic,['Ta'],0.0,6.402688456418328,440.6762849635959,36.0
mp-1221600,MaterialsProject,MnReB2,FM,ground_truth,1.0,26.0,orthorhombic,['Re'],0.075591378875,11.68488021246164,74.68368289848944,8.0
mp-1221607,MaterialsProject,MnRe3B2,FM,ground_truth,1.0,22.0,orthorhombic,['Re'],0.0744407537499967,15.614231162749805,135.10020827361475,12.0
mp-1221595,MaterialsProject,MnHg4S5,FM,ground_truth,1.0,119.0,tetragonal,['Hg'],0.04095843074999417,6.505091900045938,259.7661723493717,10.0
mp-1221590,MaterialsProject,MnHg3S4,FM,ground_truth,1.0,160.0,trigonal,['Hg'],0.059890070937494766,6.2930084559398995,207.12988321919727,8.0
mp-1221581,MaterialsProject,MnHg2S3,FM,ground_truth,1.0,156.0,trigonal,['Hg'],0.06814535958332613,6.0299830273160895,152.09618092488768,6.0
mp-1221670,MaterialsProject,MnCdHgTe3,FM,ground_truth,1.0,8.0,monoclinic,['Hg'],0.0041116966918117726,5.977967933637949,208.53767176826256,6.0
mp-1222044,MaterialsProject,MnBi12W2(ClO8)3,FM,ground_truth,1.0,8.0,monoclinic,"['Bi', 'W']",0.03054433453571459,8.429493293933115,673.8544499036004,42.0
mp-1224001,MaterialsProject,Ho3Er3MnBi2,FiM,ground_truth,1.0,189.0,hexagonal,['Bi'],0.0155268733333358,9.736558580040526,250.61288545889795,9.0
mp-1225492,MaterialsProject,Eu2MnP3Pt7,FM,ground_truth,1.0,119.0,tetragonal,['Pt'],0.0,13.199855438076359,228.62543867803976,13.0
mp-1342876,MaterialsProject,CaMnIrO6,FiM,ground_truth,1.0,7.0,monoclinic,['Ir'],0.08423449462963095,6.065244355202776,209.84066873980143,18.0
mp-1391233,MaterialsProject,Ca2MnWO6,FM,ground_truth,1.0,1.0,triclinic,['W'],0.022185206500029864,5.337649045023014,129.08458555350566,10.0
mp-1516715,MaterialsProject,BaCaMnWO6,FM,ground_truth,1.0,216.0,cubic,['W'],0.0918925902499712,6.136665097280533,138.5922101398623,10.0
mp-1519441,MaterialsProject,BaSrMnWO6,FM,ground_truth,1.0,216.0,cubic,['W'],0.02293088999997117,6.598302695028554,140.86036517165792,10.0
mp-1520083,MaterialsProject,SrCaMnWO6,FM,ground_truth,1.0,216.0,cubic,['W'],0.09784180525000075,5.749499313791208,133.56877204583378,10.0
mp-10154,MaterialsProject,MnSbIr,FiM,ground_truth,1.0,216.0,cubic,['Ir'],0.06265877833333366,10.711063647627622,57.19299833220235,3.0
mp-20156,MaterialsProject,NaNdMnWO6,FM,ground_truth,1.0,4.0,monoclinic,['W'],0.0,6.482319437056749,257.19217935704063,20.0
mp-21418,MaterialsProject,MnSnPt,FM,ground_truth,1.0,216.0,cubic,['Pt'],0.047955984022988396,10.169742207445319,60.20742258707442,3.0
mp-22027,MaterialsProject,MnSnAu,FM,ground_truth,1.0,216.0,cubic,['Au'],0.07744045735632099,9.465777241240579,65.01526819989358,3.0
mp-22748,MaterialsProject,NaLaMnWO6,FM,ground_truth,1.0,4.0,monoclinic,['W'],0.0,6.317543545013713,261.09496807380094,20.0
mp-39626,MaterialsProject,SrLaMnWO6,FM,ground_truth,1.0,82.0,tetragonal,['W'],0.06965237231482035,6.854139815294368,135.9850343524026,10.0
mp-505201,MaterialsProject,Mn(Bi3O5)4,FM,ground_truth,1.0,197.0,cubic,['Bi'],0.04461845257577135,8.748267380276232,547.1735789115032,33.0
mp-555494,MaterialsProject,NaTbMnWO6,FM,ground_truth,1.0,4.0,monoclinic,['W'],0.0,6.887798301431818,249.1313393459376,20.0
mp-752544,MaterialsProject,Li4MnV(WO6)2,FM,ground_truth,1.0,1.0,triclinic,['W'],0.05159181159615578,5.507531428872213,418.07437428607346,40.0
mp-752745,MaterialsProject,Li4MnCr(WO6)2,FM,ground_truth,1.0,1.0,triclinic,['W'],0.07182814662916659,5.742557924070617,200.78684407558816,20.0
mp-755149,MaterialsProject,Li4TiMn(WO6)2,FM,ground_truth,1.0,1.0,triclinic,['W'],0.034728406499995756,5.61837397866853,408.0089915614868,40.0
mp-755247,MaterialsProject,Li4Mn(WO4)3,FM,ground_truth,1.0,3.0,monoclinic,['W'],0.04865544100000285,5.929820922471366,462.73303945657443,40.0
mp-755688,MaterialsProject,Li4MnSb(WO6)2,FM,ground_truth,1.0,1.0,triclinic,['W'],0.04209906890865245,5.997146684957832,423.1598227297821,40.0
mp-755727,MaterialsProject,Li4MnV2WO12,FM,ground_truth,1.0,1.0,triclinic,['W'],0.09124325136250722,4.681064083909461,397.6000797516327,40.0
mp-756577,MaterialsProject,Li4MnNb(WO6)2,FM,ground_truth,1.0,1.0,triclinic,['W'],0.028506432187498376,5.689685485514747,429.18477791585553,40.0
mp-757199,MaterialsProject,Li4MnNb2WO12,FM,ground_truth,1.0,1.0,triclinic,['W'],0.046973073124998876,5.05660370567767,211.59743463110453,20.0
mp-757801,MaterialsProject,Mn(Bi5O8)5,FM,ground_truth,1.0,5.0,monoclinic,['Bi'],0.028993797992414194,8.786323730197127,1118.7198644234825,66.0
mp-767961,MaterialsProject,Ti3Mn2P6WO24,FM,ground_truth,1.0,146.0,trigonal,['W'],0.02949239582561347,3.5491259734377376,471.21574949585494,36.0
mp-769629,MaterialsProject,Mn2V3P6WO24,FM,ground_truth,1.0,146.0,trigonal,['W'],0.04647409576391759,3.5911101141216184,469.9716756370383,36.0
mp-1120814,MaterialsProject,NaMn2BiO6,FM,ground_truth,1.0,146.0,trigonal,['Bi'],0.09544650775000285,6.343523601713687,114.61372061071164,10.0
mp-1190266,MaterialsProject,Mn2Bi3O7,FM,ground_truth,1.0,36.0,orthorhombic,['Bi'],0.07657135166667572,8.097123145120639,348.14520488182785,24.0
mp-1205023,MaterialsProject,Sr4Mn2Bi4O13,FM,ground_truth,1.0,33.0,orthorhombic,['Bi'],0.0,6.83602376550347,2923.2185354885414,184.0
mp-1218079,MaterialsProject,Ta6Mn2Zn3O20,FM,ground_truth,1.0,1.0,triclinic,['Ta'],0.050509715967743674,7.403680991845381,383.9272469799787,31.0
mp-1218247,MaterialsProject,SrMn2BiO6,FM,ground_truth,1.0,107.0,tetragonal,['Bi'],0.026832747799986123,6.81234719939859,122.47993833781726,10.0
mp-1218657,MaterialsProject,Sr3LaMn2(WO6)2,FM,ground_truth,1.0,1.0,triclinic,['W'],0.02258472065740591,6.5532272473325985,271.46309485896836,20.0
mp-1221791,MaterialsProject,Mn2Sb2PtAu,FM,ground_truth,1.0,160.0,trigonal,"['Au', 'Pt']",0.08950428010057276,9.671892299586098,127.98356957700582,6.0
mp-1223940,MaterialsProject,Ho9Er3(MnBi2)2,FiM,ground_truth,1.0,6.0,monoclinic,['Bi'],0.010145994444449968,9.670339502231297,503.4583829126879,18.0
mp-1224196,MaterialsProject,Ho3Er9(MnBi2)2,FiM,ground_truth,1.0,6.0,monoclinic,['Bi'],0.010865740555559,9.767199622427702,500.8410662040138,18.0
mp-1227846,MaterialsProject,Ca3LaMn2(IrO6)2,FiM,ground_truth,1.0,1.0,triclinic,['Ir'],0.06373253795832756,6.347905456834691,247.31684913511003,20.0
mp-1272521,MaterialsProject,SrMn2BiO6,FM,ground_truth,1.0,5.0,monoclinic,['Bi'],0.04895378179998566,6.818658759190092,122.36656714835323,10.0
mp-1279155,MaterialsProject,SrMn2BiO6,FM,ground_truth,1.0,1.0,triclinic,['Bi'],0.021250872799986276,6.7925854540664234,245.6725412025953,20.0
mp-1279939,MaterialsProject,Mn2Bi3O7,FM,ground_truth,1.0,8.0,monoclinic,['Bi'],0.07220205583334316,8.027192060215521,351.17816730496037,24.0
mp-1340405,MaterialsProject,Ca3Mn2(IrO6)2,FiM,ground_truth,1.0,1.0,triclinic,['Ir'],0.0276241035964917,5.876104105719279,227.92074345086738,19.0
mp-1345521,MaterialsProject,Ca3Ta2Mn2O12,FM,ground_truth,1.0,6.0,monoclinic,['Ta'],0.08563409159148883,5.712469476997369,227.89800340251975,19.0
mp-706225,MaterialsProject,Sr3LaMn2(WO6)2,FiM,ground_truth,1.0,4.0,monoclinic,['W'],0.028234243407407433,6.524362683497328,545.3281603656741,40.0
mp-753980,MaterialsProject,Li4Mn2TeWO12,FM,ground_truth,1.0,1.0,triclinic,['W'],0.05898361412499842,5.356284948315338,198.74345561194778,20.0
mp-769612,MaterialsProject,Li6Mn3P6WO24,FM,ground_truth,1.0,1.0,triclinic,['W'],0.07910182440626645,3.228855051760178,493.77582436857364,40.0
mp-771313,MaterialsProject,Li7Mn3(WO8)2,FiM,ground_truth,1.0,8.0,monoclinic,['W'],0.07718723169047959,4.789664145361593,290.20614915023407,28.0
mp-771959,MaterialsProject,Li2Mn3WO8,FM,ground_truth,1.0,186.0,hexagonal,['W'],0.048671843214286525,5.541197918962657,293.9965177960914,28.0
mp-773037,MaterialsProject,Mn3BiO8,FM,ground_truth,1.0,212.0,cubic,['Bi'],0.07225626770833404,5.222900475779724,638.1446196147317,48.0
mp-775601,MaterialsProject,Li5Mn3Bi2(PO4)6,FM,ground_truth,1.0,1.0,triclinic,['Bi'],0.08688778399999464,3.8503912978640353,512.0444510698578,40.0
mp-776267,MaterialsProject,Li4Mn3Cr3(WO8)2,FM,ground_truth,1.0,8.0,monoclinic,['W'],0.06473055482143586,5.241095922167854,308.03428762525954,28.0
mp-777686,MaterialsProject,Li9Mn3(WO4)7,FM,ground_truth,1.0,160.0,trigonal,['W'],0.07151591929078549,5.138746295125985,634.0497197334023,47.0
mp-851095,MaterialsProject,Li4Mn3Cu3(WO8)2,FiM,ground_truth,1.0,8.0,monoclinic,['W'],0.06564918763392757,5.532781976376303,302.1941649744971,28.0
mp-1176455,MaterialsProject,Mn3P6WO24,FM,ground_truth,1.0,146.0,trigonal,['W'],0.016140543198513768,3.3705873598382508,452.49554218896253,34.0
mp-1219320,MaterialsProject,ScMn3(BiO3)4,FM,ground_truth,1.0,5.0,monoclinic,['Bi'],0.03337145279374276,7.783514282741278,264.0482569416337,20.0
mp-1278885,MaterialsProject,Mn3ReO6,FiM,ground_truth,1.0,4.0,monoclinic,['Re'],0.08692295503571401,6.472121431634095,229.38076462276706,20.0
mp-753065,MaterialsProject,Li4Mn3V3(WO8)2,FM,ground_truth,1.0,8.0,monoclinic,['W'],0.03606389633929119,5.079745784778724,316.7842847719347,28.0
mp-756380,MaterialsProject,Li4Ti3Mn3(WO8)2,FM,ground_truth,1.0,1.0,triclinic,['W'],0.06027756958333441,5.006737156420249,318.34458317995444,28.0
mp-758707,MaterialsProject,Li2Mn3WO8,FM,ground_truth,1.0,19.0,orthorhombic,['W'],0.061002169821428254,4.936887807369649,659.9675569544459,56.0
mp-1221739,MaterialsProject,Mn4BiSb3,FiM,ground_truth,1.0,25.0,orthorhombic,['Bi'],0.059328655883621906,7.777865615005939,169.5180883249241,8.0
mp-1222881,MaterialsProject,LaMn4(BiO4)3,FM,ground_truth,1.0,6.0,monoclinic,['Bi'],0.07008208932832805,7.72001201700286,253.2945464012535,20.0
mp-1227572,MaterialsProject,Ca2HoMn4BiO12,FM,ground_truth,1.0,6.0,monoclinic,['Bi'],0.027551562124994433,6.274748860908591,229.1269636518742,20.0
mp-1227724,MaterialsProject,Ca3Mn4BiO12,FM,ground_truth,1.0,6.0,monoclinic,['Bi'],0.032783825750002826,5.404933535466903,227.64239206624273,20.0
mp-1233120,MaterialsProject,MgTa4Mn4Nb4O24,FM,ground_truth,1.0,1.0,triclinic,['Ta'],0.05658971317085104,6.233622706663763,459.10259563262935,37.0
mp-1233262,MaterialsProject,MgTa4Mn4Nb4O24,FM,ground_truth,1.0,3.0,monoclinic,['Ta'],0.07012135803571518,6.282646048363875,455.520228705088,37.0
mp-559323,MaterialsProject,Mn4Bi3NO15,FM,ground_truth,1.0,143.0,trigonal,['Bi'],0.0,6.253419080308131,292.27859474623426,23.0
mp-565428,MaterialsProject,Mn4Bi3NO15,FM,ground_truth,1.0,149.0,trigonal,['Bi'],0.010062201304347873,6.1559764613724175,296.90505683711973,23.0
mp-690508,MaterialsProject,Ta2Mn4O9,FiM,ground_truth,1.0,9.0,monoclinic,['Ta'],0.020836841000003048,6.625848600111491,363.7142532112999,30.0
mp-694898,MaterialsProject,Sr5La3Mn4(WO6)4,FM,ground_truth,1.0,1.0,triclinic,['W'],0.036327791486112204,6.692337277950289,544.3659031286552,40.0
mp-2895729,MaterialsProject,Li4Mn5P6WO24,FM,ground_truth,1.0,1.0,triclinic,['W'],0.07998909891666806,3.8694916812351683,453.22038299876505,40.0
mp-771764,MaterialsProject,Mn5P6WO24,FM,ground_truth,1.0,146.0,trigonal,['W'],0.04472860547917179,3.588678061880313,475.8379730991302,36.0
mp-1221358,MaterialsProject,Mn6BiPO12,FM,ground_truth,1.0,216.0,cubic,['Bi'],0.01704333046876272,5.307754474565357,238.2599709006643,20.0
mp-780613,MaterialsProject,Mn7P12WO48,FiM,ground_truth,1.0,1.0,triclinic,['W'],0.04764085196691159,3.307563634333687,857.5208494829931,68.0
mp-1188529,MaterialsProject,Mn7BiO12,FM,ground_truth,1.0,8.0,monoclinic,['Bi'],0.03807395871876196,5.950527600307421,219.21065533257558,20.0
mp-1218087,MaterialsProject,Ta3Mn8Al,FiM,ground_truth,1.0,156.0,trigonal,['Ta'],0.0,10.476365320967435,159.98211983939527,12.0
mp-1218073,MaterialsProject,Ta3Mn8Si,FM,ground_truth,1.0,156.0,trigonal,['Ta'],0.06901958668403374,10.974528001984796,152.88714949673707,12.0
mp-1222927,MaterialsProject,LaMn8Bi3O20,FM,ground_truth,1.0,6.0,monoclinic,['Bi'],0.02240035672004037,6.487825212779503,390.4058709341217,32.0
mp-1223206,MaterialsProject,La3Mn8BiO20,FM,ground_truth,1.0,6.0,monoclinic,['Bi'],0.0661266082851597,5.793760596815484,397.0065204099287,32.0
mp-1198549,MaterialsProject,Mn16Bi16O45,FM,ground_truth,1.0,220.0,cubic,['Bi'],0.045598607142857794,7.822460289890233,2098.442999722926,154.0
mp-1642087,MaterialsProject,Li4CrTe(WO6)2,FM,ground_truth,1.0,1.0,triclinic,['W'],0.06584375575000312,5.918530568013614,430.4068663531408,40.0
mp-775489,MaterialsProject,CrP6(WO8)3,FiM,ground_truth,1.0,146.0,trigonal,['W'],0.0,4.004694270284778,486.5250312381382,34.0
mp-775998,MaterialsProject,Li4CrBi(TeO6)2,FM,ground_truth,1.0,1.0,triclinic,['Bi'],0.07612638413888906,5.631483659605709,217.00249359416318,20.0
mp-778824,MaterialsProject,Li4Cr(WO4)3,FM,ground_truth,1.0,1.0,triclinic,['W'],0.03293257850000053,6.4300537120594585,212.60737095697007,20.0
mp-1048921,MaterialsProject,CaLaCrWO6,FiM,ground_truth,1.0,7.0,monoclinic,['W'],0.0602854439583389,6.756756470051981,251.07605371686302,20.0
mp-1105310,MaterialsProject,TiCr(BIr)2,FM,ground_truth,1.0,189.0,hexagonal,['Ir'],0.06767581397222244,12.364134684443531,203.83919765606814,18.0
mp-1187280,MaterialsProject,Ta3CrSe6,FM,ground_truth,1.0,182.0,hexagonal,['Ta'],0.0038262742500032587,8.756922995525539,405.2682930327086,20.0
mp-1189011,MaterialsProject,Ta3CrS6,FM,ground_truth,1.0,182.0,hexagonal,['Ta'],0.0,7.431621029320114,351.80096894831183,20.0
mp-1226393,MaterialsProject,CrRe13B6,FM,ground_truth,1.0,156.0,trigonal,['Re'],0.011036494024992294,17.52983691982137,240.3733749082701,20.0
mp-1228228,MaterialsProject,Al7Cr(Bi2O9)2,FM,ground_truth,1.0,3.0,monoclinic,['Bi'],0.0,6.052542914238803,374.43214758961045,30.0
mp-1282430,MaterialsProject,Zn2CrWO6,FiM,ground_truth,1.0,1.0,triclinic,['W'],0.07549280300001193,6.949375853926,221.09877107060063,20.0
mp-1308495,MaterialsProject,Mg2CrWO6,FiM,ground_truth,1.0,1.0,triclinic,['W'],0.04611347424999934,5.816793720929513,217.21232178288287,20.0
mp-1445093,MaterialsProject,Ca2CrWO6,FiM,ground_truth,1.0,1.0,triclinic,['W'],0.03445591869444797,5.666228068953936,120.73693325973831,10.0
mp-752957,MaterialsProject,Li4CrSb(WO6)2,FM,ground_truth,1.0,1.0,triclinic,['W'],0.03800070287499757,6.00293267588426,210.56217313786925,20.0
mp-754450,MaterialsProject,Li2CrWO6,FM,ground_truth,1.0,146.0,trigonal,['W'],0.07004498122222014,5.682000046519184,202.06702894830923,20.0
mp-756027,MaterialsProject,Li4Cr(WO4)3,FM,ground_truth,1.0,3.0,monoclinic,['W'],0.035643979999999686,6.122589835069138,223.284076127832,20.0
mp-759588,MaterialsProject,Cr(Bi7O12)2,FiM,ground_truth,1.0,5.0,monoclinic,['Bi'],0.08954583948717776,8.413115122758237,663.5171667653857,39.0
mp-774764,MaterialsProject,Li4Cr2TeWO12,FM,ground_truth,1.0,1.0,triclinic,['W'],0.08040968934722237,5.243595773210205,201.15130842789748,20.0
mp-1218365,MaterialsProject,SrCr2BiO6,FM,ground_truth,1.0,146.0,trigonal,['Bi'],0.049942499916674876,6.6798600668829256,123.4465134657687,10.0
mp-771209,MaterialsProject,Li7Cr3(WO8)2,FM,ground_truth,1.0,8.0,monoclinic,['W'],0.05740927996031342,4.704016972658185,292.37444327030306,28.0
mp-772967,MaterialsProject,Li2Cr3BiO8,FiM,ground_truth,1.0,1.0,triclinic,['Bi'],0.03536556926587586,5.157740480823087,652.7179271630265,56.0
mp-773181,MaterialsProject,Cr3WO8,FiM,ground_truth,1.0,186.0,hexagonal,['W'],0.09714386833333322,5.442101336071999,285.4923681629209,24.0
mp-774888,MaterialsProject,Li4Cr3Cu3(WO8)2,FM,ground_truth,1.0,8.0,monoclinic,['W'],0.05587122454365101,5.555130150814521,298.34022615305224,28.0
mp-775219,MaterialsProject,Cr3P6WO24,FM,ground_truth,1.0,146.0,trigonal,['W'],0.02490091202206557,3.229210359649567,467.7676406364102,34.0
mp-775271,MaterialsProject,Li2Cr3WO8,FM,ground_truth,1.0,186.0,hexagonal,['W'],0.01104083642857212,5.390990215916755,296.7509753966856,28.0
mp-863412,MaterialsProject,Ta8Cr3O24,FM,ground_truth,1.0,44.0,orthorhombic,['Ta'],0.08973853171426782,7.785144557575743,423.9376579541405,35.0
mp-1173149,MaterialsProject,Ta8Cr3O24,FM,ground_truth,1.0,25.0,orthorhombic,['Ta'],0.05876288714283895,7.799187814297666,423.1743136795191,35.0
mp-1239165,MaterialsProject,TaCr3(AgS4)2,FM,ground_truth,1.0,1.0,triclinic,['Ta'],0.03695641148809603,4.857635272499482,553.230458028512,28.0
mp-1239167,MaterialsProject,TaCr3(CuS4)2,FM,ground_truth,1.0,17.0,orthorhombic,['Ta'],0.0,4.815787139445033,496.9066818294148,28.0
mp-1239190,MaterialsProject,TaCr3(AgS4)2,FM,ground_truth,1.0,17.0,orthorhombic,['Ta'],0.0053109822023813535,4.916841901821842,546.5686797341567,28.0
mp-1239219,MaterialsProject,TaCr3(CuS4)2,FM,ground_truth,1.0,5.0,monoclinic,['Ta'],0.0028414075000000594,4.84046480051936,247.18667591608585,14.0
mp-1239223,MaterialsProject,TaCr3(CuS4)2,FM,ground_truth,1.0,6.0,monoclinic,['Ta'],0.09612850750000046,5.1271878352821165,233.36348157476166,14.0
mp-1239221,MaterialsProject,TaCr3(AgS4)2,FM,ground_truth,1.0,6.0,monoclinic,['Ta'],0.04043749827381049,5.085090610661361,264.2422714263911,14.0
mp-754340,MaterialsProject,Li4Ti3Cr3(WO8)2,FM,ground_truth,1.0,8.0,monoclinic,['W'],0.04098608816071092,5.196530910432064,303.89735701342147,28.0
mp-756412,MaterialsProject,Li4V3Cr3(WO8)2,FM,ground_truth,1.0,8.0,monoclinic,['W'],0.006191012678570473,5.288286661500797,301.5207180483131,28.0
mp-758116,MaterialsProject,Li2Cr3WO8,FM,ground_truth,1.0,212.0,cubic,['W'],0.023169418392857466,5.133168122779125,623.3115949692118,56.0
mp-758279,MaterialsProject,Li6Cr3P6WO24,FM,ground_truth,1.0,1.0,triclinic,['W'],0.05887162671875501,3.344133937236987,472.37190577998916,40.0
mp-2216232,MaterialsProject,MgCr4Hg4(H2O9)2,FM,ground_truth,1.0,5.0,monoclinic,['Hg'],0.08949539645161675,4.8179698836467955,457.24402965563684,31.0
mp-1192637,MaterialsProject,Cr5(Bi3Se8)2,FM,ground_truth,1.0,8.0,monoclinic,['Bi'],0.05319686799382772,7.0546593524112655,653.7079819414721,27.0
mp-1218060,MaterialsProject,Ta3Cr5N4,FiM,ground_truth,1.0,99.0,tetragonal,['Ta'],0.05758042583333278,10.962423510285834,130.09491367584292,12.0
mp-1224446,MaterialsProject,Hf3TaFe8,FiM,predicted,0.9607098446645878,156.0,trigonal,['Ta'],0.01984791416666809,11.31919786051526,170.63950446357998,12.0
mp-1215420,MaterialsProject,Zr3TaFe8,FiM,predicted,0.9384356539985925,160.0,trigonal,['Ta'],0.01369184583333194,8.603006911550038,173.98294829554433,12.0
mp-1207016,MaterialsProject,Dy6MnBi2,FiM,predicted,0.901934037995188,189.0,hexagonal,['Bi'],0.0,9.290006276426196,258.80419543608303,9.0
mp-23047,MaterialsProject,Ho6MnBi2,FiM,predicted,0.9001546897216638,189.0,hexagonal,['Bi'],0.0,9.530987623539865,254.8011332874386,9.0
mp-23039,MaterialsProject,Er6MnBi2,FiM,predicted,0.8973532158655417,189.0,hexagonal,['Bi'],0.0,9.77506284605537,250.8124675157405,9.0
mp-1206034,MaterialsProject,Lu6MnBi2,FiM,predicted,0.8562059437226793,189.0,hexagonal,['Bi'],0.0,10.530533684287333,240.11169036691768,9.0
mp-1205871,MaterialsProject,Dy6FeBi2,FiM,predicted,0.8013442601908115,189.0,hexagonal,['Bi'],0.0009668898765449185,9.532155377703397,252.38768556010777,9.0
mp-30328,MaterialsProject,Ho6FeBi2,FiM,predicted,0.7986429169100238,189.0,hexagonal,['Bi'],0.0,9.783422579674907,248.38061141160557,9.0
oqmd-10355,OQMD,Ag1 Bi1 Li2,FM,predicted,0.7878126312857197,216.0,cubic,['Bi'],0.0025356274283516167,,78.3036,4.0
oqmd-10728,OQMD,Au1 Ga1 Li2,FM,predicted,0.7823596239028163,216.0,cubic,['Au'],0.00011740000000004525,,59.7726,4.0
oqmd-17882,OQMD,Al1 Li2 Pt1,FM,predicted,0.7795058182362974,216.0,cubic,['Pt'],0.0,,54.4227,4.0
mp-1206002,MaterialsProject,Er6FeBi2,FiM,predicted,0.7774383793232029,189.0,hexagonal,['Bi'],0.0,10.036484253382529,244.42958358899895,9.0
mp-1206935,MaterialsProject,Tm6FeBi2,FiM,predicted,0.7755778885299391,189.0,hexagonal,['Bi'],0.0,10.229453868276048,241.4502483200463,9.0
mp-1205874,MaterialsProject,Lu6FeBi2,FiM,predicted,0.741265233870594,189.0,hexagonal,['Bi'],0.0,10.777831758217044,234.74204592981923,9.0
oqmd-10747,OQMD,Au1 In1 Li2,FM,predicted,0.7374533702157651,216.0,cubic,['Au'],0.0003954337500003402,,68.7036,4.0
oqmd-18385,OQMD,In1 Li2 Pt1,FM,predicted,0.716741849145625,216.0,cubic,['Pt'],0.0,,64.1004,4.0
oqmd-17491,OQMD,Ir3 Li1,FM,predicted,0.7153899607863785,44.0,orthorhombic,['Ir'],0.0,,55.5345,4.0
oqmd-10774,OQMD,Au1 Li2 Tl1,FM,predicted,0.7096378080950558,216.0,cubic,['Au'],0.03289000000000003,,72.2761,4.0
oqmd-10772,OQMD,Au1 Li2 Sb1,FM,predicted,0.7089828150910213,216.0,cubic,['Au'],0.00030487499999998224,,70.7896,4.0
oqmd-10773,OQMD,Au1 Li2 Sn1,FM,predicted,0.708525111081632,216.0,cubic,['Au'],0.00047156874999965126,,68.6426,4.0
oqmd-10771,OQMD,Au1 Li2 Pb1,FM,predicted,0.6706484565760179,216.0,cubic,['Au'],0.003363814999999104,,74.3232,4.0
oqmd-13496,OQMD,Au1 Si1 Th1,FM,predicted,0.6667949575265596,187.0,hexagonal,['Au'],0.0004084900000004277,,67.3123,3.0
JVASP-68948,JARVIS,BaFeHg4,FiM,predicted,0.6594374471600157,216.0,cubic,['Hg'],0.0,10.228,,6.0
mp-1226447,MaterialsProject,Co3Ir,FM,predicted,0.6452499444819505,187.0,hexagonal,['Ir'],0.05958649749999978,12.792828038192617,47.89921779942178,4.0
oqmd-18509,OQMD,Ga1 Ir1 Li2,FM,predicted,0.6401024561555346,216.0,cubic,['Ir'],0.00041947000000031043,,53.347,4.0
mp-545522,MaterialsProject,CoBiO3,FM,predicted,0.6386665600990286,99.0,tetragonal,['Bi'],0.0,9.405374559914582,55.77490557004568,5.0
oqmd-17683,OQMD,Mn1 Pt1 Sn1,FM,predicted,0.6383444120684741,216.0,cubic,['Pt'],0.05001077249865554,,59.861,3.0
oqmd-10698,OQMD,Au1 Bi1 Li2,FM,predicted,0.6355538963787677,216.0,cubic,"['Au', 'Bi']",0.018106475416666434,,76.8066,4.0
mp-1208030,MaterialsProject,U3Ni3Bi4,FiM,predicted,0.6235835377997765,220.0,cubic,['Bi'],0.0,12.989633637944573,441.3115135298354,20.0
mp-1205904,MaterialsProject,Y6MnBi2,FiM,predicted,0.6135229018681179,189.0,hexagonal,['Bi'],0.0,6.328787900936884,264.0405806308527,9.0
oqmd-3449,OQMD,Au1 Mg1 Sn1,FM,predicted,0.6071959349707677,216.0,cubic,['Au'],0.0007694799999999891,,68.2922,3.0
mp-1221591,MaterialsProject,MnHg2Te3,FM,predicted,0.6050221043657666,156.0,trigonal,['Hg'],0.0,6.761604185697917,206.02451002545604,6.0
mp-5676,MaterialsProject,MnSbPt,FM,predicted,0.5958896595056274,216.0,cubic,['Pt'],0.0,10.330880733955457,59.758565290212296,3.0
oqmd-18511,OQMD,In1 Ir1 Li2,FM,predicted,0.5803360550456369,216.0,cubic,['Ir'],0.0023460634999989405,,62.0652,4.0
oqmd-14012,OQMD,P1 Pt1 Y1,FM,predicted,0.5766342618997158,187.0,hexagonal,['Pt'],0.0,,57.8425,3.0
JVASP-93203,JARVIS,Mg6TiBi,FM,predicted,0.56835165255208,38.0,orthorhombic,['Bi'],0.0,3.692,,8.0
JVASP-94227,JARVIS,Mg6FeBi,FM,predicted,0.5481731732979863,38.0,orthorhombic,['Bi'],0.0018,3.944,,8.0
mp-1206841,MaterialsProject,Er6CoBi2,FiM,predicted,0.5414406655336634,189.0,hexagonal,['Bi'],0.02169079277778163,10.172902049977424,241.65589358124566,9.0
oqmd-14009,OQMD,P1 Pt1 Sm1,FM,predicted,0.536722629850503,187.0,hexagonal,['Pt'],0.0002326150000020455,,60.1502,3.0
oqmd-17600,OQMD,Li1 Pt1,FM,predicted,0.5353723806064826,187.0,hexagonal,['Pt'],0.0,,27.7303,2.0
oqmd-8492,OQMD,Ir1 Mn1 Sb1,FiM,predicted,0.5341121834169197,216.0,cubic,['Ir'],0.06838954644820605,,56.8597,3.0
oqmd-17490,OQMD,Ir1 Li1,FM,predicted,0.5259309144014841,187.0,hexagonal,['Ir'],0.00024300000000004873,,26.9204,2.0
mp-569871,MaterialsProject,Tm6CoBi2,FiM,predicted,0.516455592989877,189.0,hexagonal,['Bi'],0.0042341968888850445,10.388491818995655,238.24750389637748,9.0
oqmd-18757,OQMD,Bi1 Li1 Mg1,FM,predicted,0.49117127606198874,216.0,cubic,['Bi'],0.0,,78.2761,3.0
mp-1079643,MaterialsProject,TaMnGe,FiM,predicted,0.487799632159797,189.0,hexagonal,['Ta'],0.0,11.22164526199292,136.96370013737072,9.0
oqmd-14011,OQMD,P1 Pt1 Tm1,FM,predicted,0.481459104581249,187.0,hexagonal,['Pt'],0.002545007500005525,,55.7795,3.0
oqmd-13702,OQMD,Bi1 Mg1 Ni1,FM,predicted,0.471961497637874,216.0,cubic,['Bi'],0.0011022066666670216,,60.6316,3.0
oqmd-18005,OQMD,Pt1 Sn1 Ti1,FiM,predicted,0.46704001636777853,216.0,cubic,['Pt'],0.0,,59.8742,3.0
mp-1221797,MaterialsProject,Mn3B4W,FM,predicted,0.4621078180993635,6.0,monoclinic,['W'],0.008569488333339592,8.963195928383918,72.60380888736391,8.0
mp-548231,MaterialsProject,FeBiO3,FM,predicted,0.42217582395428466,146.0,trigonal,['Bi'],0.062123075000004135,8.894225546858348,116.80742898715596,10.0
oqmd-10697,OQMD,Au1 Bi1 Ca1,FM,predicted,0.4187295587995161,216.0,cubic,"['Au', 'Bi']",0.0014107933333339373,,83.3231,3.0
JVASP-64219,JARVIS,Ba4ScHg,FM,predicted,0.3902973579747972,216.0,cubic,['Hg'],0.079,4.962,,6.0
mp-1221699,MaterialsProject,MnB4W3,FM,predicted,0.3730717292368846,25.0,orthorhombic,['W'],0.0,13.522436375995076,79.78263671440864,8.0
mp-1521698,MaterialsProject,BaCaFeWO6,FiM,ground_truth,1.0,216.0,cubic,['W'],0.1576965892500013,6.450627974806476,132.08016587828027,10.0
mp-1522041,MaterialsProject,EuHfFeBiO6,FM,ground_truth,1.0,216.0,cubic,['Bi'],0.20081778100000136,8.707277980113975,131.83115043765977,10.0
mp-1522067,MaterialsProject,BaInFeWO6,FM,ground_truth,1.0,216.0,cubic,['W'],0.19482216449999967,7.255600583212921,134.53175815672526,10.0
mp-1522264,MaterialsProject,EuZrFeBiO6,FM,ground_truth,1.0,216.0,cubic,['Bi'],0.22897303950000136,7.472138961258841,134.2295527573515,10.0
mp-1522366,MaterialsProject,EuZrFeBiO6,FiM,ground_truth,1.0,16.0,orthorhombic,['Bi'],1.2842820745,4.724968973996552,849.0907571502603,40.0
mp-1523210,MaterialsProject,KLaFeWO6,FiM,ground_truth,1.0,216.0,cubic,['W'],0.14565546550000086,6.667772439006474,127.92792521229343,10.0
mp-1523222,MaterialsProject,KFeBiWO6,FiM,ground_truth,1.0,216.0,cubic,"['Bi', 'W']",0.18455595099999833,7.556923487814934,128.27395361216406,10.0
mp-1977567,MaterialsProject,FeSbPt,FM,ground_truth,1.0,216.0,cubic,['Pt'],0.30037465541666464,11.486085733137163,53.87950773093324,3.0
mp-2217693,MaterialsProject,MgMn2FeWO6,FM,ground_truth,1.0,1.0,triclinic,['W'],0.1774376477272721,5.72352592626078,136.31894599886246,11.0
mp-2217753,MaterialsProject,MgZn2FeWO6,FM,ground_truth,1.0,1.0,triclinic,['W'],0.1381725322727272,6.465865808482144,126.0465196058808,11.0
mp-2217890,MaterialsProject,Ba2MgFeReO6,FiM,ground_truth,1.0,160.0,trigonal,['Re'],0.3202068590909093,6.1736210006699235,171.33796758439922,11.0
mp-2222831,MaterialsProject,MgCrFe(BiO3)2,FM,ground_truth,1.0,1.0,triclinic,['Bi'],0.24382811499999946,6.9168524995313865,155.11098036004472,11.0
mp-2223651,MaterialsProject,Ba2MgFeWO6,FM,ground_truth,1.0,8.0,monoclinic,['W'],0.3221983172727265,5.964467497154676,176.6872196751426,11.0
mp-2223113,MaterialsProject,Ba2MgFeWO6,FM,ground_truth,1.0,160.0,trigonal,['W'],0.529340066363635,5.382393057247348,195.79491272864627,11.0
mp-2225597,MaterialsProject,MgFeBiO3,FM,ground_truth,1.0,99.0,tetragonal,['Bi'],0.4202674416666685,5.8028638568386715,96.47222912020608,6.0
mp-2226681,MaterialsProject,MgFeAuO2,FM,ground_truth,1.0,160.0,trigonal,['Au'],0.4499452260000023,7.5605730907488615,67.89143374014799,5.0
mp-2227859,MaterialsProject,MgFeBiO3,FM,ground_truth,1.0,25.0,orthorhombic,['Bi'],0.5077137383333357,5.774303312444913,96.94939480296716,6.0
mp-2241076,MaterialsProject,Sr2MgFeOsO6,FM,ground_truth,1.0,160.0,trigonal,['Os'],0.3596344726420364,5.561886688968198,161.70325698142688,11.0
mp-988256,MaterialsProject,FeSbPt,FM,ground_truth,1.0,1.0,triclinic,['Pt'],1.549420800416664,11.125852360664968,222.49608389365235,12.0
mp-1022117,MaterialsProject,Mg6FeBi,FM,ground_truth,1.0,38.0,orthorhombic,['Bi'],0.20297491218749908,3.938953437946985,346.2388404968741,16.0
mp-1022209,MaterialsProject,Mg6FeW,FiM,ground_truth,1.0,38.0,orthorhombic,['W'],0.3424284542187497,4.283631436531372,298.8878612176117,16.0
mp-1027792,MaterialsProject,Mg14FeW,FM,ground_truth,1.0,187.0,hexagonal,['W'],0.28350066867187484,2.968918286388798,324.3733383066181,16.0
mp-1027809,MaterialsProject,Mg14FeBi,FM,ground_truth,1.0,187.0,hexagonal,['Bi'],0.14622855359374975,2.8153095691148007,356.90020136567165,16.0
mp-1027992,MaterialsProject,Mg14FeBi,FM,ground_truth,1.0,38.0,orthorhombic,['Bi'],0.11746509984374987,2.838764102241137,353.9514084071026,16.0
mp-1043955,MaterialsProject,LaFeReO6,FiM,ground_truth,1.0,7.0,monoclinic,['Re'],0.1065441805555718,6.515634235364294,243.10773336812673,18.0
mp-1044002,MaterialsProject,LaTaFeO6,FM,ground_truth,1.0,7.0,monoclinic,['Ta'],0.16317162555554887,6.329324436551167,247.50431703458463,18.0
mp-1044028,MaterialsProject,LaFeBiO6,FiM,ground_truth,1.0,7.0,monoclinic,['Bi'],0.4050324272222179,6.201416084807713,267.62166714554945,18.0
mp-1044058,MaterialsProject,LaZnFeBiO6,FM,ground_truth,1.0,7.0,monoclinic,['Bi'],0.10637087499999609,6.770647319135533,277.20565297988054,20.0
mp-1047560,MaterialsProject,AlFe(WO4)2,FiM,ground_truth,1.0,1.0,triclinic,['W'],0.12713511124999854,6.613662870879486,290.49703836981365,24.0
mp-1099086,MaterialsProject,Mg14FeW,FiM,ground_truth,1.0,38.0,orthorhombic,['W'],0.2262967686718751,2.9663841411114245,324.6504464370127,16.0
mp-1102707,MaterialsProject,FeSbPt,FM,ground_truth,1.0,198.0,cubic,['Pt'],0.2985335345833313,11.486085733137163,215.51803092373297,12.0
mp-1179469,MaterialsProject,TiFe(BiO3)2,FM,ground_truth,1.0,1.0,triclinic,['Bi'],0.6081621595,5.081990604888951,201.8232456553259,10.0
mp-1181670,MaterialsProject,FeBiO3,FM,ground_truth,1.0,9.0,monoclinic,['Bi'],1.6980956450000004,2.0060798601854435,517.8814859665492,10.0
mp-1181856,MaterialsProject,FeBiO3,FM,ground_truth,1.0,8.0,monoclinic,['Bi'],0.4156844290000006,4.757187860404463,109.19388191578322,5.0
mp-1207088,MaterialsProject,ZnFeBi,FM,ground_truth,1.0,216.0,cubic,['Bi'],0.7337738038888872,7.897936855381091,69.43169249672292,3.0
mp-1217275,MaterialsProject,Ti2FeB6(Os2Rh)3,FM,ground_truth,1.0,38.0,orthorhombic,['Os'],0.2566337694290066,13.408461393686308,206.38887561175477,18.0
mp-1217937,MaterialsProject,Ti6Fe(BiO3)9,FM,ground_truth,1.0,25.0,orthorhombic,['Bi'],0.8853504840988249,6.402665436578905,688.7990691138675,43.0
mp-1218144,MaterialsProject,Ta2Fe(ReSe4)2,FM,ground_truth,1.0,156.0,trigonal,"['Re', 'Ta']",0.24971687499999717,8.67341654959336,272.21247302358415,13.0
mp-1221020,MaterialsProject,NdMnFeBiO6,FM,ground_truth,1.0,4.0,monoclinic,['Bi'],0.19495586900000017,6.805764392379212,273.2698015026931,20.0
mp-1223042,MaterialsProject,Li2Fe(WO4)2,FM,ground_truth,1.0,1.0,triclinic,['W'],0.1411798299999969,4.249277763137297,220.94871060161947,13.0
mp-1225010,MaterialsProject,FeHg2O3F5,FM,ground_truth,1.0,38.0,orthorhombic,['Hg'],0.2951457983333361,5.745616628703652,173.41023122513351,11.0
mp-1225018,MaterialsProject,FeCoPt2,FM,ground_truth,1.0,160.0,trigonal,['Pt'],0.16420544708333562,15.672758556631035,53.49938120148226,4.0
mp-1225146,MaterialsProject,FeSnPt,FM,ground_truth,1.0,156.0,trigonal,['Pt'],0.28483707250000023,11.047516665714095,222.2399909298873,12.0
mp-1225376,MaterialsProject,FeBiPPbO7,FM,ground_truth,1.0,8.0,monoclinic,['Bi'],0.2488979021022688,5.780123031127247,176.6784471698019,11.0
mp-1246453,MaterialsProject,Mg2FeW3S8,FiM,ground_truth,1.0,160.0,trigonal,['W'],0.25869610642856955,5.867477505121342,258.24276213613183,14.0
mp-1247392,MaterialsProject,MgFeWS4,FiM,ground_truth,1.0,44.0,orthorhombic,['W'],0.3158728749999984,4.8857459069516525,266.6313239323828,14.0
mp-1275809,MaterialsProject,LiFeWClO4,FM,ground_truth,1.0,6.0,monoclinic,['W'],0.11673100406250025,4.4128498177562765,260.45468976834263,16.0
mp-1385922,MaterialsProject,CaFeWO6,FM,ground_truth,1.0,216.0,cubic,['W'],0.15056235750000369,5.1932419366810505,120.14906523163187,9.0
mp-1391360,MaterialsProject,CaFeWO6,FM,ground_truth,1.0,8.0,monoclinic,['W'],0.15000984972222575,5.177160659920323,120.52227180130443,9.0
mp-1517349,MaterialsProject,SrEuFeWO6,FiM,ground_truth,1.0,216.0,cubic,['W'],0.1125980329999976,7.509079246985582,127.21275675461322,10.0
mp-1517541,MaterialsProject,KEuFeBiO6,FM,ground_truth,1.0,216.0,cubic,['Bi'],0.24169582025000125,6.742754521701827,135.9125720232289,10.0
mp-1517573,MaterialsProject,KLaFeBiO6,FM,ground_truth,1.0,216.0,cubic,['Bi'],0.1655866057500015,6.508495346117991,137.47277408007346,10.0
mp-1517846,MaterialsProject,BaEuFeBiO6,FM,ground_truth,1.0,216.0,cubic,['Bi'],0.19008421650000074,7.488339148414696,144.16250148519453,10.0
mp-1518082,MaterialsProject,KPrFeBiO6,FM,ground_truth,1.0,216.0,cubic,['Bi'],0.17758281375000085,6.56243513558558,136.84944534708333,10.0
mp-1518702,MaterialsProject,KNdFeBiO6,FM,ground_truth,1.0,216.0,cubic,['Bi'],0.19887533175000094,6.643358122429685,136.0159139735005,10.0
mp-1518745,MaterialsProject,SrEuFeBiO6,FM,ground_truth,1.0,216.0,cubic,['Bi'],0.20310540249999676,7.131685635494594,139.79826636553983,10.0
mp-1518769,MaterialsProject,SrLaFeBiO6,FM,ground_truth,1.0,216.0,cubic,['Bi'],0.21378390300000039,6.803430524587275,143.35607387093444,10.0
mp-1519031,MaterialsProject,NaSrFeBiO6,FM,ground_truth,1.0,216.0,cubic,['Bi'],0.14204689399999992,5.684685566862491,137.70867885376597,10.0
mp-1519350,MaterialsProject,CaLaFeBiO6,FM,ground_truth,1.0,118.0,tetragonal,['Bi'],0.31775823624999866,6.266807498178665,286.06838193272165,20.0
mp-1519390,MaterialsProject,CaLaFeBiO6,FM,ground_truth,1.0,82.0,tetragonal,['Bi'],0.31419337124999913,6.314939755831595,141.9439891910527,10.0
mp-1519433,MaterialsProject,CaLaFeBiO6,FM,ground_truth,1.0,216.0,cubic,['Bi'],0.4954194132499996,6.118383617541761,146.50401094072797,10.0
mp-1519883,MaterialsProject,KCaFeBiO6,FM,ground_truth,1.0,216.0,cubic,['Bi'],0.17623158750000378,5.286244272577282,138.2142023006349,10.0
mp-1520229,MaterialsProject,SrFeSnWO6,FiM,ground_truth,1.0,216.0,cubic,['W'],0.18331637450000482,6.944694158256914,129.59981893946053,10.0
mp-19864,MaterialsProject,Ca2FeWO6,FM,ground_truth,1.0,44.0,orthorhombic,['W'],0.12572856100000074,5.396771854211815,127.94949789830633,10.0
mp-541913,MaterialsProject,FeHgC4(SN)4,FM,ground_truth,1.0,82.0,tetragonal,['Hg'],0.21622993155612225,2.6546160595237374,305.7363835697833,14.0
mp-551451,MaterialsProject,FeBiO3,FM,ground_truth,1.0,1.0,triclinic,['Bi'],0.4379271170000001,3.9351096260952074,132.00542267882287,5.0
mp-623035,MaterialsProject,FeSbPt,FM,ground_truth,1.0,146.0,trigonal,['Pt'],0.47186255124999743,10.230909024412785,241.95881072933153,12.0
mp-623098,MaterialsProject,Ca2FeWO6,FM,ground_truth,1.0,25.0,orthorhombic,['W'],0.1713805715000003,5.528427992902529,249.8049173850523,20.0
mp-631267,MaterialsProject,TaFeSb,FiM,ground_truth,1.0,216.0,cubic,['Ta'],0.6955610400000003,10.075638391165317,59.092143088009664,3.0
mp-631895,MaterialsProject,FePbW2,FM,ground_truth,1.0,216.0,cubic,['W'],0.8603247621875028,15.869617685412326,65.99676973991038,4.0
mp-2217949,MaterialsProject,MgFe2(BiO3)2,FM,ground_truth,1.0,146.0,trigonal,['Bi'],0.1902321927272732,6.677908944218426,161.61810980739898,11.0
mp-2218298,MaterialsProject,MgTa2(FeO4)2,FM,ground_truth,1.0,3.0,monoclinic,['Ta'],0.1290301158654028,6.766849471838884,153.58817919531305,13.0
mp-2219064,MaterialsProject,MgFe2(WO4)2,FiM,ground_truth,1.0,3.0,monoclinic,['W'],0.19180255576922356,7.004946175470457,149.73891583143595,13.0
mp-2228623,MaterialsProject,MgFe2W2(ClO4)2,FM,ground_truth,1.0,8.0,monoclinic,['W'],0.24467437466666642,4.137399940387753,281.9778715624997,15.0
mp-2228701,MaterialsProject,MgFe2W2(ClO4)2,FM,ground_truth,1.0,115.0,tetragonal,['W'],0.25530692533333355,4.252771782293287,274.32820022245306,15.0
mp-2230665,MaterialsProject,La2MgFe2(WO6)2,FiM,ground_truth,1.0,1.0,triclinic,['W'],0.1122843789473702,6.589176972205166,245.32646297888533,19.0
mp-2232245,MaterialsProject,MgFe2Si2BiO9,FM,ground_truth,1.0,1.0,triclinic,['Bi'],0.22502404294444656,4.0401720314278995,224.05677815906935,15.0
mp-771051,MaterialsProject,Fe2Ni3P6WO24,FM,ground_truth,1.0,146.0,trigonal,['W'],0.10123929309029034,3.8901471405399835,444.5459367221758,36.0
mp-1227229,MaterialsProject,CaFe2BiO6,FM,ground_truth,1.0,107.0,tetragonal,['Bi'],0.13150270924999763,6.650675827728196,114.03992685434012,10.0
mp-774903,MaterialsProject,Cr2Fe3P6WO24,FM,ground_truth,1.0,146.0,trigonal,['W'],0.1014028037268595,3.67016085003061,463.8426047370035,36.0
mp-1173129,MaterialsProject,Ta3ZnFe3(O6F)2,FM,ground_truth,1.0,6.0,monoclinic,['Ta'],0.164756385000004,5.7829763894779695,288.8015270677493,21.0
mp-1223013,MaterialsProject,LaMnFe3(BiO4)3,FM,ground_truth,1.0,8.0,monoclinic,['Bi'],0.11017122078332875,7.801407505093292,251.23095331363353,20.0
mp-1225363,MaterialsProject,Fe3W5N8,FiM,ground_truth,1.0,187.0,hexagonal,['W'],0.2532185078125,12.330759961187763,161.43654664770244,16.0
mp-1228452,MaterialsProject,Ba3Ti3Fe3(BiO9)2,FM,ground_truth,1.0,156.0,trigonal,['Bi'],0.13053869241379523,6.209380713182202,382.1671910962863,29.0
mp-1229137,MaterialsProject,Al2Fe3(BiO4)3,FM,ground_truth,1.0,1.0,triclinic,['Bi'],0.12326977187499999,7.303159827427877,236.56583637396116,20.0
mp-760290,MaterialsProject,Li4Mn3Fe3(WO8)2,FM,ground_truth,1.0,8.0,monoclinic,['W'],0.11006644142856725,5.532685696447014,295.2654614515334,28.0
mp-2232113,MaterialsProject,MgFe4(HgO4)2,FM,ground_truth,1.0,44.0,orthorhombic,['Hg'],0.2806672973333404,6.713967263462453,192.13777228394417,15.0
mp-2232262,MaterialsProject,MgFe4(HgO4)2,FM,ground_truth,1.0,216.0,cubic,['Hg'],0.6264798420000073,6.064556962476217,212.712440689531,15.0
mp-1214999,MaterialsProject,AlFe4Hg2O2F,FM,ground_truth,1.0,108.0,tetragonal,['Hg'],1.2551030717499954,5.03010225348524,463.8446573846465,20.0
mp-1218774,MaterialsProject,Sr4Fe4Bi5PbO18,FM,ground_truth,1.0,38.0,orthorhombic,['Bi'],0.18143342666992357,7.4943905036377485,468.3901320175978,32.0
mp-1225423,MaterialsProject,Fe4W2N,FiM,ground_truth,1.0,8.0,monoclinic,['W'],0.11991678071428247,12.387034524031526,324.4479193799782,28.0
mp-1228508,MaterialsProject,Ba2Fe4Bi2O11,FM,ground_truth,1.0,99.0,tetragonal,['Bi'],0.1323614255263239,6.8663115521026885,264.0848809641237,19.0
mp-1218820,MaterialsProject,Sr4Fe6Bi7PbO24,FM,ground_truth,1.0,38.0,orthorhombic,['Bi'],0.18859402921875112,7.4596348179652345,609.8435496325823,42.0
mp-530917,MaterialsProject,Fe10Bi5O24,FM,ground_truth,1.0,98.0,tetragonal,['Bi'],0.1632388885897571,6.682429377342097,987.6802406990153,78.0
mp-1224794,MaterialsProject,Fe22B6W,FiM,ground_truth,1.0,216.0,cubic,['W'],0.14761624086207092,8.212432531131924,298.7065908986075,29.0
mp-2217361,MaterialsProject,MgZn2CoWO6,FM,ground_truth,1.0,1.0,triclinic,['W'],0.2448018231818212,6.35045962166476,129.14466018331876,11.0
mp-2218102,MaterialsProject,Ba2MgCoWO6,FM,ground_truth,1.0,8.0,monoclinic,['W'],0.3312105999999986,6.243655520409694,169.6078913872353,11.0
mp-2218119,MaterialsProject,MgCo(WO4)2,FM,ground_truth,1.0,1.0,triclinic,['W'],0.15266563583333514,6.422012209344605,149.68957992945352,12.0
mp-2226666,MaterialsProject,MgCoBiO3,FM,ground_truth,1.0,99.0,tetragonal,['Bi'],0.6904088939583346,5.365788274629709,105.28616693121997,6.0
mp-2236590,MaterialsProject,YCo(WO4)2,FiM,ground_truth,1.0,1.0,triclinic,['W'],0.1373008632291679,6.705179984654376,159.36642232939812,12.0
mp-2240517,MaterialsProject,MgCoBiO3,FM,ground_truth,1.0,25.0,orthorhombic,['Bi'],0.5242483356250007,5.950861228129674,94.93470916944996,6.0
mp-1022072,MaterialsProject,Mg6CoBi,FM,ground_truth,1.0,38.0,orthorhombic,['Bi'],0.17414564781249897,4.065180181038794,338.01080071061034,16.0
mp-1022059,MaterialsProject,Mg6CoW,FM,ground_truth,1.0,38.0,orthorhombic,['W'],0.3143606935416674,4.323174730138314,298.5263506034566,16.0
mp-1028398,MaterialsProject,Mg14CoW,FM,ground_truth,1.0,38.0,orthorhombic,['W'],0.21660868187499904,3.004285374134123,322.2616641218648,16.0
mp-1028395,MaterialsProject,Mg14CoW,FM,ground_truth,1.0,187.0,hexagonal,['W'],0.21422173708333325,2.999724906882052,322.7515969695249,16.0
mp-1047724,MaterialsProject,AlCo(WO4)2,FiM,ground_truth,1.0,1.0,triclinic,['W'],0.13033280114582801,6.81966681501092,141.61290177808226,12.0
mp-1096523,MaterialsProject,Nb2CoRe,FiM,ground_truth,1.0,5.0,monoclinic,['Re'],4.2295180675833315,0.8115338548854087,881.8045166397519,4.0
mp-1173186,MaterialsProject,SrLaTaCoO6,FM,ground_truth,1.0,156.0,trigonal,['Ta'],0.10456921419444676,7.176592435381195,780.7817465380928,60.0
mp-1181743,MaterialsProject,CoHgS4,FM,ground_truth,1.0,82.0,tetragonal,['Hg'],0.39197693013889,4.882246941597093,131.89196557875846,6.0
mp-1217807,MaterialsProject,Ta2Co(ReSe4)2,FiM,ground_truth,1.0,156.0,trigonal,"['Re', 'Ta']",0.23781842269230768,9.022862429678895,262.23831466115354,13.0
mp-1226000,MaterialsProject,CoOs,FM,ground_truth,1.0,187.0,hexagonal,['Os'],0.13839230749999842,16.264150231113252,25.439092356816733,2.0
mp-1226094,MaterialsProject,CoNiPt2,FM,ground_truth,1.0,160.0,trigonal,['Pt'],0.10646895749999974,15.158774153275878,55.625392624619735,4.0
mp-1226287,MaterialsProject,CrCoPt2,FiM,ground_truth,1.0,160.0,trigonal,['Pt'],0.21721340166666714,15.147594951016721,54.93226075613934,4.0
mp-1227898,MaterialsProject,BaPrTaCoO6,FM,ground_truth,1.0,7.0,monoclinic,['Ta'],0.12118249999999975,7.531526042183921,270.79695948692034,20.0
mp-1235015,MaterialsProject,LiCo(PtO2)3,FM,ground_truth,1.0,6.0,monoclinic,['Pt'],0.19737013374655366,9.71247788264857,127.73529816595867,11.0
mp-1246602,MaterialsProject,Mg2CoW3S8,FM,ground_truth,1.0,160.0,trigonal,['W'],0.27179050142857,5.914729937119739,257.04667538624085,14.0
mp-1372511,MaterialsProject,CaCoWO6,FM,ground_truth,1.0,7.0,monoclinic,['W'],0.1815257083333277,5.914296626476973,212.7357731256094,18.0
mp-1398590,MaterialsProject,Ca2CoWO6,FM,ground_truth,1.0,8.0,monoclinic,['W'],0.12411812299998548,5.49744137933228,126.53928791006949,10.0
mp-1405253,MaterialsProject,Co(BiO3)2,FiM,ground_truth,1.0,99.0,tetragonal,['Bi'],0.2865113985185177,7.778981924411633,122.29195187112653,9.0
mp-1516194,MaterialsProject,KLaCoWO6,FM,ground_truth,1.0,216.0,cubic,['W'],0.18042810425000155,6.732764624145773,127.45468024862527,10.0
mp-1519070,MaterialsProject,NaSrCoBiO6,FM,ground_truth,1.0,216.0,cubic,['Bi'],0.2126236524999925,5.832290844518459,135.10276297386991,10.0
mp-12422,MaterialsProject,CoHgC4(SeN)4,FM,ground_truth,1.0,82.0,tetragonal,['Hg'],0.3951780148325881,3.31355140595059,340.4880632836744,14.0
mp-540934,MaterialsProject,CoHgC4(SN)4,FM,ground_truth,1.0,82.0,tetragonal,['Hg'],0.2046954336989799,2.7445142726400418,297.5902841523023,14.0
mp-568906,MaterialsProject,KCoAu3(CN)6,FM,ground_truth,1.0,149.0,trigonal,['Au'],0.23637641671568588,4.418505853637371,317.576728023159,17.0
mp-570037,MaterialsProject,CoAu2(CN)4,FM,ground_truth,1.0,181.0,hexagonal,['Au'],0.2533154465151526,4.230113008442993,1311.7576865479261,66.0
mp-631310,MaterialsProject,CoReGe2,FM,ground_truth,1.0,216.0,cubic,['Re'],0.6344343781249968,11.224149970521756,57.76009664834584,4.0
mp-631428,MaterialsProject,TlCoW,FiM,ground_truth,1.0,216.0,cubic,['W'],1.4131961566666718,12.436347590224132,59.70569932063538,3.0
mp-631546,MaterialsProject,TlCoBi,FM,ground_truth,1.0,216.0,cubic,['Bi'],0.8597697153333286,9.384899436483948,83.56695259069633,3.0
mp-631635,MaterialsProject,TaCoSn2,FM,ground_truth,1.0,216.0,cubic,['Ta'],0.7177847988333328,10.428379746019425,76.00193912937877,4.0
mp-631696,MaterialsProject,Ca2CoW,FM,ground_truth,1.0,216.0,cubic,['W'],1.0298287533333337,6.810800621051423,78.73326127547148,4.0
mp-690204,MaterialsProject,MnCo(BiO3)2,FM,ground_truth,1.0,1.0,triclinic,['Bi'],0.8993814376000078,8.55990455503009,243.58534525632479,20.0
mp-697828,MaterialsProject,NaLaCoWO6,FM,ground_truth,1.0,6.0,monoclinic,['W'],0.24537167725000142,5.353077173502281,1242.4607242676702,80.0
mp-2218405,MaterialsProject,MgCo2(BiO4)2,FM,ground_truth,1.0,44.0,orthorhombic,['Bi'],0.17576994615385733,6.374431324554831,179.25715366754682,13.0
mp-2230224,MaterialsProject,MgCo2(BiO3)4,FM,ground_truth,1.0,81.0,tetragonal,['Bi'],0.22586630526313645,7.333423722265605,264.94762090234923,19.0
mp-2230779,MaterialsProject,MgCo2(BiO3)4,FiM,ground_truth,1.0,8.0,monoclinic,['Bi'],0.18302147105261035,6.749184263247398,287.8826673711606,19.0
mp-2230975,MaterialsProject,MgCo2(BiO3)4,FM,ground_truth,1.0,38.0,orthorhombic,['Bi'],0.21238483684208376,7.236891986592101,268.4817145098888,19.0
mp-2240961,MaterialsProject,MgCo2(WO4)2,FM,ground_truth,1.0,1.0,triclinic,['W'],0.2562513430769222,6.8289195475956035,155.10055072259857,13.0
mp-867764,MaterialsProject,Ti3Co2P6WO24,FiM,ground_truth,1.0,146.0,trigonal,['W'],0.22988036607639195,3.64874639182158,461.98668801136233,36.0
mp-1120819,MaterialsProject,NaCo2BiO6,FM,ground_truth,1.0,146.0,trigonal,['Bi'],0.16554974459999805,6.321623489256852,117.10963937583207,10.0
mp-2218611,MaterialsProject,MgCo3BiO8,FM,ground_truth,1.0,160.0,trigonal,['Bi'],0.17455150641025963,5.4817290112438855,162.99659606877427,13.0
mp-774604,MaterialsProject,Li4Mn3Co3(WO8)2,FM,ground_truth,1.0,8.0,monoclinic,['W'],0.10092292770408307,5.431636126548172,303.5908816715047,28.0
mp-775180,MaterialsProject,Li2Co3WO8,FM,ground_truth,1.0,9.0,monoclinic,['W'],0.11161877142856902,5.7287792669052875,291.31817282649274,28.0
mp-1218093,MaterialsProject,TaCo3,FiM,ground_truth,1.0,156.0,trigonal,['Ta'],0.10643158499999927,12.15713495008536,146.59382614702793,12.0
mp-1226436,MaterialsProject,Co3Pt,FM,ground_truth,1.0,187.0,hexagonal,['Pt'],0.12048455375000078,12.370123547269431,49.92086130933137,4.0
mp-753391,MaterialsProject,Co3WO8,FM,ground_truth,1.0,186.0,hexagonal,['W'],0.10118615653273988,6.093358549526669,266.3218139325983,24.0
mp-757526,MaterialsProject,Li4V3Co3(WO8)2,FiM,ground_truth,1.0,8.0,monoclinic,['W'],0.27247376053571415,5.366383542487593,303.57240222207463,28.0
mp-1521488,MaterialsProject,NaCo4BiO12,FM,ground_truth,1.0,38.0,orthorhombic,['Bi'],0.3212138362962982,5.471570778318565,200.20769348734055,18.0
mp-2232298,MaterialsProject,MgCo4(HgO4)2,FM,ground_truth,1.0,1.0,triclinic,['Hg'],0.22125140540000476,7.019187589772047,186.70522339342952,15.0
mp-2233075,MaterialsProject,MgCo4(HgO4)2,FM,ground_truth,1.0,8.0,monoclinic,['Hg'],0.5705848107333376,6.347085945245943,206.4756958223286,15.0
mp-2230237,MaterialsProject,MgCo5BiO12,FM,ground_truth,1.0,8.0,monoclinic,['Bi'],0.18045466228070595,5.373424116237204,222.4829836930935,19.0
mp-2230223,MaterialsProject,MgCo5BiO12,FM,ground_truth,1.0,1.0,triclinic,['Bi'],0.1669304275438641,5.289615014516953,226.00802265343114,19.0
mp-1361818,MaterialsProject,Co5(Bi2O5)4,FM,ground_truth,1.0,1.0,triclinic,['Bi'],3.960941147651515,7.731666876735045,491.0736521108425,33.0
mp-1218035,MaterialsProject,Ta3AlCo8,FM,ground_truth,1.0,160.0,trigonal,['Ta'],0.10033742527777356,11.439733760590236,151.14896812604223,12.0
mp-1218133,MaterialsProject,Ta3Co8Si,FM,ground_truth,1.0,156.0,trigonal,['Ta'],0.1843906747685189,11.575446840552644,149.5352316353865,12.0
mp-675023,MaterialsProject,Co8(BiO4)5,FM,ground_truth,1.0,1.0,triclinic,['Bi'],0.20775199063973204,7.284697293856645,418.59531409493763,33.0
mp-1521776,MaterialsProject,CaEuNiBiO6,FiM,ground_truth,1.0,216.0,cubic,['Bi'],0.2785305713333326,6.941113753797993,132.94434465514456,10.0
mp-1522954,MaterialsProject,BaNdNiBiO6,FM,ground_truth,1.0,216.0,cubic,['Bi'],0.2152226189999933,7.617858701281633,140.64909082895235,10.0
mp-2240423,MaterialsProject,Sr2MgNiIrO6,FiM,ground_truth,1.0,1.0,triclinic,['Ir'],0.2113043956363665,6.187542395508507,146.6502377164052,11.0
mp-2240589,MaterialsProject,Ba2MgNiWO6,FM,ground_truth,1.0,8.0,monoclinic,['W'],0.6040188809090914,5.471346873524133,193.47613720515076,11.0
mp-998363,MaterialsProject,NiBiO3,FM,ground_truth,1.0,8.0,monoclinic,['Bi'],0.13874435425000264,8.825467451692358,59.39466570278917,5.0
mp-1041748,MaterialsProject,Zn2NiWO6,FM,ground_truth,1.0,1.0,triclinic,['W'],0.17635451849999928,5.441567508745089,143.22534041140386,10.0
mp-1345055,MaterialsProject,CaNiWO6,FiM,ground_truth,1.0,7.0,monoclinic,['W'],0.23222705814814937,6.013715088825997,209.08640812266466,18.0
mp-1397424,MaterialsProject,Ca2NiWO6,FM,ground_truth,1.0,5.0,monoclinic,['W'],0.10651078900000144,5.627317861811708,123.5480464361386,10.0
mp-1516192,MaterialsProject,EuNiSnWO6,FM,ground_truth,1.0,216.0,cubic,['W'],0.17478543581250428,7.906573309497847,127.94502387264573,10.0
mp-1516486,MaterialsProject,SrNdNiBiO6,FM,ground_truth,1.0,216.0,cubic,['Bi'],0.21595006750000412,7.263174104265526,136.15321217745748,10.0
mp-1517136,MaterialsProject,BaCaNiBiO6,FM,ground_truth,1.0,216.0,cubic,['Bi'],0.16568850544444302,6.472042174854885,138.82426667651436,10.0
mp-1517874,MaterialsProject,KLaNiWO6,FM,ground_truth,1.0,216.0,cubic,['W'],0.11072208700000008,6.751716431195844,127.03794392647589,10.0
mp-1518274,MaterialsProject,SrCaNiBiO6,FM,ground_truth,1.0,216.0,cubic,['Bi'],0.15276297842500242,6.135758166609826,132.98048442735856,10.0
mp-1518344,MaterialsProject,SrPrNiBiO6,FM,ground_truth,1.0,216.0,cubic,['Bi'],0.1957052460000055,7.165041570963398,137.2452143809689,10.0
mp-1519106,MaterialsProject,SrEuNiBiO6,FM,ground_truth,1.0,216.0,cubic,['Bi'],0.23191746554999515,7.427376244336547,134.8695871377065,10.0
mp-567861,MaterialsProject,KNiAu3(CN)6,FM,ground_truth,1.0,149.0,trigonal,['Au'],0.22707901455882862,4.343826262699293,322.9448780742849,17.0
mp-2217671,MaterialsProject,MgNi2(BiO3)2,FiM,ground_truth,1.0,146.0,trigonal,['Bi'],0.21882522409091099,7.3475943090414715,148.175135181131,11.0
mp-2217787,MaterialsProject,MgNi2(BiO3)2,FM,ground_truth,1.0,1.0,triclinic,['Bi'],0.1837602713636377,6.914760048096337,157.45026182044612,11.0
mp-2219819,MaterialsProject,MgNi2(WO4)2,FM,ground_truth,1.0,1.0,triclinic,['W'],0.25720806230769266,6.643116515859733,159.31871768522817,13.0
mp-2227794,MaterialsProject,MgNi2(WO4)2,FiM,ground_truth,1.0,3.0,monoclinic,['W'],0.5023053784615383,7.157021076083035,147.8789559915017,13.0
mp-2230239,MaterialsProject,Rb2MgNi2W2(OF)6,FM,ground_truth,1.0,1.0,triclinic,['W'],0.22388919662280582,4.645273533785157,318.2521595473392,19.0
mp-2230641,MaterialsProject,MgNi2(BiO3)4,FM,ground_truth,1.0,81.0,tetragonal,['Bi'],0.19928858092104385,7.34405369119995,264.4556905511573,19.0
mp-2231397,MaterialsProject,MgNi2(BiO3)4,FM,ground_truth,1.0,38.0,orthorhombic,['Bi'],0.20981061407893975,6.875591772248184,282.47412800018594,19.0
mp-2231630,MaterialsProject,MgNi2(BiO3)4,FM,ground_truth,1.0,8.0,monoclinic,['Bi'],0.17463820302630761,6.783815338579465,286.29564535843514,19.0
mp-1120818,MaterialsProject,NaNi2BiO6,FM,ground_truth,1.0,146.0,trigonal,['Bi'],0.16606635416666826,6.92883660661152,106.7317229647091,10.0
mp-1341945,MaterialsProject,Ca3Ni2(WO6)2,FM,ground_truth,1.0,1.0,triclinic,['W'],0.10557752807017362,5.697063895586659,232.38938450830577,19.0
mp-1369423,MaterialsProject,Ca3Ni2(WO6)2,FM,ground_truth,1.0,3.0,monoclinic,['W'],0.23518146175438392,4.620862840072245,286.51297777520165,19.0
mp-510113,MaterialsProject,Mn5(NiBi2)2,FM,ground_truth,1.0,216.0,cubic,['Bi'],0.18122058914838135,9.367781808565315,435.3516627656886,22.0
mp-631502,MaterialsProject,CrNi2Hg,FM,ground_truth,1.0,216.0,cubic,['Hg'],0.40069030875000067,10.713280322754,57.34513019199181,4.0
mp-675540,MaterialsProject,Ni3(BiO2)10,FM,ground_truth,1.0,5.0,monoclinic,['Bi'],0.1679461277272818,8.357718794397726,513.769596820174,33.0
mp-1071438,MaterialsProject,GdNi4Au,FiM,ground_truth,1.0,216.0,cubic,['Au'],0.8554350699999951,11.295993973418165,86.58301244988519,6.0
mp-690570,MaterialsProject,Ni4(BiO2)9,FM,ground_truth,1.0,1.0,triclinic,['Bi'],0.1773724642742085,7.993159367682626,499.3331096164438,31.0
mp-1218043,MaterialsProject,Ta3SiNi8,FM,ground_truth,1.0,156.0,trigonal,['Ta'],0.22645188192708332,11.435231186865613,151.09022149384847,12.0
mp-1521485,MaterialsProject,KPrMnBiO6,FM,ground_truth,1.0,216.0,cubic,['Bi'],0.20164784128125124,6.5836808582326265,136.17907573674907,10.0
mp-1521496,MaterialsProject,KZrMnBiO6,FM,ground_truth,1.0,216.0,cubic,['Bi'],0.15769881372916572,6.3684130208023,127.82743984242137,10.0
mp-1522211,MaterialsProject,NaPrMnWO6,FM,ground_truth,1.0,216.0,cubic,['W'],0.12373782000000588,6.316234247270381,131.1009188055315,10.0
mp-1522301,MaterialsProject,KMnBiWO6,FM,ground_truth,1.0,216.0,cubic,"['Bi', 'W']",0.17753417299999974,7.1866026410142805,134.67426363492334,10.0
mp-1522554,MaterialsProject,SrMnNbBiO6,FM,ground_truth,1.0,216.0,cubic,['Bi'],0.21089369799999957,6.6062135919417795,135.84540615855295,10.0
mp-1522574,MaterialsProject,SrMnInWO6,FM,ground_truth,1.0,216.0,cubic,['W'],0.20274125883333394,6.6562932213805555,134.01787204433242,10.0
mp-1522610,MaterialsProject,KPrMnWO6,FM,ground_truth,1.0,216.0,cubic,['W'],0.1170100230000024,6.371858612976724,134.15441392103156,10.0
mp-1523111,MaterialsProject,BaMnInWO6,FM,ground_truth,1.0,216.0,cubic,['W'],0.1948026268333365,7.037273499764876,138.49151503972462,10.0
mp-2217797,MaterialsProject,MgMnZn2WO6,FM,ground_truth,1.0,146.0,trigonal,['W'],0.1206228009090875,6.372060572644488,127.66574295902781,11.0
mp-2217764,MaterialsProject,MgMnZn2WO6,FM,ground_truth,1.0,1.0,triclinic,['W'],0.14060784272726945,5.985764190496552,135.90476024400533,11.0
mp-2218011,MaterialsProject,MgMnPb2WO6,FM,ground_truth,1.0,8.0,monoclinic,['W'],0.30475703227272355,6.4159211608557145,200.1883759521998,11.0
mp-2240183,MaterialsProject,Ba2MgMnWO6,FM,ground_truth,1.0,160.0,trigonal,['W'],0.41972050401515304,5.317438302881674,197.90340475289966,11.0
mp-961654,MaterialsProject,TaMnAs,FiM,ground_truth,1.0,216.0,cubic,['Ta'],0.7747261930555549,9.263238315355288,55.715724955634414,3.0
mp-1022960,MaterialsProject,Mg6MnW,FiM,ground_truth,1.0,38.0,orthorhombic,['W'],0.32855152088362116,4.147394505433224,307.97971309784,16.0
mp-1022825,MaterialsProject,Mg6MnBi,FM,ground_truth,1.0,38.0,orthorhombic,['Bi'],0.15821111307111968,3.789794840070399,359.07131127925567,16.0
mp-1028070,MaterialsProject,Mg14MnW,FiM,ground_truth,1.0,38.0,orthorhombic,['W'],0.21063331825431053,2.8638876599438516,335.74358203809487,16.0
mp-1028073,MaterialsProject,Mg14MnW,FM,ground_truth,1.0,187.0,hexagonal,['W'],0.3078268132543105,2.946363043482413,326.34535775597317,16.0
mp-1047187,MaterialsProject,Mg2MnWO6,FM,ground_truth,1.0,5.0,monoclinic,['W'],0.10473206250000189,4.924650802489594,129.27309465614766,10.0
mp-1106384,MaterialsProject,TaMnGe,FiM,ground_truth,1.0,46.0,orthorhombic,['Ta'],0.30856022222222457,10.406562522501638,295.3824672437706,18.0
mp-1206694,MaterialsProject,MnGaIr,FM,ground_truth,1.0,216.0,cubic,['Ir'],0.39312219677083426,10.652481570633839,49.39584925038089,3.0
mp-1215061,MaterialsProject,Ba2NaTi2MnRe2Si8HO26F,FM,ground_truth,1.0,40.0,orthorhombic,['Re'],0.245229405232692,4.357013136208714,1129.1818811050034,88.0
mp-1217765,MaterialsProject,SrTiMnBiO6,FM,ground_truth,1.0,216.0,cubic,['Bi'],0.15485704755000462,6.702882682685799,122.7284076689115,10.0
mp-1217938,MaterialsProject,TaMnNO2,FM,ground_truth,1.0,9.0,monoclinic,['Ta'],0.2170532901111102,8.185591405450788,114.36967745405163,10.0
mp-1218108,MaterialsProject,Ta2Mn(ReSe4)2,FiM,ground_truth,1.0,156.0,trigonal,"['Re', 'Ta']",0.21098600086538255,8.528193539175554,276.6712696514787,13.0
mp-1221580,MaterialsProject,MnHgS2,FM,ground_truth,1.0,160.0,trigonal,['Hg'],0.10004779187498869,5.428565383617934,97.77991695907807,4.0
mp-1221621,MaterialsProject,MnAlIr,FM,ground_truth,1.0,216.0,cubic,['Ir'],0.4302907706896564,8.80323426280123,51.7099163442235,3.0
mp-1227378,MaterialsProject,BaTiMnBiO6,FM,ground_truth,1.0,216.0,cubic,['Bi'],0.1681527215500056,7.0905964028721105,127.65844824699191,10.0
mp-1232588,MaterialsProject,SrMnBi2,FM,ground_truth,1.0,44.0,orthorhombic,['Bi'],0.174492506454742,7.657525942351677,486.1953837286355,16.0
mp-1245489,MaterialsProject,MnPtN2,FM,ground_truth,1.0,33.0,orthorhombic,['Pt'],0.33460448104166574,10.422522063333247,177.1888670176263,16.0
mp-1247062,MaterialsProject,MnIrN2,FM,ground_truth,1.0,33.0,orthorhombic,['Ir'],0.25919215062499923,10.47702041078889,174.44958033523915,16.0
mp-1247089,MaterialsProject,MgMnWS4,FM,ground_truth,1.0,44.0,orthorhombic,['W'],0.20324588642856867,4.733909154666441,274.54705797724847,14.0
mp-1247384,MaterialsProject,Mg2MnW3S8,FM,ground_truth,1.0,160.0,trigonal,['W'],0.21194104300492445,5.66694190328823,267.1154194477564,14.0
mp-1516574,MaterialsProject,CaMnSnWO6,FM,ground_truth,1.0,216.0,cubic,['W'],0.18125397997727077,6.135686210169351,133.57588618462893,10.0
mp-1516729,MaterialsProject,NaSmMnWO6,FM,ground_truth,1.0,216.0,cubic,['W'],0.1974167825000066,6.518169851061373,129.4473953511392,10.0
mp-1516942,MaterialsProject,NaCeMnWO6,FM,ground_truth,1.0,216.0,cubic,['W'],0.19697387275000366,6.303899560113728,131.1489086350998,10.0
mp-1517122,MaterialsProject,NaLaMnWO6,FM,ground_truth,1.0,216.0,cubic,['W'],0.13113934050000076,6.227677626415678,132.43129535106937,10.0
mp-1517301,MaterialsProject,CaEuMnWO6,FM,ground_truth,1.0,216.0,cubic,['W'],0.11491068725000275,6.556650586163711,133.421672784898,10.0
mp-1517402,MaterialsProject,NaSrMnBiO6,FM,ground_truth,1.0,216.0,cubic,['Bi'],0.1707666762500013,5.942841802421264,131.47321279562277,10.0
mp-1517613,MaterialsProject,KCeMnWO6,FM,ground_truth,1.0,216.0,cubic,['W'],0.19344758841666554,6.363123095101439,134.13199450985206,10.0
mp-1517896,MaterialsProject,NaNdMnWO6,FM,ground_truth,1.0,216.0,cubic,['W'],0.17844413049999908,6.3944614122180194,130.36296224413644,10.0
mp-1517962,MaterialsProject,NaTbMnWO6,FM,ground_truth,1.0,216.0,cubic,['W'],0.27216566000000064,6.674833946717311,128.5400078622403,10.0
mp-1518034,MaterialsProject,BaMnSnWO6,FM,ground_truth,1.0,216.0,cubic,['W'],0.10770235699999908,6.953104274030797,141.09747935922212,10.0
mp-1518265,MaterialsProject,PrEuMnWO6,FM,ground_truth,1.0,216.0,cubic,['W'],0.25799098704167456,7.723508195108455,134.94267577299286,10.0
mp-1518490,MaterialsProject,KSrMnBiO6,FM,ground_truth,1.0,216.0,cubic,['Bi'],0.1480006430000005,5.898076622875871,137.0062481673727,10.0
mp-1518849,MaterialsProject,BaNaMnBiO6,FM,ground_truth,1.0,216.0,cubic,['Bi'],0.178271986833332,6.231858396886258,138.62075570120282,10.0
mp-1519332,MaterialsProject,EuMnSnWO6,FM,ground_truth,1.0,216.0,cubic,['W'],0.13338315804545786,7.420991076383263,135.47662122096835,10.0
mp-1519598,MaterialsProject,SrMnSnWO6,FM,ground_truth,1.0,216.0,cubic,['W'],0.12090940999999944,6.599874318401296,136.14275483755347,10.0
mp-1520158,MaterialsProject,EuMnNbBiO6,FiM,ground_truth,1.0,216.0,cubic,['Bi'],0.23213222946429468,7.431428947472421,135.1381411995663,10.0
mp-1520467,MaterialsProject,NaMnBiWO6,FM,ground_truth,1.0,216.0,cubic,"['Bi', 'W']",0.1851061430000014,7.19603315214501,130.78060567736682,10.0
mp-1520582,MaterialsProject,KLaMnWO6,FM,ground_truth,1.0,216.0,cubic,['W'],0.11186401199999985,6.315554832083963,134.82398337718038,10.0
mp-1520623,MaterialsProject,KEuMnBiO6,FM,ground_truth,1.0,216.0,cubic,['Bi'],0.23657989716667238,6.69866900140793,136.58221882021658,10.0
mp-5944,MaterialsProject,MnSbAu,FM,ground_truth,1.0,216.0,cubic,['Au'],0.1602781441666643,9.205391862965582,67.40448418238412,3.0
mp-11480,MaterialsProject,MnSnIr,FM,ground_truth,1.0,216.0,cubic,['Ir'],0.5117202312499991,10.503101993851779,57.84321636886956,3.0
mp-20269,MaterialsProject,MnGaPt,FM,ground_truth,1.0,216.0,cubic,['Pt'],0.27288386666666753,10.623088378079535,49.98067609149172,3.0
mp-41283,MaterialsProject,BaLaTaMnO6,FM,ground_truth,1.0,216.0,cubic,['Ta'],0.12389660616665665,7.18481960804005,140.5461000518063,10.0
mp-541914,MaterialsProject,MnHgC4(SN)4,FM,ground_truth,1.0,82.0,tetragonal,['Hg'],0.15951559405612237,2.6982007459283577,300.2395877387077,14.0
mp-543031,MaterialsProject,MnHgC4(SeN)4,FM,ground_truth,1.0,82.0,tetragonal,['Hg'],0.31208010108258755,3.414526042588472,328.47621724143175,14.0
mp-631280,MaterialsProject,MnTcOs,FiM,ground_truth,1.0,216.0,cubic,['Os'],0.6941462873563218,11.43713596676832,49.82400730245159,3.0
mp-631353,MaterialsProject,MnRePt,FM,ground_truth,1.0,216.0,cubic,"['Pt', 'Re']",0.839013175229887,14.411326295046047,50.26430998715001,3.0
mp-631383,MaterialsProject,MnCrRe,FiM,ground_truth,1.0,216.0,cubic,['Re'],0.7117488023563219,10.303597735647475,47.242947217975214,3.0
mp-631560,MaterialsProject,SrMnRe2,FiM,ground_truth,1.0,216.0,cubic,['Re'],1.003735553850575,12.757973362026366,67.02719749120925,4.0
mp-632623,MaterialsProject,MnIn2W,FiM,ground_truth,1.0,216.0,cubic,['W'],0.7029488255172431,10.721637460778135,72.54673784659937,4.0
mp-2224271,MaterialsProject,MgMn2V2(BiO5)2,FiM,ground_truth,1.0,1.0,triclinic,['Bi'],0.16021942738562167,5.089624543705348,265.5815096136384,17.0
mp-2226704,MaterialsProject,MgMn2(WO4)2,FM,ground_truth,1.0,3.0,monoclinic,['W'],0.18152865346154456,6.496882931413215,160.98504288771272,13.0
mp-1215539,MaterialsProject,YbMn2BiSb,FM,ground_truth,1.0,156.0,trigonal,['Bi'],0.13278967320690782,8.01829429254806,127.08445703824324,5.0
mp-1221535,MaterialsProject,Mn2Sb2PtRh,FM,ground_truth,1.0,160.0,trigonal,['Pt'],0.35609638576149205,9.05578352794467,119.44314015332915,6.0
mp-1221896,MaterialsProject,Mn2CuSb2Pt,FM,ground_truth,1.0,160.0,trigonal,['Pt'],0.10563349610631878,8.543007296145104,118.96199996246452,6.0
mp-1222893,MaterialsProject,LaMn2BiO6,FM,ground_truth,1.0,26.0,orthorhombic,['Bi'],0.11719515816665194,7.254466472427019,253.50930906251196,20.0
mp-1245950,MaterialsProject,Mn2IrN3,FiM,ground_truth,1.0,36.0,orthorhombic,['Ir'],0.1739734508333335,8.529582989240096,133.98389976309932,12.0
mp-1246325,MaterialsProject,TaMn2N3,FM,ground_truth,1.0,36.0,orthorhombic,['Ta'],0.22026108444444148,8.721513512724027,126.74418982141002,12.0
mp-1247071,MaterialsProject,Mn2OsN3,FM,ground_truth,1.0,36.0,orthorhombic,['Os'],0.17198328083333436,9.525960466625083,119.27698146264129,12.0
mp-684803,MaterialsProject,Ba3La3Mn2(WO6)3,FM,ground_truth,1.0,160.0,trigonal,['W'],0.11743612172988449,7.23672746448642,407.99875435550877,29.0
mp-2227822,MaterialsProject,MgMn3BiO8,FM,ground_truth,1.0,160.0,trigonal,['Bi'],0.44983008519226697,3.632287962991957,240.5098027252825,13.0
mp-1342249,MaterialsProject,Mn3Cr3(WO8)2,FM,ground_truth,1.0,1.0,triclinic,['W'],3.4657737524956707,5.530569562477299,283.5755023662755,24.0
mp-20330,MaterialsProject,Mn3SiIr,FM,ground_truth,1.0,198.0,cubic,['Ir'],0.12090502510000078,9.86807711606814,259.22019497282076,20.0
mp-22492,MaterialsProject,Mn3GeIr,FM,ground_truth,1.0,198.0,cubic,['Ir'],0.12277065145901567,9.884215543672832,288.73741302067094,20.0
mp-1221759,MaterialsProject,Mn4Hg3Au,FM,ground_truth,1.0,25.0,orthorhombic,"['Au', 'Hg']",0.2729551709051705,11.716187694292152,144.35073960055172,8.0
mp-1228618,MaterialsProject,Ba3Mn4PtO12,FM,ground_truth,1.0,6.0,monoclinic,['Pt'],0.1938775933645811,5.339059622311263,316.86736902616565,20.0
mp-698762,MaterialsProject,Ta2Mn4O9,FM,ground_truth,1.0,1.0,triclinic,['Ta'],0.19887605044444534,6.407343400569167,1128.3532463391678,90.0
mp-1221878,MaterialsProject,Mn5(Bi2Pd)2,FM,ground_truth,1.0,216.0,cubic,['Bi'],0.22405915866771142,9.293473784847617,472.9433820169771,22.0
mp-1221874,MaterialsProject,Mn5(Bi2Rh)2,FiM,ground_truth,1.0,216.0,cubic,['Bi'],0.18886215321316513,9.387757196423406,465.70687468639636,22.0
mp-675520,MaterialsProject,Ta9Mn11O34,FiM,ground_truth,1.0,8.0,monoclinic,['Ta'],0.6840351830093034,7.458633474987261,618.2141919939315,54.0
mp-1522051,MaterialsProject,EuNbCrBiO6,FiM,ground_truth,1.0,216.0,cubic,['Bi'],0.2185348121785733,7.75355234495389,128.89372965378516,10.0
mp-1522588,MaterialsProject,BaEuCrBiO6,FM,ground_truth,1.0,216.0,cubic,['Bi'],0.2379012243125036,7.496689765869368,143.14937503061503,10.0
mp-1523008,MaterialsProject,EuZrCrBiO6,FM,ground_truth,1.0,216.0,cubic,['Bi'],0.20193460399999985,7.530880156603309,132.33388413628484,10.0
mp-2218121,MaterialsProject,MgCr(WO4)2,FM,ground_truth,1.0,1.0,triclinic,['W'],0.1289294437500086,5.750916383939812,165.15437353579276,12.0
mp-2222872,MaterialsProject,LaMgCrWO6,FM,ground_truth,1.0,1.0,triclinic,['W'],0.17259402650000588,6.776050333016547,121.31524296296631,10.0
mp-2223064,MaterialsProject,MgCrWO6,FM,ground_truth,1.0,1.0,triclinic,['W'],0.15549528944444013,5.660623029174428,104.47264013335047,9.0
mp-2226668,MaterialsProject,MgCrPtO2,FM,ground_truth,1.0,160.0,trigonal,['Pt'],0.443876360666664,8.136226380623853,61.918240135384515,5.0
mp-2228921,MaterialsProject,MgCrTe(WO6)2,FM,ground_truth,1.0,1.0,triclinic,['W'],0.1332192912254877,6.091305854788907,208.15639916698174,17.0
mp-1016614,MaterialsProject,Mg6CrW,FiM,ground_truth,1.0,38.0,orthorhombic,['W'],0.36490645312500014,4.090419799086503,309.8808931415133,16.0
mp-1016620,MaterialsProject,Mg6CrBi,FM,ground_truth,1.0,38.0,orthorhombic,['Bi'],0.1784118409374993,3.7088321353727816,364.2753632864035,16.0
mp-1026478,MaterialsProject,Mg14CrBi,FM,ground_truth,1.0,187.0,hexagonal,['Bi'],0.11153593171875009,2.743592993063506,363.8999318869811,16.0
mp-1026497,MaterialsProject,Mg14CrW,FM,ground_truth,1.0,187.0,hexagonal,['W'],0.2466999262500007,2.8343850266700925,337.51472643680484,16.0
mp-1026499,MaterialsProject,Mg14CrBi,FM,ground_truth,1.0,38.0,orthorhombic,['Bi'],0.1025323129687501,2.7335484606161,365.2370966477711,16.0
mp-1026538,MaterialsProject,Mg14CrW,FiM,ground_truth,1.0,38.0,orthorhombic,['W'],0.23080007000000036,2.8453819070492123,336.2102937827482,16.0
mp-1040853,MaterialsProject,LaTaCrO6,FM,ground_truth,1.0,1.0,triclinic,['Ta'],0.13321906027778851,6.593105286711442,117.831625368231,9.0
mp-1040835,MaterialsProject,LaCrReO6,FiM,ground_truth,1.0,1.0,triclinic,['Re'],0.11034423805554816,6.735637157803702,116.63473966602277,9.0
mp-1041713,MaterialsProject,AlCr(WO4)2,FM,ground_truth,1.0,1.0,triclinic,['W'],0.15826314500000116,5.713668799337528,167.00889097241995,12.0
mp-1044938,MaterialsProject,LaMgCrWO6,FM,ground_truth,1.0,7.0,monoclinic,['W'],0.1491199675000061,6.8173608831355175,241.16023973814046,20.0
mp-1048881,MaterialsProject,CaLaCrBiO6,FM,ground_truth,1.0,7.0,monoclinic,['Bi'],0.19787503391666927,6.498025715348372,273.9221205356001,20.0
mp-1049203,MaterialsProject,LaMgCrBiO6,FM,ground_truth,1.0,7.0,monoclinic,['Bi'],0.17243053680953313,6.642979207787755,260.05946484818975,20.0
mp-1049235,MaterialsProject,LaTaZnCrO6,FM,ground_truth,1.0,7.0,monoclinic,['Ta'],0.14916091400000475,6.723354152880164,263.40736840011493,20.0
mp-1049246,MaterialsProject,LaZnCrWO6,FM,ground_truth,1.0,7.0,monoclinic,['W'],0.16407799262499445,7.278858421808321,244.62434595530965,20.0
mp-1049266,MaterialsProject,LaMgTaCrO6,FM,ground_truth,1.0,7.0,monoclinic,['Ta'],0.11666785224999465,6.431768400662325,254.1247331427636,20.0
mp-1049286,MaterialsProject,LaZnCrBiO6,FM,ground_truth,1.0,7.0,monoclinic,['Bi'],0.14781869200001907,6.580185109208667,283.2867438552781,20.0
mp-1102668,MaterialsProject,CrSbPt,FM,ground_truth,1.0,198.0,cubic,['Pt'],0.5367765693055553,9.250528510534684,264.8382286641732,12.0
mp-1181716,MaterialsProject,CrCu3HgSe4,FM,ground_truth,1.0,215.0,cubic,['Hg'],0.12154679388888834,6.180090558635049,203.9542271922606,9.0
mp-1181841,MaterialsProject,CrBiO3,FiM,ground_truth,1.0,9.0,monoclinic,['Bi'],1.9469446960000019,2.2550040408075307,455.0453581219345,10.0
mp-1226262,MaterialsProject,CrRe3B4,FM,ground_truth,1.0,44.0,orthorhombic,['Re'],0.18705541206249876,13.79942262655577,78.6816906460676,8.0
mp-1226283,MaterialsProject,CrWO3,FiM,ground_truth,1.0,146.0,trigonal,['W'],0.726917570800012,4.161361591633254,113.26051194329801,5.0
mp-1228351,MaterialsProject,CrHgN6Cl5,FM,ground_truth,1.0,9.0,monoclinic,['Hg'],0.9832845117307691,2.7376097442019076,623.4172585302954,26.0
mp-1247191,MaterialsProject,Mg2CrW3S8,FM,ground_truth,1.0,160.0,trigonal,['W'],0.21819975928571278,5.703312056585376,264.5554607396226,14.0
mp-1247262,MaterialsProject,MgCrWS4,FiM,ground_truth,1.0,8.0,monoclinic,['W'],0.19939859047619102,4.836250441750464,266.7170398760674,14.0
mp-1517386,MaterialsProject,BaSrCrBiO6,FM,ground_truth,1.0,216.0,cubic,['Bi'],0.12002846494998831,6.799985869361324,142.10334366809164,10.0
mp-1517595,MaterialsProject,BaCaCrBiO6,FM,ground_truth,1.0,216.0,cubic,['Bi'],0.20123734399999016,6.378514628766345,139.11630405542334,10.0
mp-1517668,MaterialsProject,SrCrSnBiO6,FM,ground_truth,1.0,216.0,cubic,['Bi'],0.17089072464583488,7.226647133155266,129.43574742904755,10.0
mp-1517968,MaterialsProject,SrCrSnWO6,FiM,ground_truth,1.0,216.0,cubic,['W'],0.18057277878570588,7.017168865192477,127.35048476749851,10.0
mp-1518013,MaterialsProject,BaCrSnBiO6,FM,ground_truth,1.0,216.0,cubic,['Bi'],0.16322083350000227,7.615440658285267,133.66618351589176,10.0
mp-1518288,MaterialsProject,SrEuCrWO6,FiM,ground_truth,1.0,216.0,cubic,['W'],0.10777884857142261,7.456639171952459,127.25028005171318,10.0
mp-1518480,MaterialsProject,CaLaCrBiO6,FM,ground_truth,1.0,216.0,cubic,['Bi'],0.32025888441666783,6.32559621103474,140.6944834811011,10.0
mp-1518707,MaterialsProject,SrCrBiSbO6,FM,ground_truth,1.0,216.0,cubic,['Bi'],0.20818423474999648,7.177592266197389,131.0259878755111,10.0
mp-1518767,MaterialsProject,EuCrSnBiO6,FiM,ground_truth,1.0,216.0,cubic,['Bi'],0.2152455455277762,8.07168596155108,129.1219955658738,10.0
mp-1519362,MaterialsProject,EuHfCrBiO6,FM,ground_truth,1.0,216.0,cubic,['Bi'],0.17459280391666354,8.77040666971738,130.15351140078272,10.0
mp-1519512,MaterialsProject,SrCrInWO6,FM,ground_truth,1.0,216.0,cubic,['W'],0.16318859007142272,6.901894372923445,128.54109186339804,10.0
mp-1519687,MaterialsProject,BaCrInWO6,FM,ground_truth,1.0,216.0,cubic,['W'],0.17029399758333952,7.317498105559972,132.52035601941864,10.0
mp-1520359,MaterialsProject,LaZnCrWO6,FM,ground_truth,1.0,216.0,cubic,['W'],0.42434185212499465,6.995690963097919,127.26305308001031,10.0
mp-1520949,MaterialsProject,SrCaCrBiO6,FM,ground_truth,1.0,216.0,cubic,['Bi'],0.19280188087501138,5.9509274888476815,135.24193775287623,10.0
mp-1521023,MaterialsProject,SrEuCrBiO6,FiM,ground_truth,1.0,216.0,cubic,['Bi'],0.25439729624999785,7.161207398288985,138.32947213908162,10.0
mp-15226,MaterialsProject,CrWN2,FM,ground_truth,1.0,160.0,trigonal,['W'],0.14903847874999698,11.630281619366198,37.671693378039095,4.0
mp-631404,MaterialsProject,CrIrRu,FiM,ground_truth,1.0,216.0,cubic,['Ir'],0.7386745100000027,11.496310056780223,49.87305270612989,3.0
mp-631452,MaterialsProject,NbCrW,FiM,ground_truth,1.0,216.0,cubic,['W'],1.0416654816666693,9.692844797149307,56.31883549958411,3.0
mp-754750,MaterialsProject,Ta2CrNO5,FiM,ground_truth,1.0,38.0,orthorhombic,['Ta'],0.18063837666666593,8.039676936187218,419.60910967199703,36.0
mp-2218406,MaterialsProject,MgCr2(BiO4)2,FM,ground_truth,1.0,5.0,monoclinic,['Bi'],0.17679786525640662,5.879349771939469,190.43326632614867,13.0
mp-2218716,MaterialsProject,MgCr2(WO4)2,FM,ground_truth,1.0,1.0,triclinic,['W'],0.3152833846153751,6.182376211643233,167.59422472162709,13.0
mp-2228995,MaterialsProject,MgCr2(IrO6)2,FiM,ground_truth,1.0,1.0,triclinic,['Ir'],0.2692287629411778,6.143859169369748,190.47014303969175,17.0
mp-1120815,MaterialsProject,NaCr2BiO6,FiM,ground_truth,1.0,146.0,trigonal,['Bi'],0.13781084495454277,6.204589425888925,115.6054596552576,10.0
mp-1226386,MaterialsProject,Cr2HgSe3S,FM,ground_truth,1.0,44.0,orthorhombic,['Hg'],0.21558821571428233,6.081872389052844,313.1812908151498,14.0
mp-1226478,MaterialsProject,Cr2B3Os,FM,ground_truth,1.0,6.0,monoclinic,['Os'],0.13699559375000092,10.035461372526767,216.20280384948668,24.0
mp-1233924,MaterialsProject,MgCr2Cu2(WO4)4,FiM,ground_truth,1.0,5.0,monoclinic,['W'],0.17828576749999492,7.2476878687360795,285.64417398547874,25.0
mp-1235434,MaterialsProject,LiCr2Cu2(WO4)4,FiM,ground_truth,1.0,1.0,triclinic,['W'],0.1353598149499966,7.312724141173233,279.1608400326509,25.0
mp-1238782,MaterialsProject,Cr2HgS4,FM,ground_truth,1.0,29.0,orthorhombic,['Hg'],0.2576226837500002,5.472839992407062,1050.6448348929907,56.0
mp-775969,MaterialsProject,V3Cr3(WO8)2,FM,ground_truth,1.0,1.0,triclinic,['W'],0.1080822412500062,5.359036059321484,288.93718339853643,24.0
mp-778229,MaterialsProject,Li9Cr3(WO4)7,FM,ground_truth,1.0,160.0,trigonal,['W'],0.10793779446808394,5.282037967978805,614.0745341165187,47.0
mp-1239140,MaterialsProject,TaCr3(CuS4)2,FM,ground_truth,1.0,31.0,orthorhombic,['Ta'],0.2013173264285717,4.996041249588733,478.97859291201587,28.0
mp-1239148,MaterialsProject,TaCr3(CuS4)2,FM,ground_truth,1.0,26.0,orthorhombic,['Ta'],0.2029949274999998,5.041716899058552,474.63926590270245,28.0
mp-1239161,MaterialsProject,TaCr3(CuS4)2,FiM,ground_truth,1.0,7.0,monoclinic,['Ta'],0.2497306887500006,4.987980426843961,959.5052919534081,56.0
mp-1239158,MaterialsProject,TaCr3(CuS4)2,FM,ground_truth,1.0,4.0,monoclinic,['Ta'],0.2301889621428579,4.973096141567287,962.3770543491806,56.0
mp-1239171,MaterialsProject,TaCr3(AgS4)2,FM,ground_truth,1.0,31.0,orthorhombic,['Ta'],0.10914927291666743,5.323766355813445,504.7914591153623,28.0
mp-1239168,MaterialsProject,TaCr3(AgS4)2,FM,ground_truth,1.0,26.0,orthorhombic,['Ta'],0.1104063854166677,5.303170680020059,506.75189408200964,28.0
mp-1239188,MaterialsProject,TaCr3(AgS4)2,FM,ground_truth,1.0,4.0,monoclinic,['Ta'],0.237233527202382,5.195534396828246,1034.5006236051233,56.0
mp-1239198,MaterialsProject,TaCr3(AgS4)2,FM,ground_truth,1.0,7.0,monoclinic,['Ta'],0.236762153630953,5.1470710697803534,1044.2411811714214,56.0
mp-1239234,MaterialsProject,TaCr3(CuS4)2,FiM,ground_truth,1.0,29.0,orthorhombic,['Ta'],0.2532100882142858,5.006122376368939,956.0280903856365,56.0
mp-2230023,MaterialsProject,MgCr4(WO6)2,FM,ground_truth,1.0,3.0,monoclinic,['W'],0.17284349894737439,6.284525811688737,209.2575022544865,19.0
mp-2230282,MaterialsProject,MgCr4(WO6)2,FM,ground_truth,1.0,81.0,tetragonal,['W'],0.17910174105263366,6.242077932861313,210.68051189886563,19.0
mp-2231089,MaterialsProject,MgCr4(WO6)2,FM,ground_truth,1.0,38.0,orthorhombic,['W'],0.33927486894737235,5.955709995915859,220.81064644008123,19.0
mp-1235716,MaterialsProject,LiCr4(HgO4)2,FM,ground_truth,1.0,8.0,monoclinic,['Hg'],0.20534606825000168,6.885779486063747,179.44346315585366,15.0
mp-1236197,MaterialsProject,LiCr4(HgO4)2,FM,ground_truth,1.0,216.0,cubic,['Hg'],0.42275133891666883,6.405870086523184,192.8868523428712,15.0
magndata-0.832,MAGNDATA,CeAuGe,FM,ground_truth,1.0,36.0,orthorhombic,['Au'],,10.066206384824335,270.35421577227805,12.0
magndata-0.1152,MAGNDATA,Bi2CoO2F4,FiM,ground_truth,1.0,29.0,orthorhombic,['Bi'],,7.877279234126529,482.28549024908,36.0
JVASP-184550,JARVIS,RbTaO2,FM,predicted,0.9470516345307486,99.0,tetragonal,['Ta'],2.2242,7.247,,4.0
aflow:9ed4d1e88e7ae041,AFLOW,Fe4Pt4Sb4,FM,predicted,0.9457729026885484,198.0,cubic,['Pt'],,,,
oqmd-5822,OQMD,Bi1 O1,FM,predicted,0.9430952779233107,160.0,trigonal,['Bi'],0.4947198763365728,,41.8013,2.0
2dm-5917,2DMatPedia,RbBiF4,FM,predicted,0.941573764695535,1.0,triclinic,['Bi'],,,,
aflow:310a96994cbd0d4f,AFLOW,Fe1Pt2Te1,FM,predicted,0.9381653967097415,216.0,cubic,['Pt'],,,,
aflow:4ed4234bf7a26131,AFLOW,Fe2Pt1Te1,FM,predicted,0.9381653967097415,216.0,cubic,['Pt'],,,,
JVASP-155443,JARVIS,MnCu2HgSe4,FM,predicted,0.9223501197577488,121.0,tetragonal,['Hg'],1.036,6.259,,8.0
nomad---TU0tNrbpNc_endrG1x1B5O9-4n,NOMAD,Cl2HgMn,FM,predicted,0.9210835785228558,99.0,tetragonal,['Hg'],,,,
2dm-5192,2DMatPedia,SrBi5O9,FM,predicted,0.9135789069195173,6.0,monoclinic,['Bi'],,,,
aflow:2d6333d596121996,AFLOW,Fe1Pd2Pt1,FM,predicted,0.9128808592981327,216.0,cubic,['Pt'],,,,
aflow:34c1e89fdf335bfd,AFLOW,Fe2Pd1Pt1,FM,predicted,0.9128808592981327,216.0,cubic,['Pt'],,,,
aflow:f32014bde71cbad4,AFLOW,Fe1Hg1Rh2,FM,predicted,0.9085227867912917,216.0,cubic,['Hg'],,,,
aflow:4778bcb53511fb92,AFLOW,Fe1Hg2Rh1,FM,predicted,0.9085227867912917,216.0,cubic,['Hg'],,,,
aflow:1b0bf0a7b04b232f,AFLOW,Fe2Hg1Rh1,FM,predicted,0.9085227867912917,216.0,cubic,['Hg'],,,,
aflow:efc18ed258b94d80,AFLOW,Fe1Pt2Sb1,FM,predicted,0.9073819516121122,216.0,cubic,['Pt'],,,,
aflow:24163a3fcb2b0c3d,AFLOW,Fe2Pt1Sb1,FM,predicted,0.9073819516121122,216.0,cubic,['Pt'],,,,
2dm-3873,2DMatPedia,Ba2Bi3O7,FM,predicted,0.9061280777580624,25.0,orthorhombic,['Bi'],,,,
aflow:90f58d6099b5cec2,AFLOW,Fe1Pt2Sn1,FM,predicted,0.9045375788891094,216.0,cubic,['Pt'],,,,
aflow:35c1354bfe48d3f2,AFLOW,Fe2Pt1Sn1,FM,predicted,0.9045375788891094,216.0,cubic,['Pt'],,,,
JVASP-110210,JARVIS,Mn2Sb2PtAu,FM,predicted,0.9029610122496117,160.0,trigonal,"['Au', 'Pt']",2.7131,9.685,,6.0
JVASP-111914,JARVIS,MnNiBi2O6,FM,predicted,0.9023092347199745,5.0,monoclinic,['Bi'],2.4394,8.868,,20.0
nomad---YuRtBwKo9vsNuHEzFDmV2WDHeq,NOMAD,Au2CrIr,FM,predicted,0.9008587278813782,119.0,tetragonal,"['Au', 'Ir']",,,,
JVASP-115252,JARVIS,NaPtO,FM,predicted,0.8998239104771611,99.0,tetragonal,['Pt'],2.4909,1.377,,3.0
aflow:766f5945b314571c,AFLOW,Fe1Hg1Pt2,FM,predicted,0.8987978369313016,216.0,cubic,"['Hg', 'Pt']",,,,
aflow:4444c76a68d3e384,AFLOW,Fe1Hg2Pt1,FM,predicted,0.8987978369313016,216.0,cubic,"['Hg', 'Pt']",,,,
aflow:0791b3e88f43eac9,AFLOW,Fe2Hg1Pt1,FM,predicted,0.8987978369313016,216.0,cubic,"['Hg', 'Pt']",,,,
aflow:3fa71c6140f476b3,AFLOW,Fe1Ir1Pt2,FM,predicted,0.8954864930313298,216.0,cubic,"['Ir', 'Pt']",,,,
aflow:e19572079e128dcd,AFLOW,Fe1Ir2Pt1,FM,predicted,0.8954864930313298,216.0,cubic,"['Ir', 'Pt']",,,,
aflow:0cf1506b4ad6797d,AFLOW,Fe1Nb1Ta2,FiM,predicted,0.8939270172716555,216.0,cubic,['Ta'],,,,
aflow:772b6395e35e54c6,AFLOW,Fe1Nb2Ta1,FiM,predicted,0.8939270172716555,216.0,cubic,['Ta'],,,,
aflow:c2a5671731157ac3,AFLOW,Fe2Nb1Ta1,FiM,predicted,0.8939270172716555,216.0,cubic,['Ta'],,,,
aflow:502c549b7ef3314f,AFLOW,Fe1Pt2Rh1,FM,predicted,0.8934281651469111,216.0,cubic,['Pt'],,,,
aflow:5d33619f304426bc,AFLOW,Fe2Pt1Rh1,FM,predicted,0.8934281651469111,216.0,cubic,['Pt'],,,,
aflow:ebbb3bced57fc6bf,AFLOW,Fe1Hg1Ni2,FM,predicted,0.8911280026782149,216.0,cubic,['Hg'],,,,
aflow:1188084a912c62a4,AFLOW,Fe1Hg2Ni1,FM,predicted,0.8911280026782149,216.0,cubic,['Hg'],,,,
aflow:fb0a8360507c3c75,AFLOW,Fe2Hg1Ni1,FM,predicted,0.8911280026782149,216.0,cubic,['Hg'],,,,
JVASP-118472,JARVIS,ReHO,FM,predicted,0.8897943115521425,99.0,tetragonal,['Re'],4.3774,1.211,,3.0
aflow:993f238b5271eef3,AFLOW,Fe1Ta2Ti1,FiM,predicted,0.8852913470076837,216.0,cubic,['Ta'],,,,
JVASP-183595,JARVIS,BaOsO2,FM,predicted,0.8849488885727808,99.0,tetragonal,['Os'],2.4748,9.546,,4.0
nomad---PGfCSpH5mz13LqFR8f4plJk-Q4,NOMAD,As2BiFe,FM,predicted,0.8845954376077954,119.0,tetragonal,['Bi'],,,,
JVASP-105510,JARVIS,FeCoPt2,FM,predicted,0.8820062852984656,160.0,trigonal,['Pt'],3.0118,15.604,,4.0
JVASP-155371,JARVIS,CrCu2HgSe4,FM,predicted,0.8813088106461622,121.0,tetragonal,['Hg'],1.1172,6.254,,8.0
aflow:eac03042c42f6d40,AFLOW,Fe2Ir1Te1,FM,predicted,0.8811365965327285,216.0,cubic,['Ir'],,,,
aflow:802c8328fba8d8a7,AFLOW,Fe1Ga1Pt2,FM,predicted,0.8806086538393029,216.0,cubic,['Pt'],,,,
aflow:26d74a10904adaec,AFLOW,Fe2Ga1Pt1,FM,predicted,0.8806086538393029,216.0,cubic,['Pt'],,,,
2dm-2212,2DMatPedia,Be2Bi,FM,predicted,0.8769859909518791,115.0,tetragonal,['Bi'],,,,
aflow:9fc422c2abea852f,AFLOW,Fe1Ni1Pt2,FM,predicted,0.8719801251162481,216.0,cubic,['Pt'],,,,
aflow:886cfa4688b18ad3,AFLOW,Fe1Ni2Pt1,FM,predicted,0.8719801251162481,216.0,cubic,['Pt'],,,,
aflow:ac3c5658af6c71f1,AFLOW,Fe2Ni1Pt1,FM,predicted,0.8719801251162481,216.0,cubic,['Pt'],,,,
nomad---bpdz9Vc2rzq449SpjHkS_YBY7C,NOMAD,CrNi2Pt,FM,predicted,0.869665125525018,99.0,tetragonal,['Pt'],,,,
aflow:d6afd9fd3af3e069,AFLOW,Fe1Pt1Zn2,FM,predicted,0.8686572967604993,216.0,cubic,['Pt'],,,,
aflow:88f68997cfc0034e,AFLOW,Fe1Pt2Zn1,FM,predicted,0.8686572967604993,216.0,cubic,['Pt'],,,,
aflow:a92b05efdb7421d3,AFLOW,Fe2Pt1Zn1,FM,predicted,0.8686572967604993,216.0,cubic,['Pt'],,,,
JVASP-69281,JARVIS,BaReCl2,FM,predicted,0.8681503559987838,99.0,tetragonal,['Re'],1.7115,5.869,,4.0
JVASP-160005,JARVIS,FePd2Pt,FM,predicted,0.8672832073897847,216.0,cubic,['Pt'],2.3389,12.913,,4.0
aflow:2ffde887432bf0f1,AFLOW,Fe1Mn1Ta2,FiM,predicted,0.8667503313776931,216.0,cubic,['Ta'],,,,
aflow:54305c555557d633,AFLOW,Fe1Mn2Ta1,FiM,predicted,0.8667503313776931,216.0,cubic,['Ta'],,,,
nomad---I0BczaV3_77z4Jiwb0UmEW_5m9,NOMAD,AlCrPt2,FM,predicted,0.865726578379997,99.0,tetragonal,['Pt'],,,,
2dm-5360,2DMatPedia,Sr2GaBi2O7,FM,predicted,0.8656022836863756,4.0,monoclinic,['Bi'],,,,
aflow:e84df8a6b32d8b6e,AFLOW,Fe1Ta2V1,FiM,predicted,0.8653080674991089,216.0,cubic,['Ta'],,,,
aflow:3651662af23ee4d5,AFLOW,Fe2Ta1V1,FiM,predicted,0.8653080674991089,216.0,cubic,['Ta'],,,,
JVASP-132944,JARVIS,Ba3Ti3Fe3Bi2O18,FM,predicted,0.8616406772629589,156.0,trigonal,['Bi'],2.8557,6.416,,29.0
nomad---L8qPTb9hOHcqz3cST5dDXCZS5m,NOMAD,CoIrLi2,FM,predicted,0.8576156789289401,35.0,orthorhombic,['Ir'],,,,
JVASP-134230,JARVIS,ZnBiO4,FM,predicted,0.8568509844128432,8.0,monoclinic,['Bi'],1.524,6.492,,6.0
JVASP-138786,JARVIS,AlBiO,FM,predicted,0.8533954640120591,6.0,monoclinic,['Bi'],1.7725,2.094,,3.0
aflow:35619b063d8e3263,AFLOW,Fe1Pt2Si1,FM,predicted,0.852414666956466,216.0,cubic,['Pt'],,,,
aflow:d4995179f42cffd5,AFLOW,Fe2Pt1Si1,FM,predicted,0.852414666956466,216.0,cubic,['Pt'],,,,
aflow:741729c8cba8faf7,AFLOW,Fe1Hg1Pd2,FM,predicted,0.8514152402307625,216.0,cubic,['Hg'],,,,
aflow:da57c33c1ad016a1,AFLOW,Fe1Hg2Pd1,FM,predicted,0.8514152402307625,216.0,cubic,['Hg'],,,,
aflow:06ce6e36e05cd2d0,AFLOW,Fe2Hg1Pd1,FM,predicted,0.8514152402307625,216.0,cubic,['Hg'],,,,
aflow:a34d5bc34db164e3,AFLOW,Fe1Re1Ta2,FiM,predicted,0.8503563765047107,216.0,cubic,"['Re', 'Ta']",,,,
aflow:dcab34eb6d3e76fd,AFLOW,Fe1Re2Ta1,FiM,predicted,0.8503563765047107,216.0,cubic,"['Re', 'Ta']",,,,
aflow:d3b99bcea1da61d0,AFLOW,Fe2Re1Ta1,FiM,predicted,0.8503563765047107,216.0,cubic,"['Re', 'Ta']",,,,
JVASP-112670,JARVIS,LaMn2BiO6,FM,predicted,0.8502159520564475,26.0,orthorhombic,['Bi'],2.8571,7.616,,20.0
JVASP-50837,JARVIS,Bi4O3F7,FM,predicted,0.849092786813932,6.0,monoclinic,['Bi'],0.7149,8.934,,14.0
aflow:58b9970285f23508,AFLOW,Fe1Te1W2,FM,predicted,0.8484288527917762,216.0,cubic,['W'],,,,
aflow:6cccff57fe42b794,AFLOW,Fe2Te1W1,FM,predicted,0.8484288527917762,216.0,cubic,['W'],,,,
JVASP-115452,JARVIS,MgAuO,FM,predicted,0.8476756154919969,99.0,tetragonal,['Au'],0.5419,6.791,,3.0
JVASP-44630,JARVIS,Li4MnV2WO12,FM,predicted,0.8473392437761458,1.0,triclinic,['W'],3.2064,4.821,,20.0
JVASP-138260,JARVIS,BiPO,FM,predicted,0.8444006812546867,6.0,monoclinic,['Bi'],2.2018,2.046,,3.0
JVASP-121300,JARVIS,AuOF,FM,predicted,0.8435063563669583,6.0,monoclinic,['Au'],1.3104,2.006,,3.0
aflow:f89256002ef87704,AFLOW,Fe1Nb2Re1,FiM,predicted,0.8430907927989668,216.0,cubic,['Re'],,,,
nomad---JjdNDKe50culw7IcgV1L882ZnX,NOMAD,Al2BiCr,FM,predicted,0.8430469523292773,119.0,tetragonal,['Bi'],,,,
aflow:83463f14e23eaf91,AFLOW,Fe1Hg2In1,FM,predicted,0.8415117930172741,216.0,cubic,['Hg'],,,,
aflow:6654c208ddf52a23,AFLOW,Fe2Hg1In1,FM,predicted,0.8415117930172741,216.0,cubic,['Hg'],,,,
aflow:3291344e4312311d,AFLOW,Fe2P1Pt1,FM,predicted,0.8399653099342822,216.0,cubic,['Pt'],,,,
JVASP-151948,JARVIS,FeSbPt,FM,predicted,0.8396437107318075,198.0,cubic,['Pt'],2.3026,10.437,,12.0
JVASP-104739,JARVIS,Ho3Er3MnBi2,FiM,predicted,0.8382707945012063,189.0,hexagonal,['Bi'],1.8373,9.954,,9.0
mp-1215213,MaterialsProject,ZrTaCr4,FiM,predicted,0.8380457328233741,216.0,cubic,['Ta'],0.11672212294444151,9.285549060982065,85.86657147476899,6.0
JVASP-156355,JARVIS,FeGeIr,FM,predicted,0.8358773293543869,216.0,cubic,['Ir'],2.5902,10.833,,3.0
JVASP-121617,JARVIS,Hf3TaFe8,FiM,predicted,0.8333149946310316,156.0,trigonal,['Ta'],5.1222,11.976,,12.0
aflow:93e44e5132318e0a,AFLOW,Fe1Ga1Hg2,FM,predicted,0.8323082835828807,216.0,cubic,['Hg'],,,,
aflow:e244519c564040d6,AFLOW,Fe2Ga1Hg1,FM,predicted,0.8323082835828807,216.0,cubic,['Hg'],,,,
aflow:4dc50f831788131c,AFLOW,Fe1Ta1Zn2,FiM,predicted,0.8316955118861961,216.0,cubic,['Ta'],,,,
aflow:00af0681e4303f6f,AFLOW,Fe1Ta2Zn1,FiM,predicted,0.8316955118861961,216.0,cubic,['Ta'],,,,
aflow:14b0d98c140eede4,AFLOW,Fe2Ta1Zn1,FiM,predicted,0.8316955118861961,216.0,cubic,['Ta'],,,,
aflow:1535b03581d67574,AFLOW,Fe1Hg2Se1,FM,predicted,0.8315966604423898,216.0,cubic,['Hg'],,,,
JVASP-99955,JARVIS,MnHgS2,FM,predicted,0.8313882006472321,160.0,trigonal,['Hg'],1.5256,5.514,,4.0
JVASP-136955,JARVIS,LiReO,FM,predicted,0.8306824310892846,6.0,monoclinic,['Re'],3.8428,1.216,,3.0
JVASP-102219,JARVIS,CoNiPt2,FM,predicted,0.8297542141328202,160.0,trigonal,['Pt'],2.3905,15.431,,4.0
JVASP-155442,JARVIS,MnCu2HgS4,FM,predicted,0.8289476973886886,121.0,tetragonal,['Hg'],1.3127,5.355,,8.0
aflow:b80c530e2d3abbc2,AFLOW,Fe1Hg1Ir2,FM,predicted,0.8279262758476864,216.0,cubic,"['Hg', 'Ir']",,,,
aflow:60f87577ec871158,AFLOW,Fe1Hg2Ir1,FM,predicted,0.8279262758476864,216.0,cubic,"['Hg', 'Ir']",,,,
aflow:6c9a23ac9b591c10,AFLOW,Fe2Hg1Ir1,FM,predicted,0.8279262758476864,216.0,cubic,"['Hg', 'Ir']",,,,
JVASP-115253,JARVIS,NaPtO,FM,predicted,0.8278604139301876,6.0,monoclinic,['Pt'],1.8005,1.871,,3.0
JVASP-57097,JARVIS,FeBiO3,FM,predicted,0.8249891385798056,8.0,monoclinic,['Bi'],2.2092,7.355,,5.0
JVASP-138241,JARVIS,BiIO,FM,predicted,0.8246551271997727,6.0,monoclinic,['Bi'],1.1199,2.426,,3.0
aflow:8550a26123e876af,AFLOW,Fe1Ir1Rh2,FM,predicted,0.8244231010215084,216.0,cubic,['Ir'],,,,
aflow:b905c33959502e2b,AFLOW,Fe1Ir2Rh1,FM,predicted,0.8244231010215084,216.0,cubic,['Ir'],,,,
aflow:e2bdd23f2bceb593,AFLOW,Fe1Pt2Se1,FM,predicted,0.8244083418433876,216.0,cubic,['Pt'],,,,
aflow:308633df34af2f27,AFLOW,Fe2Pt1Se1,FM,predicted,0.8244083418433876,216.0,cubic,['Pt'],,,,
JVASP-143178,JARVIS,TiFe2Bi2PbO9,FM,predicted,0.8240543628043308,143.0,trigonal,['Bi'],2.7368,8.485,,30.0
2dm-2485,2DMatPedia,Ca2Bi,FM,predicted,0.8213837396520599,25.0,orthorhombic,['Bi'],,,,
2dm-6001,2DMatPedia,CaBi,FM,predicted,0.8213837396520599,25.0,orthorhombic,['Bi'],,,,
JVASP-44769,JARVIS,Li4Ti3Cr3W2O16,FM,predicted,0.819632586517802,8.0,monoclinic,['W'],3.7156,5.45,,28.0
aflow:426a8d8d4d25e458,AFLOW,Fe1Hf1Ta2,FiM,predicted,0.8195183104362874,216.0,cubic,['Ta'],,,,
aflow:0b5a22aa0d39a5f3,AFLOW,Fe1Hf2Ta1,FiM,predicted,0.8195183104362874,216.0,cubic,['Ta'],,,,
aflow:07931da0ae15a505,AFLOW,Fe2Hf1Ta1,FiM,predicted,0.8195183104362874,216.0,cubic,['Ta'],,,,
aflow:85176da375bfa08f,AFLOW,Fe1Ta2Tc1,FiM,predicted,0.8191668934354948,216.0,cubic,['Ta'],,,,
aflow:0ef3799e785c0240,AFLOW,Fe2Ta1Tc1,FiM,predicted,0.8191668934354948,216.0,cubic,['Ta'],,,,
aflow:1e3f38461325663f,AFLOW,Fe1Ir2Sb1,FM,predicted,0.819117995827669,216.0,cubic,['Ir'],,,,
aflow:b5f1de8cb31be43c,AFLOW,Fe2Ir1Sb1,FM,predicted,0.819117995827669,216.0,cubic,['Ir'],,,,
JVASP-170091,JARVIS,Ti4FeBiPb4O15,FM,predicted,0.8183352102873639,35.0,orthorhombic,['Bi'],2.8112,7.501,,25.0
2dm-2038,2DMatPedia,Ba2Bi,FM,predicted,0.8164491068652967,25.0,orthorhombic,['Bi'],,,,
2dm-6253,2DMatPedia,BaBi,FM,predicted,0.8164491068652967,25.0,orthorhombic,['Bi'],,,,
JVASP-134203,JARVIS,BiTeO,FM,predicted,0.8160148658123315,6.0,monoclinic,['Bi'],1.443,2.93,,3.0
aflow:4dda5f8b9bee6d50,AFLOW,Fe1Hg2Tc1,FM,predicted,0.8144452668740786,216.0,cubic,['Hg'],,,,
aflow:74fce0367747294f,AFLOW,Fe2Hg1Tc1,FM,predicted,0.8144452668740786,216.0,cubic,['Hg'],,,,
aflow:58144dc735aeb8ad,AFLOW,Fe1Os1Pt2,FM,predicted,0.8143059649809432,216.0,cubic,"['Os', 'Pt']",,,,
aflow:2c6517753f2f41a2,AFLOW,Fe1Os2Pt1,FM,predicted,0.8143059649809432,216.0,cubic,"['Os', 'Pt']",,,,
aflow:8e6755f2db89baee,AFLOW,Fe2Os1Pt1,FM,predicted,0.8143059649809432,216.0,cubic,"['Os', 'Pt']",,,,
aflow:97503dc762c13b51,AFLOW,Fe1Ta2Zr1,FiM,predicted,0.8142505061253933,216.0,cubic,['Ta'],,,,
nomad---X3FjwXp9XKiQDvQ7LQk8iSxZXO,NOMAD,NiPt2V,FM,predicted,0.8134063810601599,25.0,orthorhombic,['Pt'],,,,
JVASP-166354,JARVIS,Zr3TaFe8,FiM,predicted,0.8131607409006751,160.0,trigonal,['Ta'],4.7679,9.007,,12.0
nomad---O_Pos-MBxGy93QDctmwJ0FFiKu,NOMAD,Ni2PtRe,FM,predicted,0.8124250449960693,99.0,tetragonal,"['Pt', 'Re']",,,,
JVASP-113710,JARVIS,SrPtO,FM,predicted,0.810803202733617,6.0,monoclinic,['Pt'],1.7429,2.482,,3.0
aflow:3b21f9465da1f56c,AFLOW,Fe1Ir1Pd2,FM,predicted,0.8107501323805754,216.0,cubic,['Ir'],,,,
aflow:01192b345d3126d2,AFLOW,Fe1Ir2Pd1,FM,predicted,0.8107501323805754,216.0,cubic,['Ir'],,,,
JVASP-134106,JARVIS,BePt,FM,predicted,0.8087685827333526,99.0,tetragonal,['Pt'],2.8971,0.583,,2.0
nomad---axK036dyZ2DqF14vPDiM5YoAa0,NOMAD,Co2LiW,FM,predicted,0.8078757890039484,99.0,tetragonal,['W'],,,,
JVASP-17654,JARVIS,MnGaPt,FM,predicted,0.804429250732025,216.0,cubic,['Pt'],1.8573,10.719,,3.0
aflow:e35ba74e33ca33b5,AFLOW,Fe1Hg1Zn2,FM,predicted,0.803418310277432,216.0,cubic,['Hg'],,,,
aflow:948c999f7bb0b4a1,AFLOW,Fe2Hg1Zn1,FM,predicted,0.803418310277432,216.0,cubic,['Hg'],,,,
JVASP-66398,JARVIS,Ba4TaMn,FiM,predicted,0.8021188543605452,216.0,cubic,['Ta'],2.133,5.728,,6.0
2dm-6345,2DMatPedia,KBi3,FM,predicted,0.8013667959439775,187.0,hexagonal,['Bi'],,,,
nomad---bEUtWlJ9xkYbYb01ByTLxrGnxd,NOMAD,AsCo2Pt,FM,predicted,0.7999959798574255,44.0,orthorhombic,['Pt'],,,,
JVASP-120893,JARVIS,BiO,FM,predicted,0.7990500166861428,99.0,tetragonal,['Bi'],1.7664,1.801,,2.0
JVASP-48183,JARVIS,LiP2WO7,FM,predicted,0.7986968618947136,1.0,triclinic,['W'],3.2667,4.852,,11.0
aflow:46a66834e75e5c4b,AFLOW,Fe1Ga1Ir2,FM,predicted,0.7973432480366984,216.0,cubic,['Ir'],,,,
aflow:3bf702b89be09a23,AFLOW,Fe2Ga1Ir1,FM,predicted,0.7973432480366984,216.0,cubic,['Ir'],,,,
JVASP-100799,JARVIS,SrTiMnBiO6,FM,predicted,0.7972479813848893,216.0,cubic,['Bi'],2.497,7.088,,10.0
nomad---IF9daVUvoZDEUMx3b7_kfWkzCD,NOMAD,AuMnNi,FM,predicted,0.7969856137201846,216.0,cubic,['Au'],,,,
aflow:08791301a90f38c7,AFLOW,Fe1In1Pt2,FM,predicted,0.7932512493016813,216.0,cubic,['Pt'],,,,
aflow:60b793d5471f359d,AFLOW,Fe2In1Pt1,FM,predicted,0.7932512493016813,216.0,cubic,['Pt'],,,,
nomad---IDHAsYNVHFr6vRtPMMXBVKZrpI,NOMAD,Co4GaPt,FM,predicted,0.7928981273958509,216.0,cubic,['Pt'],,,,
JVASP-48191,JARVIS,Li2P2WO8,FM,predicted,0.7924379954165861,26.0,orthorhombic,['W'],3.091,4.485,,26.0
JVASP-180383,JARVIS,MnBiO2,FM,predicted,0.7915028143542016,99.0,tetragonal,['Bi'],2.3287,8.831,,4.0
2dm-6279,2DMatPedia,HgAs,FM,predicted,0.7898221478929014,187.0,hexagonal,['Hg'],,,,
aflow:1c07465c635b7312,AFLOW,Fe2Ir1Se1,FM,predicted,0.7897614264997335,216.0,cubic,['Ir'],,,,
JVASP-110261,JARVIS,CoIr,FM,predicted,0.7896027907022449,187.0,hexagonal,['Ir'],2.6402,16.047,,2.0
aflow:74fa82f53c721bcf,AFLOW,Fe1Pb1Pt2,FM,predicted,0.7893341890439765,216.0,cubic,['Pt'],,,,
JVASP-43389,JARVIS,Li4MnW3O12,FM,predicted,0.7869288340805094,3.0,monoclinic,['W'],3.6553,6.213,,20.0
JVASP-51167,JARVIS,MnCrRe,FiM,predicted,0.7863412122942522,216.0,cubic,['Re'],4.949,10.443,,3.0
JVASP-179796,JARVIS,TiBiO,FM,predicted,0.7862432941993998,187.0,hexagonal,['Bi'],1.6012,8.226,,3.0
JVASP-69087,JARVIS,BaIrCl2,FM,predicted,0.7852800168999913,25.0,orthorhombic,['Ir'],1.0159,5.842,,4.0
JVASP-136006,JARVIS,BiClO,FM,predicted,0.7850724514436855,187.0,hexagonal,['Bi'],0.9666,6.905,,3.0
JVASP-176500,JARVIS,Ho9Er3Mn2Bi4,FiM,predicted,0.7810486453287735,6.0,monoclinic,['Bi'],1.9871,9.891,,18.0
JVASP-111819,JARVIS,FeSnPt,FM,predicted,0.779604604325655,156.0,trigonal,['Pt'],1.8884,11.004,,12.0
aflow:7ff1d6750e9c1737,AFLOW,Fe1Hg1Re2,FM,predicted,0.7786830499380268,216.0,cubic,"['Hg', 'Re']",,,,
aflow:a220a30ca5613d5f,AFLOW,Fe1Hg2Re1,FM,predicted,0.7786830499380268,216.0,cubic,"['Hg', 'Re']",,,,
aflow:633464f0e1703785,AFLOW,Fe2Hg1Re1,FM,predicted,0.7786830499380268,216.0,cubic,"['Hg', 'Re']",,,,
aflow:f7920f6b0e26e3c7,AFLOW,Fe1Pb1Re2,FM,predicted,0.7784452575932235,216.0,cubic,['Re'],,,,
aflow:f270c18def2a4faf,AFLOW,Fe2Pb1Re1,FM,predicted,0.7784452575932235,216.0,cubic,['Re'],,,,
JVASP-122168,JARVIS,Sr2FeBiPbO6,FM,predicted,0.7781114724319443,107.0,tetragonal,['Bi'],1.7889,7.483,,11.0
aflow:7213ea0a13770faf,AFLOW,Fe1Hg1Ru2,FM,predicted,0.7780454616675776,216.0,cubic,['Hg'],,,,
nomad---IcOZuxxp_aXeRn4RV4nIpFjR9T,NOMAD,AuBaNi,FM,predicted,0.7778627254680276,42.0,orthorhombic,['Au'],,,,
nomad---QDm1dqMLhZAtSEqEh-MfVvzb5n,NOMAD,Au2FeMo,FM,predicted,0.777679964738205,99.0,tetragonal,['Au'],,,,
aflow:23d60f6ba3b12d5a,AFLOW,Fe1Ge1Hg2,FM,predicted,0.7772754341096179,216.0,cubic,['Hg'],,,,
aflow:7c4cf9d1196d83f1,AFLOW,Fe1Os2Te1,FM,predicted,0.7743961980148901,216.0,cubic,['Os'],,,,
aflow:3cc76e00112b37be,AFLOW,Fe1Sb1W2,FM,predicted,0.7725473857770275,216.0,cubic,['W'],,,,
aflow:173e9ada49a068d8,AFLOW,Fe2Sb1W1,FM,predicted,0.7725473857770275,216.0,cubic,['W'],,,,
JVASP-103740,JARVIS,SrMn2BiO6,FM,predicted,0.7721349499338603,107.0,tetragonal,['Bi'],2.5806,7.109,,10.0
aflow:e2f8faf6b6994c32,AFLOW,Fe1Ir2Zn1,FM,predicted,0.7720215427758926,216.0,cubic,['Ir'],,,,
aflow:be0233969c5c65a6,AFLOW,Fe2Ir1Zn1,FM,predicted,0.7720215427758926,216.0,cubic,['Ir'],,,,
2dm-6085,2DMatPedia,HgP,FM,predicted,0.7719450020186239,187.0,hexagonal,['Hg'],,,,
JVASP-160013,JARVIS,MnCu2Au,FM,predicted,0.7713676423617479,216.0,cubic,['Au'],0.9735,11.116,,4.0
aflow:7f2707d5a08c149b,AFLOW,Fe2Os1Pb1,FM,predicted,0.7712981527388464,216.0,cubic,['Os'],,,,
nomad---PYnSC6LOblkcVQ4oB5fvbFRwO1,NOMAD,NiPt2Re,FM,predicted,0.7702737015147021,25.0,orthorhombic,"['Pt', 'Re']",,,,
nomad---bBnT4iSTqpFw2hvyxsP13_Zvf0,NOMAD,BiFeSb,FM,predicted,0.7697746894435555,216.0,cubic,['Bi'],,,,
JVASP-134215,JARVIS,TiBiO3,FM,predicted,0.7696879657154964,146.0,trigonal,['Bi'],2.2034,3.988,,5.0
JVASP-114449,JARVIS,BaAuO,FM,predicted,0.769619840144477,187.0,hexagonal,['Au'],0.6327,5.948,,3.0
JVASP-44406,JARVIS,Li4V3Cr3W2O16,FM,predicted,0.7695992684762702,8.0,monoclinic,['W'],3.7949,5.592,,28.0
nomad---ZoNbe9MVsMK-57UrCb8I2LX9-G,NOMAD,AuCrNi2,FM,predicted,0.7694477543980035,216.0,cubic,['Au'],,,,
JVASP-15663,JARVIS,MnSbAu,FM,predicted,0.7692316271657641,216.0,cubic,['Au'],1.9071,9.286,,3.0
aflow:382f535d372b7b2b,AFLOW,Fe1Ir2Pb1,FM,predicted,0.7689136394059715,216.0,cubic,['Ir'],,,,
aflow:6b640fcf1d594033,AFLOW,Fe2Ir1Pb1,FM,predicted,0.7689136394059715,216.0,cubic,['Ir'],,,,
2dm-6396,2DMatPedia,AlBi,FM,predicted,0.7685362544156114,187.0,hexagonal,['Bi'],,,,
aflow:742b2bbdf4a7c1ae,AFLOW,Fe1Hg2Pb1,FM,predicted,0.7675454359600291,216.0,cubic,['Hg'],,,,
aflow:970ac8989c6df18a,AFLOW,Fe2Se1W1,FM,predicted,0.7664449529101358,216.0,cubic,['W'],,,,
JVASP-18334,JARVIS,Ho6MnBi2,FiM,predicted,0.7658762246085442,189.0,hexagonal,['Bi'],1.8528,9.821,,9.0
aflow:6942d07941beb883,AFLOW,Fe1Hg2Sn1,FM,predicted,0.7637387088560805,216.0,cubic,['Hg'],,,,
aflow:696bad4399945b30,AFLOW,Fe2Hg1Sn1,FM,predicted,0.7637387088560805,216.0,cubic,['Hg'],,,,
JVASP-8508,JARVIS,MnSnAu,FM,predicted,0.7617195092371244,216.0,cubic,['Au'],1.5157,9.568,,3.0
JVASP-166204,JARVIS,Sr2MnBiPbO6,FM,predicted,0.7617130734980165,3.0,monoclinic,['Bi'],1.864,7.073,,22.0
JVASP-134208,JARVIS,TiBiO3,FM,predicted,0.7614240952915066,99.0,tetragonal,['Bi'],2.1053,7.674,,5.0
JVASP-44414,JARVIS,Li2Mn3WO8,FM,predicted,0.7608594952650906,9.0,monoclinic,['W'],3.5017,5.721,,28.0
JVASP-105932,JARVIS,Dy6MnBi2,FiM,predicted,0.7603142566153586,189.0,hexagonal,['Bi'],1.8594,9.594,,9.0
JVASP-59773,JARVIS,Mn3GeIr,FM,predicted,0.7602487045684717,198.0,cubic,['Ir'],3.8777,10.038,,20.0
JVASP-141943,JARVIS,Ba3TaFe3Si2O14,FM,predicted,0.7599649819006509,150.0,trigonal,['Ta'],3.0031,5.067,,23.0
aflow:06053ef162582c10,AFLOW,Fe1Hg2Te1,FM,predicted,0.758323988819445,216.0,cubic,['Hg'],,,,
aflow:d20b6e49c0b12f56,AFLOW,Fe1Ta1Y2,FiM,predicted,0.757717215521569,216.0,cubic,['Ta'],,,,
aflow:b120ca476a888ad3,AFLOW,Fe1Ta2Y1,FiM,predicted,0.757717215521569,216.0,cubic,['Ta'],,,,
aflow:055425a31e3eb9ef,AFLOW,Fe2Ta1Y1,FiM,predicted,0.757717215521569,216.0,cubic,['Ta'],,,,
JVASP-154241,JARVIS,Fe2Si2BiHO9,FM,predicted,0.7568475204288431,8.0,monoclinic,['Bi'],3.0441,5.134,,15.0
JVASP-178319,JARVIS,Ca3Mn4BiO12,FM,predicted,0.7566442259902181,6.0,monoclinic,['Bi'],2.7585,5.673,,20.0
JVASP-134564,JARVIS,TaClO4,FM,predicted,0.7564750414363436,216.0,cubic,['Ta'],3.2141,4.645,,6.0
aflow:0ca634aeffd32d2e,AFLOW,Fe1Ir1Ni2,FM,predicted,0.7553283708313193,216.0,cubic,['Ir'],,,,
aflow:9f8b471c92836d49,AFLOW,Fe1Ir2Ni1,FM,predicted,0.7553283708313193,216.0,cubic,['Ir'],,,,
aflow:e9d95b66e4b6ed38,AFLOW,Fe1Re2Se1,FM,predicted,0.7552462205595106,216.0,cubic,['Re'],,,,
aflow:b17c99a7edaa1c8c,AFLOW,Fe2Re1Se1,FM,predicted,0.7552462205595106,216.0,cubic,['Re'],,,,
JVASP-64051,JARVIS,Ba4TaTi,FiM,predicted,0.7546706365011647,216.0,cubic,['Ta'],2.0118,5.635,,6.0
nomad---YQK9AgyhQyxsBWcZhrrdH-mkjK,NOMAD,CoPtSn2,FM,predicted,0.7540255863598386,216.0,cubic,['Pt'],,,,
JVASP-146578,JARVIS,Li4Mn2TeWO12,FM,predicted,0.7540010150013774,1.0,triclinic,['W'],2.9992,5.537,,20.0
2dm-2237,2DMatPedia,Sr2Bi,FM,predicted,0.7530607520883007,25.0,orthorhombic,['Bi'],,,,
2dm-6002,2DMatPedia,SrBi,FM,predicted,0.7530607520883007,25.0,orthorhombic,['Bi'],,,,
JVASP-155370,JARVIS,CrCu2HgS4,FM,predicted,0.7515950435828317,121.0,tetragonal,['Hg'],1.3906,5.338,,8.0
aflow:0ab70f676d57871e,AFLOW,Fe2Ga1W1,FM,predicted,0.7482846461785592,216.0,cubic,['W'],,,,
JVASP-138477,JARVIS,CaPtO,FM,predicted,0.7479641863932224,6.0,monoclinic,['Pt'],1.8417,2.172,,3.0
JVASP-103069,JARVIS,MnHg2S3,FM,predicted,0.7478619246943257,156.0,trigonal,['Hg'],1.1863,6.14,,6.0
aflow:20e8810bd39b905a,AFLOW,Fe2In1Ir1,FM,predicted,0.7464731438768603,216.0,cubic,['Ir'],,,,
JVASP-120977,JARVIS,WClO,FM,predicted,0.7462071333567188,99.0,tetragonal,['W'],3.5037,1.498,,3.0
aflow:2471cb2fc5f00f91,AFLOW,Fe1Ge1Re2,FM,predicted,0.7461440215095434,216.0,cubic,['Re'],,,,
aflow:afc6bf618fd1ee90,AFLOW,Fe2Hg1P1,FM,predicted,0.745159303745326,216.0,cubic,['Hg'],,,,
2dm-2785,2DMatPedia,IrC3,FM,predicted,0.7447813084294631,187.0,hexagonal,['Ir'],,,,
JVASP-18333,JARVIS,Er6MnBi2,FiM,predicted,0.7446434845579597,189.0,hexagonal,['Bi'],1.8245,10.043,,9.0
nomad---bve9GYfy_AC71ZcRdGdpD8a0Tq,NOMAD,B4HgMn,FM,predicted,0.7445309087267064,216.0,cubic,['Hg'],,,,
JVASP-141620,JARVIS,LiVTe2WO12,FM,predicted,0.744414297952413,1.0,triclinic,['W'],3.1239,5.903,,17.0
aflow:070032f939c4dd41,AFLOW,Fe1Os2Se1,FM,predicted,0.7440015687092363,216.0,cubic,['Os'],,,,
aflow:9c14d1b523643aeb,AFLOW,Fe2Os1Se1,FM,predicted,0.7440015687092363,216.0,cubic,['Os'],,,,
JVASP-102796,JARVIS,CaFe2BiO6,FM,predicted,0.7417383144461068,107.0,tetragonal,['Bi'],2.4314,6.803,,10.0
aflow:a7175e060395fdaa,AFLOW,Fe2Hg1Sb1,FM,predicted,0.740331151324715,216.0,cubic,['Hg'],,,,
aflow:e7de535a44d82003,AFLOW,Fe2Mn1Re1,FiM,predicted,0.740101199271507,216.0,cubic,['Re'],,,,
oqmd-18842,OQMD,Ga1 Mn1 Pt1,FM,predicted,0.7393550952286233,216.0,cubic,['Pt'],0.27273063500000005,,49.5409,3.0
JVASP-119664,JARVIS,Ba6Ca2TaRu3O18,FM,predicted,0.7387665799067119,156.0,trigonal,['Ta'],2.5417,6.109,,30.0
JVASP-43669,JARVIS,Li4V3Ni3W2O16,FM,predicted,0.7377335911963618,8.0,monoclinic,['W'],3.2865,5.665,,28.0
JVASP-170516,JARVIS,MnFe3Bi4O12,FM,predicted,0.7374227525126414,1.0,triclinic,['Bi'],2.9038,8.711,,20.0
JVASP-112765,JARVIS,Li2Ni2BiO6,FM,predicted,0.7367306351429436,5.0,monoclinic,['Bi'],1.9534,5.889,,22.0
JVASP-48198,JARVIS,Li4MnSb2WO12,FM,predicted,0.7366709652916106,1.0,triclinic,['W'],2.8761,5.76,,20.0
JVASP-173801,JARVIS,Ti3FeBi5O15,FM,predicted,0.7359103150209669,8.0,monoclinic,['Bi'],2.8674,7.889,,24.0
aflow:890b080db04ec88d,AFLOW,Fe1Hg1Os2,FM,predicted,0.7356581525047822,216.0,cubic,"['Hg', 'Os']",,,,
aflow:fd00e3fb13fb98a0,AFLOW,Fe1Hg2Os1,FM,predicted,0.7356581525047822,216.0,cubic,"['Hg', 'Os']",,,,
aflow:852e841244f7e4ad,AFLOW,Fe2Hg1Os1,FM,predicted,0.7356581525047822,216.0,cubic,"['Hg', 'Os']",,,,
JVASP-142288,JARVIS,YbSr2TaO6,FM,predicted,0.7347284434929926,34.0,orthorhombic,['Ta'],1.9978,7.166,,20.0
aflow:97378c305c4687de,AFLOW,Fe2Ir1Si1,FM,predicted,0.7343595271010154,216.0,cubic,['Ir'],,,,
JVASP-70410,JARVIS,MnBe2Pt,FM,predicted,0.7315809470004596,99.0,tetragonal,['Pt'],2.5687,10.263,,4.0
nomad---UKgPR3apYFNEDXv6fWSS_DhI14,NOMAD,AgFeIr,FM,predicted,0.7304395343556603,216.0,cubic,['Ir'],,,,
JVASP-133956,JARVIS,BaTaO,FM,predicted,0.7301494288829035,6.0,monoclinic,['Ta'],3.3603,2.672,,3.0
nomad---MF3mLF-JvzGH0n0W3zoh9TNdIC,NOMAD,Fe2IrLa,FM,predicted,0.7280802019086637,99.0,tetragonal,['Ir'],,,,
JVASP-9269,JARVIS,Ba2TlBi2O7,FM,predicted,0.7273466491790758,25.0,orthorhombic,['Bi'],1.6487,6.935,,12.0
aflow:f3e951e971f8b506,AFLOW,Fe1Ni1Ta2,FiM,predicted,0.7270836277804448,216.0,cubic,['Ta'],,,,
aflow:5a3c484757853704,AFLOW,Fe1Ni2Ta1,FiM,predicted,0.7270836277804448,216.0,cubic,['Ta'],,,,
aflow:1c0c5bbd9c3b422e,AFLOW,Fe2Ni1Ta1,FiM,predicted,0.7270836277804448,216.0,cubic,['Ta'],,,,
aflow:22f3b939fa50e6e3,AFLOW,Fe1Re2V1,FiM,predicted,0.7268005524070117,216.0,cubic,['Re'],,,,
aflow:985455375045e4f7,AFLOW,Fe1In1Ta2,FiM,predicted,0.7266597202438223,216.0,cubic,['Ta'],,,,
aflow:e4cb125ddedd0531,AFLOW,Fe2In1Ta1,FiM,predicted,0.7266597202438223,216.0,cubic,['Ta'],,,,
JVASP-141454,JARVIS,FeHg2O3F5,FM,predicted,0.7266041797769349,38.0,orthorhombic,['Hg'],0.6403,5.828,,11.0
JVASP-112707,JARVIS,Ba3BiIrRuO9,FM,predicted,0.7217526046012941,9.0,monoclinic,"['Bi', 'Ir']",2.4344,7.621,,30.0
aflow:e59078d870708b67,AFLOW,Fe1Ge1W1,FM,predicted,0.7212511984767309,216.0,cubic,['W'],,,,
aflow:9e20b637ac3cafa7,AFLOW,Fe2Ge1W1,FM,predicted,0.7212511984767309,216.0,cubic,['W'],,,,
nomad---P25-V9vR6ggRABcDy6JO-7zBqZ,NOMAD,MnReYZn,FiM,predicted,0.7208760904398249,216.0,cubic,['Re'],,,,
aflow:8b0af9000b352a24,AFLOW,Fe1Mg1Ta2,FiM,predicted,0.719313455429766,216.0,cubic,['Ta'],,,,
aflow:36d3fbc77aa71499,AFLOW,Fe2Mg1Ta1,FiM,predicted,0.719313455429766,216.0,cubic,['Ta'],,,,
JVASP-66270,JARVIS,Ba4ScTa,FiM,predicted,0.718913420273148,216.0,cubic,['Ta'],1.7378,5.326,,6.0
JVASP-136400,JARVIS,ReClO4,FM,predicted,0.7183088501263978,216.0,cubic,['Re'],3.2695,4.583,,6.0
aflow:11571aeb05d78995,AFLOW,Fe1Mo1Ta2,FiM,predicted,0.7180560356156531,216.0,cubic,['Ta'],,,,
aflow:43ff33a9c31b8320,AFLOW,Fe2Mo1Ta1,FiM,predicted,0.7180560356156531,216.0,cubic,['Ta'],,,,
JVASP-99586,JARVIS,Co3Pt,FM,predicted,0.7175980169588966,187.0,hexagonal,['Pt'],3.1245,12.473,,4.0
JVASP-170356,JARVIS,SrTiFeBiO6,FM,predicted,0.7170032210683716,146.0,trigonal,['Bi'],2.4069,7.043,,10.0
aflow:187eb63459c9ec66,AFLOW,Fe1P1W2,FM,predicted,0.7167591829051009,216.0,cubic,['W'],,,,
aflow:4f4f8683e3df089f,AFLOW,Fe2P1W1,FM,predicted,0.7167591829051009,216.0,cubic,['W'],,,,
JVASP-92440,JARVIS,FeBiO3,FM,predicted,0.7167389328779078,160.0,trigonal,['Bi'],2.1991,8.55,,5.0
aflow:2915c9f5fd8b85a4,AFLOW,Fe1Re1Zr2,FiM,predicted,0.7167217145773866,216.0,cubic,['Re'],,,,
aflow:7dded8aa7272100e,AFLOW,Fe1Re2Zr1,FiM,predicted,0.7167217145773866,216.0,cubic,['Re'],,,,
aflow:3fcb9399edbc9a7a,AFLOW,Fe1Pd2Ta1,FiM,predicted,0.7154926933243928,216.0,cubic,['Ta'],,,,
JVASP-51338,JARVIS,FePbW2,FM,predicted,0.7151555462111668,216.0,cubic,['W'],5.0693,15.932,,4.0
JVASP-177494,JARVIS,ScMn3Bi4O12,FM,predicted,0.7150626366897406,5.0,monoclinic,['Bi'],2.9334,8.17,,20.0
JVASP-45911,JARVIS,Li4Fe2TeWO12,FM,predicted,0.7133294598040814,1.0,triclinic,['W'],2.906,5.621,,20.0
JVASP-170733,JARVIS,BaTiFe3Bi3O12,FM,predicted,0.712602227429765,146.0,trigonal,['Bi'],2.7867,8.098,,20.0
aflow:56903f5a25a71ba6,AFLOW,Fe1Sc1Ta2,FiM,predicted,0.711749789623765,216.0,cubic,['Ta'],,,,
aflow:e3e16a1fbeee3ac6,AFLOW,Fe2Sc1Ta1,FiM,predicted,0.711749789623765,216.0,cubic,['Ta'],,,,
oqmd-15125,OQMD,Cr1 N2 W1,FM,predicted,0.710219814874259,160.0,trigonal,['W'],0.16170373833333485,,37.8319,4.0
aflow:4266ac1ebefa9530,AFLOW,Fe1Ir2P1,FM,predicted,0.7077130164836926,216.0,cubic,['Ir'],,,,
aflow:698e030f1a8cecd9,AFLOW,Fe2Ir1P1,FM,predicted,0.7077130164836926,216.0,cubic,['Ir'],,,,
JVASP-138238,JARVIS,BiIO,FM,predicted,0.706994789056462,187.0,hexagonal,['Bi'],0.9976,7.31,,3.0
JVASP-111314,JARVIS,Lu6MnBi2,FiM,predicted,0.7039028470417259,189.0,hexagonal,['Bi'],1.8041,10.807,,9.0
aflow:d8a5821c4ad0d72b,AFLOW,Fe1Sn1W2,FM,predicted,0.7027178258773059,216.0,cubic,['W'],,,,
JVASP-141774,JARVIS,Ba3SrNd2Ir2O12,FM,predicted,0.7023781730773732,1.0,triclinic,['Ir'],2.4129,7.314,,20.0
JVASP-102850,JARVIS,WO2F2,FM,predicted,0.7021177476410254,26.0,orthorhombic,['W'],2.1674,4.331,,10.0
aflow:4406520e669c87eb,AFLOW,Fe1Ga1Ta2,FiM,predicted,0.7017475588170158,216.0,cubic,['Ta'],,,,
JVASP-137207,JARVIS,BiAuO,FM,predicted,0.7008245100200129,6.0,monoclinic,"['Au', 'Bi']",1.673,3.507,,3.0
JVASP-180619,JARVIS,MnPtF3,FM,predicted,0.6996098287961503,8.0,monoclinic,['Pt'],1.1677,8.596,,5.0
aflow:3991aac88880a4f9,AFLOW,Fe1Hg1W2,FM,predicted,0.699570310551747,216.0,cubic,"['Hg', 'W']",,,,
aflow:e0b325c086ce14ef,AFLOW,Fe1Hg2W1,FM,predicted,0.699570310551747,216.0,cubic,"['Hg', 'W']",,,,
JVASP-66234,JARVIS,Ba4OsCl,FM,predicted,0.6982990744703104,216.0,cubic,['Os'],1.0628,5.952,,6.0
aflow:d608435f5b15f94c,AFLOW,Fe1In1W2,FM,predicted,0.6979469798806376,216.0,cubic,['W'],,,,
aflow:dd91b083428f60c2,AFLOW,Fe2In1W1,FM,predicted,0.6979469798806376,216.0,cubic,['W'],,,,
aflow:6917c734d7fa28c4,AFLOW,Fe2Pb1W1,FM,predicted,0.69744371501419,216.0,cubic,['W'],,,,
aflow:7f41a0bb46c39637,AFLOW,Fe1Hf1Re2,FiM,predicted,0.6946790676904361,216.0,cubic,['Re'],,,,
aflow:21c7ae67f97f97af,AFLOW,Fe1Hf2Re1,FiM,predicted,0.6946790676904361,216.0,cubic,['Re'],,,,
aflow:07f4f68c6ee18ca4,AFLOW,Fe2Hf1Re1,FiM,predicted,0.6946790676904361,216.0,cubic,['Re'],,,,
JVASP-133692,JARVIS,Li7Fe3W2O16,FM,predicted,0.6941679870347335,8.0,monoclinic,['W'],3.1147,5.094,,28.0
nomad---Ud0pcUGqwXjN-tzcksqoV6YtcA,NOMAD,MnReW,FM,predicted,0.6935635015045637,107.0,tetragonal,"['Re', 'W']",,,,
JVASP-181735,JARVIS,FeAuO4,FM,predicted,0.6933191023866133,119.0,tetragonal,['Au'],2.417,7.07,,6.0
JVASP-120035,JARVIS,WBrO,FM,predicted,0.692556372627113,99.0,tetragonal,['W'],3.5249,1.781,,3.0
JVASP-56818,JARVIS,MnSbPt,FM,predicted,0.692401270998927,216.0,cubic,['Pt'],2.5444,10.117,,3.0
JVASP-100819,JARVIS,MnHg2Te3,FM,predicted,0.6919000759038234,156.0,trigonal,['Hg'],0.6747,6.737,,6.0
JVASP-134175,JARVIS,BiCl,FM,predicted,0.6910510321918548,99.0,tetragonal,['Bi'],0.6263,1.956,,2.0
nomad---cgzWonFnw_Ee44tdkas8Kvyum-,NOMAD,B4CoOs,FM,predicted,0.690928339420157,216.0,cubic,['Os'],,,,
JVASP-75509,JARVIS,MnAsPt2,FM,predicted,0.6907005629851076,216.0,cubic,['Pt'],2.9472,13.622,,4.0
JVASP-179798,JARVIS,VBiO,FM,predicted,0.6901289434787006,187.0,hexagonal,['Bi'],1.922,8.524,,3.0
aflow:9162dc05ab835d6a,AFLOW,Fe2Ir1Sn1,FM,predicted,0.6882938459160157,216.0,cubic,['Ir'],,,,
JVASP-173965,JARVIS,BaSr2Y2Cu2PtO10,FM,predicted,0.6880718445981008,8.0,monoclinic,['Pt'],1.9851,6.419,,18.0
aflow:50e3617e7f9f5eaf,AFLOW,Fe1Hg2Si1,FM,predicted,0.6874458215896164,216.0,cubic,['Hg'],,,,
aflow:c910ca9e7cb600aa,AFLOW,Fe2Hg1Si1,FM,predicted,0.6874458215896164,216.0,cubic,['Hg'],,,,
aflow:c4edf18790e60a2a,AFLOW,Fe1Ga1Os2,FM,predicted,0.6869021297846838,216.0,cubic,['Os'],,,,
aflow:4a70260b63dfa921,AFLOW,Fe2Ga1Os1,FM,predicted,0.6869021297846838,216.0,cubic,['Os'],,,,
aflow:2e3f8a20c515efb4,AFLOW,Fe2S6Ta9,FM,predicted,0.6834104301448136,189.0,hexagonal,['Ta'],,,,
aflow:5d2ed4f21d22f6b0,AFLOW,Fe4S12Ta18,FM,predicted,0.6834104301448136,189.0,hexagonal,['Ta'],,,,
JVASP-133503,JARVIS,Ba2Fe4Bi2O11,FM,predicted,0.6797137835796841,99.0,tetragonal,['Bi'],2.6694,7.526,,19.0
aflow:8fbbe5d80f3139e2,AFLOW,Fe1Hg1Ta2,FiM,predicted,0.6796359454808673,216.0,cubic,"['Hg', 'Ta']",,,,
aflow:206e4aa2228fab6c,AFLOW,Fe1Hg2Ta1,FiM,predicted,0.6796359454808673,216.0,cubic,"['Hg', 'Ta']",,,,
nomad---cXzQA7olf8VWix-0l2s3ivse0X,NOMAD,BeFeIr,FM,predicted,0.6782994319116269,216.0,cubic,['Ir'],,,,
nomad---B2VynkXoOvWHt0iyY6n1JoDiPo,NOMAD,AuCoPdTl,FM,predicted,0.6778710535283806,216.0,cubic,['Au'],,,,
aflow:d5d814d1f86e738a,AFLOW,Fe1Si1W2,FM,predicted,0.6764117721422309,216.0,cubic,['W'],,,,
aflow:f0c647bd15b710e9,AFLOW,Fe2Si1W1,FM,predicted,0.6764117721422309,216.0,cubic,['W'],,,,
2dm-5042,2DMatPedia,EuIn2Au,FM,predicted,0.6739465760177641,6.0,monoclinic,['Au'],,,,
aflow:b5f30d33ede70bbe,AFLOW,Fe1Pt2Tc1,FM,predicted,0.6735882668390394,216.0,cubic,['Pt'],,,,
aflow:8425db83aae214c0,AFLOW,Fe1Re2Sn1,FM,predicted,0.6724085012026495,216.0,cubic,['Re'],,,,
aflow:e94bd00b73ce3661,AFLOW,Fe2Re1Sn1,FM,predicted,0.6724085012026495,216.0,cubic,['Re'],,,,
JVASP-75740,JARVIS,Fe2AsAu,FM,predicted,0.6700198733070448,216.0,cubic,['Au'],2.4982,10.596,,4.0
JVASP-75524,JARVIS,MnAsIr2,FM,predicted,0.6698835030111573,216.0,cubic,['Ir'],4.0226,14.258,,4.0
JVASP-111085,JARVIS,Co3Ir,FM,predicted,0.6650833370653987,187.0,hexagonal,['Ir'],3.6277,12.709,,4.0
aflow:bcc5af99da681400,AFLOW,Fe1La5O16Re3,FM,predicted,0.6646775968271,1.0,triclinic,['Re'],,,,
aflow:b562ada0dfd90a62,AFLOW,Fe1Ir1Ta2,FiM,predicted,0.6644442857408507,216.0,cubic,"['Ir', 'Ta']",,,,
aflow:ceb8fd0c8769dcfd,AFLOW,Fe1Ir2Ta1,FiM,predicted,0.6644442857408507,216.0,cubic,"['Ir', 'Ta']",,,,
aflow:4315ea23ec50b6c2,AFLOW,Fe2Ir1Ta1,FiM,predicted,0.6644442857408507,216.0,cubic,"['Ir', 'Ta']",,,,
JVASP-156485,JARVIS,MnNiBi,FM,predicted,0.6636900309198228,216.0,cubic,['Bi'],1.8654,9.532,,3.0
JVASP-66694,JARVIS,Be2FePt,FM,predicted,0.6634003261145291,99.0,tetragonal,['Pt'],2.3618,10.489,,4.0
JVASP-64134,JARVIS,Ba4WCl,FM,predicted,0.6632756831017012,216.0,cubic,['W'],1.4518,5.238,,6.0
oqmd-10372,OQMD,Mn1 Pt1 Sb1,FM,predicted,0.6629775734874253,216.0,cubic,['Pt'],0.37038226333333363,,60.9058,3.0
aflow:16d4e18212a3e74c,AFLOW,Fe1Re1Sc2,FiM,predicted,0.6627059238574707,216.0,cubic,['Re'],,,,
aflow:5ec3d15658fce65e,AFLOW,Fe1Re2Sc1,FiM,predicted,0.6627059238574707,216.0,cubic,['Re'],,,,
aflow:a1066a6fba192dd7,AFLOW,Fe2Re1Sc1,FiM,predicted,0.6627059238574707,216.0,cubic,['Re'],,,,
JVASP-146158,JARVIS,Fe3CoBi4O12,FM,predicted,0.6622317823380445,1.0,triclinic,['Bi'],2.8487,8.68,,20.0
JVASP-138251,JARVIS,AuO2,FM,predicted,0.6606410890766408,25.0,orthorhombic,['Au'],2.0652,3.564,,3.0
JVASP-11508,JARVIS,TiBi2O6,FM,predicted,0.6599164065885273,107.0,tetragonal,['Bi'],2.4713,6.912,,9.0
JVASP-180367,JARVIS,CoBiO,FM,predicted,0.659087603696844,187.0,hexagonal,['Bi'],1.8559,9.471,,3.0
JVASP-184511,JARVIS,TaPO4,FM,predicted,0.6586267892989065,82.0,tetragonal,['Ta'],3.2324,5.688,,6.0
aflow:e24b5f26191806bd,AFLOW,Fe1Re2Te1,FM,predicted,0.6573091807791835,216.0,cubic,['Re'],,,,
JVASP-95497,JARVIS,TbNaMnWO6,FM,predicted,0.6569714386053646,4.0,monoclinic,['W'],3.023,7.717,,20.0
aflow:0e58da501121d666,AFLOW,Fe1Os2Si1,FM,predicted,0.6569652902325098,216.0,cubic,['Os'],,,,
aflow:45db5f198016e5fa,AFLOW,Fe2Os1Si1,FM,predicted,0.6569652902325098,216.0,cubic,['Os'],,,,
JVASP-152898,JARVIS,MnHgC4Se4N4,FM,predicted,0.6559493738380332,82.0,tetragonal,['Hg'],4.6847,3.793,,14.0
oqmd-18738,OQMD,Au1 Li1 Sb1,FM,predicted,0.6558776241742,216.0,cubic,['Au'],0.148012506666667,,65.9037,3.0
JVASP-78684,JARVIS,MnSnPt,FM,predicted,0.6553754145749175,216.0,cubic,['Pt'],2.1391,10.766,,3.0
JVASP-87915,JARVIS,CeMgPt,FiM,predicted,0.654149375654431,189.0,hexagonal,['Pt'],0.8739,9.021,,9.0
JVASP-168432,JARVIS,Mn7BiO12,FM,predicted,0.6528427555534454,8.0,monoclinic,['Bi'],3.6741,6.283,,20.0
JVASP-51102,JARVIS,MnTcOs,FiM,predicted,0.652614660892838,216.0,cubic,['Os'],4.8405,11.621,,3.0
JVASP-170386,JARVIS,SrCr2BiO6,FM,predicted,0.6520061991042768,146.0,trigonal,['Bi'],2.6999,7.087,,10.0
JVASP-101165,JARVIS,LiTa2O6,FM,predicted,0.6518713104050721,146.0,trigonal,['Ta'],3.4591,6.993,,9.0
nomad---awgZ9fZAZo3rXuibL9XWczpsXJ,NOMAD,Li2MnW,FM,predicted,0.6518674777265077,6.0,monoclinic,['W'],,,,
aflow:d06078328955179e,AFLOW,Fe1Pt2Re1,FM,predicted,0.6507344435531832,216.0,cubic,"['Pt', 'Re']",,,,
aflow:6e7e642c71358901,AFLOW,Fe2Pt1Re1,FM,predicted,0.6507344435531832,216.0,cubic,"['Pt', 'Re']",,,,
aflow:90a704bbfb7162ac,AFLOW,Fe1Mo1Re2,FiM,predicted,0.6504137515454915,216.0,cubic,['Re'],,,,
aflow:9786a646872b6ed8,AFLOW,Fe1Mo2Re1,FiM,predicted,0.6504137515454915,216.0,cubic,['Re'],,,,
aflow:e3d5636f718efa3b,AFLOW,Fe2Mo1Re1,FiM,predicted,0.6504137515454915,216.0,cubic,['Re'],,,,
aflow:6405dcfb675ccfdd,AFLOW,Fe1Hg1Y2,FiM,predicted,0.6492755405839877,216.0,cubic,['Hg'],,,,
aflow:574572fc83295926,AFLOW,Fe2Hg1Y1,FiM,predicted,0.6492755405839877,216.0,cubic,['Hg'],,,,
JVASP-115467,JARVIS,BiBO,FM,predicted,0.6480422958200511,6.0,monoclinic,['Bi'],2.8715,1.96,,3.0
aflow:519fdad6743da098,AFLOW,Fe1Re1Ti2,FiM,predicted,0.6472575335634345,216.0,cubic,['Re'],,,,
aflow:cbfe083e461939a7,AFLOW,Fe1Re2Ti1,FiM,predicted,0.6472575335634345,216.0,cubic,['Re'],,,,
aflow:fc24db005d42bf67,AFLOW,Fe2Os1Sb1,FM,predicted,0.646948745278013,216.0,cubic,['Os'],,,,
JVASP-179975,JARVIS,NiPtF2,FM,predicted,0.6468898433758496,99.0,tetragonal,['Pt'],0.7033,10.363,,4.0
JVASP-133069,JARVIS,KW3O9,FM,predicted,0.6468537978475901,183.0,hexagonal,['W'],4.0241,6.521,,13.0
aflow:539f6e035c2a7c39,AFLOW,Fe1Ir1Nb2,FiM,predicted,0.6463780481066543,216.0,cubic,['Ir'],,,,
aflow:c81dbd501877e6e0,AFLOW,Fe1Ir2Nb1,FiM,predicted,0.6463780481066543,216.0,cubic,['Ir'],,,,
aflow:41183da482418221,AFLOW,Fe2Ir1Nb1,FiM,predicted,0.6463780481066543,216.0,cubic,['Ir'],,,,
nomad---E2myvrTQ92W66IAvbasxbfz2XS,NOMAD,AuCoMgRh,FM,predicted,0.6461866549316311,216.0,cubic,['Au'],,,,
JVASP-66164,JARVIS,BaMnBi,FM,predicted,0.6449782971911691,216.0,cubic,['Bi'],1.6266,5.495,,3.0
aflow:2b6ecad69f80649b,AFLOW,Fe1Re1Y2,FiM,predicted,0.6448320510797195,216.0,cubic,['Re'],,,,
aflow:febca81be29aa3e2,AFLOW,Fe1Re2Y1,FiM,predicted,0.6448320510797195,216.0,cubic,['Re'],,,,
aflow:ee2a07229d2bc88e,AFLOW,Fe2Re1Y1,FiM,predicted,0.6448320510797195,216.0,cubic,['Re'],,,,
JVASP-66335,JARVIS,BaBiCl,FM,predicted,0.6443581340236094,216.0,cubic,['Bi'],0.1203,4.899,,3.0
JVASP-89911,JARVIS,UAlIr,FiM,predicted,0.6436976217168429,189.0,hexagonal,['Ir'],3.3968,13.351,,9.0
aflow:93f833bdd8855431,AFLOW,Fe1Hg2Mn1,FM,predicted,0.6434763699497186,216.0,cubic,['Hg'],,,,
aflow:f98c8c98e28c6130,AFLOW,Fe2Hg1Mn1,FM,predicted,0.6434763699497186,216.0,cubic,['Hg'],,,,
JVASP-102906,JARVIS,NaCo2BiO6,FM,predicted,0.6433043373773246,146.0,trigonal,['Bi'],2.4236,7.115,,10.0
JVASP-16908,JARVIS,TiBi2O6,FM,predicted,0.6423376633213018,1.0,triclinic,['Bi'],2.4625,7.513,,9.0
aflow:272729d48aaa7514,AFLOW,Fe1Os2Re1,FiM,predicted,0.6417170426511535,216.0,cubic,"['Os', 'Re']",,,,
aflow:67f70b450957ed55,AFLOW,Fe2Os1Re1,FiM,predicted,0.6417170426511535,216.0,cubic,"['Os', 'Re']",,,,
JVASP-69324,JARVIS,BaReBr2,FM,predicted,0.6411553661782022,99.0,tetragonal,['Re'],1.6707,6.498,,4.0
aflow:7d86bee353ca8ce4,AFLOW,Fe1Pt2W1,FM,predicted,0.6407167077468777,216.0,cubic,"['Pt', 'W']",,,,
aflow:1030ed5c1ba25e25,AFLOW,Fe2Pt1W1,FM,predicted,0.6407167077468777,216.0,cubic,"['Pt', 'W']",,,,
2dm-3281,2DMatPedia,ZnBi,FM,predicted,0.6403136356805388,156.0,trigonal,['Bi'],,,,
JVASP-139616,JARVIS,NaTaO,FM,predicted,0.6397209498131428,6.0,monoclinic,['Ta'],3.344,1.758,,3.0
aflow:9313832525d28ed3,AFLOW,Fe1In1Os2,FM,predicted,0.6390814689002108,216.0,cubic,['Os'],,,,
aflow:4c075a3b98b98f02,AFLOW,Fe2In1Os1,FM,predicted,0.6390814689002108,216.0,cubic,['Os'],,,,
JVASP-75658,JARVIS,MnAsAu,FM,predicted,0.6366182969841813,216.0,cubic,['Au'],2.1329,9.02,,3.0
JVASP-104833,JARVIS,CrCu3HgSe4,FM,predicted,0.6361299324787757,215.0,cubic,['Hg'],0.9598,6.075,,9.0
JVASP-66329,JARVIS,BaTaCl,FM,predicted,0.6360966959093565,216.0,cubic,['Ta'],2.2609,4.754,,3.0
JVASP-26681,JARVIS,Na3OsO5,FM,predicted,0.6360582223055239,152.0,trigonal,['Os'],1.917,4.699,,27.0
JVASP-116481,JARVIS,RbHg3NCl8O2,FM,predicted,0.6355067425413173,8.0,monoclinic,['Hg'],0.3679,4.533,,15.0
JVASP-51231,JARVIS,TaTiAl,FiM,predicted,0.6353539007842225,216.0,cubic,['Ta'],3.8685,6.713,,3.0
2dm-6108,2DMatPedia,HgBi,FM,predicted,0.6341403401553493,156.0,trigonal,"['Bi', 'Hg']",,,,
JVASP-66222,JARVIS,BaReCl,FM,predicted,0.633867554743698,216.0,cubic,['Re'],2.3121,5.203,,3.0
aflow:a3d8011c5fc55b68,AFLOW,Fe1Os2P1,FM,predicted,0.6328929379175897,216.0,cubic,['Os'],,,,
aflow:8b1b2a0488e238b9,AFLOW,Fe2Os1P1,FM,predicted,0.6328929379175897,216.0,cubic,['Os'],,,,
aflow:a014469a4d9d2998,AFLOW,Fe1Os2Sn1,FM,predicted,0.6319043851196976,216.0,cubic,['Os'],,,,
aflow:218202b9aa836739,AFLOW,Fe2Os1Sn1,FM,predicted,0.6319043851196976,216.0,cubic,['Os'],,,,
JVASP-92287,JARVIS,FeBiO3,FM,predicted,0.6316782539318584,99.0,tetragonal,['Bi'],2.1981,7.675,,5.0
JVASP-66430,JARVIS,BaWCl,FM,predicted,0.6296396418179129,216.0,cubic,['W'],2.6266,4.884,,3.0
JVASP-9331,JARVIS,YReW2O8,FiM,predicted,0.628083520240435,1.0,triclinic,"['Re', 'W']",4.3939,8.243,,12.0
JVASP-147360,JARVIS,TaCr3Ag2S8,FM,predicted,0.6280204869820467,17.0,orthorhombic,['Ta'],3.1011,4.98,,28.0
aflow:787ab342ea9905a0,AFLOW,Fe1Ta1W2,FiM,predicted,0.6278535230654596,216.0,cubic,"['Ta', 'W']",,,,
aflow:b71e1e51a096d467,AFLOW,Fe1Ta2W1,FiM,predicted,0.6278535230654596,216.0,cubic,"['Ta', 'W']",,,,
aflow:03900ab24b23e8b4,AFLOW,Fe2Ta1W1,FiM,predicted,0.6278535230654596,216.0,cubic,"['Ta', 'W']",,,,
JVASP-121781,JARVIS,Li7Mn3W2O16,FM,predicted,0.6276146596099126,8.0,monoclinic,['W'],3.2196,5.01,,28.0
aflow:a841ee33d489f0cb,AFLOW,Fe1Nb1W2,FiM,predicted,0.6269175455612249,216.0,cubic,['W'],,,,
aflow:0e260bb4d51f9ab4,AFLOW,Fe2Nb1W1,FiM,predicted,0.6269175455612249,216.0,cubic,['W'],,,,
JVASP-117503,JARVIS,BOsO4,FM,predicted,0.6260672747901899,82.0,tetragonal,['Os'],3.4931,5.654,,6.0
JVASP-66631,JARVIS,Ba4TaNb,FiM,predicted,0.6252850965352599,216.0,cubic,['Ta'],2.3289,6.042,,6.0
JVASP-114529,JARVIS,BaBiCl,FM,predicted,0.6244728211045957,187.0,hexagonal,['Bi'],0.1779,5.596,,3.0
JVASP-50969,JARVIS,Ta2CuO6,FM,predicted,0.6238747634440023,44.0,orthorhombic,['Ta'],3.3403,7.79,,9.0
JVASP-114397,JARVIS,SrTaO,FM,predicted,0.6238241393385524,6.0,monoclinic,['Ta'],3.3414,2.275,,3.0
JVASP-50977,JARVIS,Li2CuBiO4,FM,predicted,0.6226909412449175,119.0,tetragonal,['Bi'],1.5048,6.651,,8.0
aflow:a26c759dfd192dad,AFLOW,Fe2La1Ta1,FiM,predicted,0.6226146187963166,216.0,cubic,['Ta'],,,,
JVASP-64650,JARVIS,Ba4TiBi,FM,predicted,0.6221543434777078,216.0,cubic,['Bi'],0.7885,5.295,,6.0
JVASP-177484,JARVIS,TiFe3Bi3PbO12,FM,predicted,0.6199394148961997,1.0,triclinic,['Bi'],2.8266,7.551,,20.0
aflow:71f44cf6725b1947,AFLOW,Fe1Os1Tc2,FiM,predicted,0.6199111383632188,216.0,cubic,['Os'],,,,
aflow:e9440846c21963d7,AFLOW,Fe1Os2Tc1,FiM,predicted,0.6199111383632188,216.0,cubic,['Os'],,,,
aflow:736a2a0738c1e08c,AFLOW,Fe2Os1Tc1,FiM,predicted,0.6199111383632188,216.0,cubic,['Os'],,,,
aflow:276c491d10761ec6,AFLOW,Fe1Re2Ru1,FiM,predicted,0.6193067375393303,216.0,cubic,['Re'],,,,
aflow:2528206341ef840c,AFLOW,Fe2Re1Ru1,FiM,predicted,0.6193067375393303,216.0,cubic,['Re'],,,,
aflow:574ee07cd4bcd176,AFLOW,Fe2Re1Si1,FM,predicted,0.6184606167972952,216.0,cubic,['Re'],,,,
JVASP-103665,JARVIS,YbMn2BiSb,FiM,predicted,0.6170070976354065,156.0,trigonal,['Bi'],2.1679,8.01,,5.0
2dm-2564,2DMatPedia,WC3,FM,predicted,0.6167431269568469,187.0,hexagonal,['W'],,,,
JVASP-107771,JARVIS,Ce2Al6CuAu,FM,predicted,0.6152349672705967,99.0,tetragonal,['Au'],1.681,5.922,,10.0
JVASP-120954,JARVIS,CaTaO,FM,predicted,0.6147783392256486,6.0,monoclinic,['Ta'],3.4073,1.895,,3.0
JVASP-145357,JARVIS,SrCa3IrO6,FM,predicted,0.6146499918106298,5.0,monoclinic,['Ir'],1.6558,5.577,,22.0
nomad---HyPwbNeq0oEOUnp573TtanWSx4,NOMAD,BiCoCuMo,FM,predicted,0.6140220780875003,216.0,cubic,['Bi'],,,,
JVASP-170357,JARVIS,SrTiFe3Bi3O12,FM,predicted,0.6117879880401446,146.0,trigonal,['Bi'],2.7645,7.968,,20.0
JVASP-64796,JARVIS,Ba4ScBi,FM,predicted,0.6113330696400867,216.0,cubic,['Bi'],0.5184,5.079,,6.0
nomad---IHgr3MPu32NBLdqndA94qjHQdQ,NOMAD,BiCoRh,FM,predicted,0.6110930387647677,107.0,tetragonal,['Bi'],,,,
JVASP-186047,JARVIS,FeBiO2,FM,predicted,0.6106432137665322,99.0,tetragonal,['Bi'],2.1641,9.172,,4.0
aflow:3a0d5c2cc2dec12d,AFLOW,Fe1Ir1W2,FM,predicted,0.6093414666408948,216.0,cubic,"['Ir', 'W']",,,,
aflow:4c73cc60b6969e85,AFLOW,Fe2Ir1W1,FM,predicted,0.6093414666408948,216.0,cubic,"['Ir', 'W']",,,,
JVASP-121156,JARVIS,IrO,FM,predicted,0.6081951066748416,99.0,tetragonal,['Ir'],4.8484,1.667,,2.0
JVASP-63949,JARVIS,Ba4YTa,FiM,predicted,0.6073009949765719,216.0,cubic,['Ta'],1.781,5.497,,6.0
JVASP-13272,JARVIS,Li7OsO6,FM,predicted,0.6068286342645822,1.0,triclinic,['Os'],2.0971,4.47,,14.0
aflow:de85f1ad9a349e18,AFLOW,Fe1Hg1Mo2,FM,predicted,0.6064389948278068,216.0,cubic,['Hg'],,,,
aflow:3eb9bab13a934aa8,AFLOW,Fe1Hg2Mo1,FM,predicted,0.6064389948278068,216.0,cubic,['Hg'],,,,
aflow:7dc7b6247f4a4af0,AFLOW,Fe2Hg1Mo1,FM,predicted,0.6064389948278068,216.0,cubic,['Hg'],,,,
JVASP-170051,JARVIS,V3P4WO20,FM,predicted,0.6062759567224274,3.0,monoclinic,['W'],3.6331,4.125,,28.0
aflow:527af7752df7ef29,AFLOW,Fe1P1Re2,FM,predicted,0.6057734246592755,216.0,cubic,['Re'],,,,
aflow:c6ef88a24f0ca01c,AFLOW,Fe2P1Re1,FM,predicted,0.6057734246592755,216.0,cubic,['Re'],,,,
nomad---Rot1bI_bIwJiambgDFENno4DOO,NOMAD,C5CrMoTaVW,FM,predicted,0.6046814176452188,8.0,monoclinic,"['Ta', 'W']",,,,
JVASP-90259,JARVIS,Tb6FeBi2,FiM,predicted,0.6043296135694118,189.0,hexagonal,['Bi'],1.7667,9.491,,9.0
2dm-6394,2DMatPedia,InBi,FM,predicted,0.6042651019910646,187.0,hexagonal,['Bi'],,,,
JVASP-63991,JARVIS,Ba4ZrTa,FiM,predicted,0.6034395757032301,216.0,cubic,['Ta'],2.0915,6.232,,6.0
JVASP-172010,JARVIS,Dy6FeBi2,FiM,predicted,0.6033983450474734,189.0,hexagonal,['Bi'],1.7502,9.792,,9.0
JVASP-18579,JARVIS,Ho6FeBi2,FiM,predicted,0.6010487741849802,189.0,hexagonal,['Bi'],1.7435,10.011,,9.0
JVASP-169135,JARVIS,Ba3CaTiWO9,FM,predicted,0.6005978628160135,186.0,hexagonal,['W'],2.4624,6.034,,30.0
JVASP-72027,JARVIS,MnBeIr2,FM,predicted,0.600367437177469,119.0,tetragonal,['Ir'],3.7805,14.629,,4.0
JVASP-144223,JARVIS,Mn2Bi3O7,FM,predicted,0.6003536318171692,36.0,orthorhombic,['Bi'],2.7335,8.426,,24.0
JVASP-64155,JARVIS,KBaTa,FiM,predicted,0.6002435539164622,216.0,cubic,['Ta'],2.253,4.213,,3.0
aflow:4f6647830b7cf73b,AFLOW,Fe1Os1Pd2,FM,predicted,0.5998031190978614,216.0,cubic,['Os'],,,,
aflow:e49fda0f2bbcc5ae,AFLOW,Fe1Os2Pd1,FM,predicted,0.5998031190978614,216.0,cubic,['Os'],,,,
aflow:f5c6fdad2fcc2f6b,AFLOW,Fe2Os1Pd1,FM,predicted,0.5998031190978614,216.0,cubic,['Os'],,,,
nomad---QQA6Mkzbktjzd3IJdV9SOoEuD2,NOMAD,FeHg4Li,FM,predicted,0.5994937105325383,216.0,cubic,['Hg'],,,,
aflow:dfee12418f344126,AFLOW,Fe1Mn1Pt2,FM,predicted,0.5985768500271941,216.0,cubic,['Pt'],,,,
aflow:27f01ac1249e25bb,AFLOW,Fe1Mn2Pt1,FM,predicted,0.5985768500271941,216.0,cubic,['Pt'],,,,
JVASP-66660,JARVIS,Ba4TaFe,FiM,predicted,0.5973970689284901,216.0,cubic,['Ta'],1.9777,5.83,,6.0
aflow:340c69078949ff30,AFLOW,Fe8Re12,FM,predicted,0.5963603243045548,213.0,cubic,['Re'],,,,
JVASP-48213,JARVIS,LiP2WO7,FM,predicted,0.5955168780558701,4.0,monoclinic,['W'],3.2673,4.367,,22.0
nomad---RaXs0NR56SvryM3v6pzzYN5V5M,NOMAD,AlCoIrV,FM,predicted,0.5953806050682672,216.0,cubic,['Ir'],,,,
aflow:31866832cc47d211,AFLOW,Fe1Os2Ru1,FiM,predicted,0.5940067826130664,216.0,cubic,['Os'],,,,
aflow:4c020176b9f6365e,AFLOW,Fe2Os1Ru1,FiM,predicted,0.5940067826130664,216.0,cubic,['Os'],,,,
JVASP-121598,JARVIS,Nb3FeBi6O18,FM,predicted,0.5939312207502878,1.0,triclinic,['Bi'],3.0802,8.001,,28.0
aflow:d66f924f2f4a88c8,AFLOW,Fe1Pt1V2,FM,predicted,0.5936966778528273,216.0,cubic,['Pt'],,,,
nomad---_TL4HP0LzGhjW6du_7eMg-5a89,NOMAD,BBi4Cr,FM,predicted,0.5934424332635055,216.0,cubic,['Bi'],,,,
aflow:37f83b480495575f,AFLOW,Fe1Re2Tc1,FiM,predicted,0.5932461243506569,216.0,cubic,['Re'],,,,
JVASP-106099,JARVIS,CoOs,FM,predicted,0.5927084556472199,187.0,hexagonal,['Os'],3.1405,16.263,,2.0
aflow:bda4863c7d2b2994,AFLOW,Fe1Hg2Nb1,FiM,predicted,0.5924380488561857,216.0,cubic,['Hg'],,,,
JVASP-67524,JARVIS,MnBe2Bi,FM,predicted,0.5912568433109148,99.0,tetragonal,['Bi'],2.3485,7.312,,4.0
aflow:d31be4141d387909,AFLOW,Fe1Hg1La2,FM,predicted,0.5909041725583383,216.0,cubic,['Hg'],,,,
aflow:477c52e0f5c9eafa,AFLOW,Fe1Hg2La1,FM,predicted,0.5909041725583383,216.0,cubic,['Hg'],,,,
aflow:89b9bc2051a64c11,AFLOW,Fe2Hg1La1,FM,predicted,0.5909041725583383,216.0,cubic,['Hg'],,,,
nomad---H9B1LNVfcuUULNveyISsLeE2jF,NOMAD,MgMnReTc,FiM,predicted,0.5907146580464994,216.0,cubic,['Re'],,,,
aflow:0593a3eb7ffadbd4,AFLOW,Fe1Os1Zn2,FM,predicted,0.590552810718201,216.0,cubic,['Os'],,,,
aflow:d22381b44e212cee,AFLOW,Fe2Os1Zn1,FM,predicted,0.590552810718201,216.0,cubic,['Os'],,,,
JVASP-136015,JARVIS,BiI,FM,predicted,0.5901250398256064,99.0,tetragonal,['Bi'],0.7591,0.96,,2.0
JVASP-151934,JARVIS,CrSbPt,FM,predicted,0.5898837223047594,198.0,cubic,['Pt'],2.7061,10.085,,12.0
aflow:ce81df2d9310a4e5,AFLOW,Fe1Sb1Ta1,FiM,predicted,0.5895552973668939,216.0,cubic,['Ta'],,,,
aflow:1086efa30ec25a34,AFLOW,Fe1Sb1Ta2,FiM,predicted,0.5895552973668939,216.0,cubic,['Ta'],,,,
JVASP-66239,JARVIS,Ba4FeBi,FM,predicted,0.5890366597171792,216.0,cubic,['Bi'],0.7472,5.623,,6.0
JVASP-110388,JARVIS,NaCr2BiO6,FM,predicted,0.5889386208749549,146.0,trigonal,['Bi'],2.7181,6.568,,10.0
JVASP-164345,JARVIS,Ca7CuPt2O12,FM,predicted,0.5888595155430053,5.0,monoclinic,['Pt'],1.6651,5.49,,22.0
aflow:9ae23e92e2ac5861,AFLOW,Fe1Mg1Pt2,FM,predicted,0.5868868428572762,216.0,cubic,['Pt'],,,,
aflow:d7197e58f548999c,AFLOW,Fe2Mg1Pt1,FM,predicted,0.5868868428572762,216.0,cubic,['Pt'],,,,
aflow:28412b3dd43e4caf,AFLOW,Fe1Re2Sb1,FM,predicted,0.5865844009385612,216.0,cubic,['Re'],,,,
aflow:40c67084f07ce3c6,AFLOW,Fe2Re1Sb1,FM,predicted,0.5865844009385612,216.0,cubic,['Re'],,,,
JVASP-89990,JARVIS,UAlPt,FiM,predicted,0.586306436082917,189.0,hexagonal,['Pt'],2.8024,12.963,,9.0
aflow:cde70e0e3a07f038,AFLOW,Fe1Mo1Pt2,FM,predicted,0.5861519751102321,216.0,cubic,['Pt'],,,,
aflow:4ca9cd7643e5b880,AFLOW,Fe1Mo2Pt1,FM,predicted,0.5861519751102321,216.0,cubic,['Pt'],,,,
aflow:dbeef80c91186ef2,AFLOW,Fe2Mo1Pt1,FM,predicted,0.5861519751102321,216.0,cubic,['Pt'],,,,
JVASP-184665,JARVIS,TaVO,FM,predicted,0.5854986712550521,187.0,hexagonal,['Ta'],3.8565,8.711,,3.0
JVASP-108354,JARVIS,OsOF5,FM,predicted,0.5846774039755013,33.0,orthorhombic,['Os'],1.0101,5.33,,28.0
JVASP-64375,JARVIS,Ba4CaTa,FiM,predicted,0.5844378943812808,216.0,cubic,['Ta'],1.1432,4.826,,6.0
2dm-6221,2DMatPedia,CdBi,FM,predicted,0.5831824172068878,156.0,trigonal,['Bi'],,,,
aflow:c02d3a9274c2f610,AFLOW,Fe1Pd1Re2,FiM,predicted,0.583143896234649,216.0,cubic,['Re'],,,,
aflow:f7b26088a13fa98f,AFLOW,Fe1Pd2Re1,FiM,predicted,0.583143896234649,216.0,cubic,['Re'],,,,
aflow:da9745c17119650c,AFLOW,Fe2Pd1Re1,FiM,predicted,0.583143896234649,216.0,cubic,['Re'],,,,
aflow:f2b0f8adb670e306,AFLOW,Fe1Re1Zn2,FiM,predicted,0.5828957603027244,216.0,cubic,['Re'],,,,
aflow:9b42389253164b7d,AFLOW,Fe1Re2Zn1,FiM,predicted,0.5828957603027244,216.0,cubic,['Re'],,,,
JVASP-106809,JARVIS,FeCoBi2O6,FM,predicted,0.5825231862088642,99.0,tetragonal,['Bi'],2.6296,8.07,,10.0
aflow:7842ae16b9653aab,AFLOW,Fe1Hg1Zr2,FiM,predicted,0.5809455774235306,216.0,cubic,['Hg'],,,,
aflow:d5ffe573fae0a544,AFLOW,Fe2Hg1Zr1,FiM,predicted,0.5809455774235306,216.0,cubic,['Hg'],,,,
aflow:c06d830ee81bcc27,AFLOW,Fe1Mo2W1,FiM,predicted,0.5805391842977236,216.0,cubic,['W'],,,,
aflow:ee9addc373f191f5,AFLOW,Fe2Mo1W1,FiM,predicted,0.5805391842977236,216.0,cubic,['W'],,,,
JVASP-186483,JARVIS,TaFeO,FM,predicted,0.5798857805941902,187.0,hexagonal,['Ta'],3.5158,11.732,,3.0
JVASP-92860,JARVIS,Mg6NbBi,FM,predicted,0.5798358494029283,38.0,orthorhombic,['Bi'],0.2006,4.205,,8.0
JVASP-127533,JARVIS,AuF3,FM,predicted,0.5798329487371097,8.0,monoclinic,['Au'],0.4201,7.613,,4.0
JVASP-66434,JARVIS,BaCrBi,FM,predicted,0.579369258962777,216.0,cubic,['Bi'],1.8048,5.465,,3.0
JVASP-66718,JARVIS,Be2FeIr,FM,predicted,0.5780781377852205,99.0,tetragonal,['Ir'],2.8626,10.834,,4.0
JVASP-118725,JARVIS,MgTaO,FM,predicted,0.5776218586621625,6.0,monoclinic,['Ta'],3.3217,1.769,,3.0
aflow:f4aba737136e28e7,AFLOW,Fe1Os1Zr2,FiM,predicted,0.5771003411857825,216.0,cubic,['Os'],,,,
aflow:4c9d4b5e84ea4618,AFLOW,Fe1Os2Zr1,FiM,predicted,0.5771003411857825,216.0,cubic,['Os'],,,,
aflow:e0c138cfcbe2961e,AFLOW,Fe2Os1Zr1,FiM,predicted,0.5771003411857825,216.0,cubic,['Os'],,,,
JVASP-104687,JARVIS,TaMn2FeO6,FM,predicted,0.5770514674587263,146.0,trigonal,['Ta'],3.7662,6.632,,10.0
JVASP-66465,JARVIS,Ba4TaV,FiM,predicted,0.576528563722149,216.0,cubic,['Ta'],2.1413,5.64,,6.0
JVASP-92890,JARVIS,Mg6CrBi,FM,predicted,0.576514947619876,38.0,orthorhombic,['Bi'],0.1001,3.751,,8.0
aflow:a166fe37e15a59fb,AFLOW,Fe1Sn1Ta2,FiM,predicted,0.5744568973756398,216.0,cubic,['Ta'],,,,
nomad---OkZzWnwnTdFfhQ8TwsG6_rplMt,NOMAD,CoOsP2,FM,predicted,0.5742172033691709,122.0,tetragonal,['Os'],,,,
nomad---LLdBPD_ns79-ZFr2q0Xb7LtwnN,NOMAD,BiHfMnRh,FM,predicted,0.5741298415855531,216.0,cubic,['Bi'],,,,
JVASP-65455,JARVIS,BaFeOs,FiM,predicted,0.5731356773322022,216.0,cubic,['Os'],3.4358,8.312,,3.0
JVASP-180113,JARVIS,Mn2AlIr,FM,predicted,0.572559301782359,216.0,cubic,['Ir'],3.5935,10.582,,4.0
JVASP-135097,JARVIS,HfTaO4,FM,predicted,0.5723876971535484,119.0,tetragonal,['Ta'],3.5086,8.646,,6.0
aflow:e1e8707a970e1ac5,AFLOW,Fe1Hf1Hg2,FiM,predicted,0.5711304514951702,216.0,cubic,['Hg'],,,,
aflow:15548c3cdbd795f3,AFLOW,Fe1Hf2Hg1,FiM,predicted,0.5711304514951702,216.0,cubic,['Hg'],,,,
JVASP-121308,JARVIS,LiAuO,FM,predicted,0.5691078028196347,6.0,monoclinic,['Au'],1.3087,1.901,,3.0
JVASP-119645,JARVIS,TaNbCu3O8,FM,predicted,0.5675044019718628,1.0,triclinic,['Ta'],2.7164,6.424,,13.0
aflow:d751a5e9c95caaac,AFLOW,Fe1W1Zn2,FM,predicted,0.5656162019755003,216.0,cubic,['W'],,,,
aflow:230a5c26a71d2795,AFLOW,Fe1Mo1Os2,FiM,predicted,0.5651341527040444,216.0,cubic,['Os'],,,,
aflow:801fe58b0f81d8f5,AFLOW,Fe1Mo2Os1,FiM,predicted,0.5651341527040444,216.0,cubic,['Os'],,,,
JVASP-142427,JARVIS,Mn5Bi4Rh2,FM,predicted,0.564285962530382,216.0,cubic,['Bi'],3.38,9.635,,22.0
aflow:4bf33228b6ba3172,AFLOW,Fe1Os1Ta2,FiM,predicted,0.5631150016778478,216.0,cubic,"['Os', 'Ta']",,,,
aflow:b075a08d31fc87d8,AFLOW,Fe2Os1Ta1,FiM,predicted,0.5631150016778478,216.0,cubic,"['Os', 'Ta']",,,,
aflow:2b7924ba3df5d156,AFLOW,Fe1Hg1Ti2,FiM,predicted,0.5619568573349846,216.0,cubic,['Hg'],,,,
aflow:24b06cbf77883125,AFLOW,Fe2Hg1Ti1,FiM,predicted,0.5619568573349846,216.0,cubic,['Hg'],,,,
JVASP-120004,JARVIS,BiP,FM,predicted,0.5601223589161792,99.0,tetragonal,['Bi'],2.4206,0.686,,2.0
aflow:ce8fc45437a755a1,AFLOW,Fe1Nb1Os2,FiM,predicted,0.5590041886478989,216.0,cubic,['Os'],,,,
aflow:449be283b14aa248,AFLOW,Fe1Nb2Os1,FiM,predicted,0.5590041886478989,216.0,cubic,['Os'],,,,
aflow:2292617b2e261975,AFLOW,Fe2Nb1Os1,FiM,predicted,0.5590041886478989,216.0,cubic,['Os'],,,,
JVASP-102611,JARVIS,Er6FeBi2,FiM,predicted,0.5578289569705438,189.0,hexagonal,['Bi'],1.7147,10.219,,9.0
aflow:c03c98cd6a131108,AFLOW,Fe1Hf2Os1,FiM,predicted,0.5550266847255652,216.0,cubic,['Os'],,,,
aflow:bc95fe7aa577512e,AFLOW,Fe2Hf1Os1,FiM,predicted,0.5550266847255652,216.0,cubic,['Os'],,,,
JVASP-161026,JARVIS,TaFeSn,FiM,predicted,0.5548472418889057,216.0,cubic,['Ta'],3.1111,10.883,,3.0
JVASP-139445,JARVIS,TaAlO,FM,predicted,0.5544538405631777,6.0,monoclinic,['Ta'],3.9108,1.861,,3.0
JVASP-74975,JARVIS,MnBe2Ir,FM,predicted,0.5542245148434133,119.0,tetragonal,['Ir'],3.0836,10.091,,4.0
JVASP-30364,JARVIS,WBr2O2,FM,predicted,0.5533973029899443,26.0,orthorhombic,['W'],2.3926,4.955,,10.0
JVASP-66070,JARVIS,Ba4MnOs,FiM,predicted,0.5533607405689916,216.0,cubic,['Os'],1.9976,6.396,,6.0
2dm-1638,2DMatPedia,PtS,FM,predicted,0.5532641751636989,156.0,trigonal,['Pt'],,,,
JVASP-171714,JARVIS,Fe9B4Ir3,FM,predicted,0.5527332619418187,6.0,monoclinic,['Ir'],4.8819,11.559,,16.0
nomad---SfIus9Y80fdAS6ILm5usKOrnxQ,NOMAD,AgNi2Pt,FM,predicted,0.5514109390444117,216.0,cubic,['Pt'],,,,
aflow:0bbd08195db9274c,AFLOW,Fe1Ir1Mn2,FiM,predicted,0.5498434273553249,216.0,cubic,['Ir'],,,,
aflow:40eca113a8931d74,AFLOW,Fe1Ir2Mn1,FiM,predicted,0.5498434273553249,216.0,cubic,['Ir'],,,,
JVASP-140462,JARVIS,CaMnFeBiO6,FM,predicted,0.5498280362944611,7.0,monoclinic,['Bi'],2.5131,6.951,,20.0
nomad---A-um8AmzV3xfseHNeGQWa6XTrN,NOMAD,CuHgNi,FM,predicted,0.5492410559980118,216.0,cubic,['Hg'],,,,
JVASP-170760,JARVIS,Yb2Ba3SrRe2O12,FM,predicted,0.5487607432019499,160.0,trigonal,['Re'],2.3829,8.035,,20.0
JVASP-92894,JARVIS,Mg6BiMo,FM,predicted,0.5482813816322216,38.0,orthorhombic,['Bi'],0.2848,4.369,,8.0
aflow:9ad5d72abe0a52ea,AFLOW,Fe1Ni1Os2,FM,predicted,0.5479411273723744,216.0,cubic,['Os'],,,,
aflow:8a3af13064615663,AFLOW,Fe1Ni2Os1,FM,predicted,0.5479411273723744,216.0,cubic,['Os'],,,,
JVASP-134163,JARVIS,BiSCl,FM,predicted,0.547543736163974,6.0,monoclinic,['Bi'],1.1188,2.391,,3.0
aflow:f7384cbaa8ae023b,AFLOW,Fe2Rh1Ta1,FiM,predicted,0.5474268475847798,216.0,cubic,['Ta'],,,,
JVASP-16563,JARVIS,MnSnIr,FM,predicted,0.5471920940097074,216.0,cubic,['Ir'],2.8599,10.571,,3.0
JVASP-133441,JARVIS,Na2Nb2W2O13,FM,predicted,0.5469970965830842,44.0,orthorhombic,['W'],3.649,4.623,,19.0
aflow:337ebb58551f1a06,AFLOW,Fe1Os1V2,FiM,predicted,0.5467337193650766,216.0,cubic,['Os'],,,,
aflow:1413a16bad3bd7f5,AFLOW,Fe1Os2V1,FiM,predicted,0.5467337193650766,216.0,cubic,['Os'],,,,
aflow:144f81ffe5a98d02,AFLOW,Fe2Os1V1,FiM,predicted,0.5467337193650766,216.0,cubic,['Os'],,,,
aflow:b9ed59b52fa8fbdd,AFLOW,Fe1Pb1Ta2,FM,predicted,0.5452995393225843,216.0,cubic,['Ta'],,,,
aflow:2ec5b958e1a498e2,AFLOW,Fe2Pb1Ta1,FM,predicted,0.5452995393225843,216.0,cubic,['Ta'],,,,
JVASP-175926,JARVIS,P6Pb9AuO25,FM,predicted,0.5434876220619784,143.0,trigonal,['Au'],2.5124,7.215,,41.0
JVASP-119413,JARVIS,W3O10,FM,predicted,0.5426723127688131,42.0,orthorhombic,['W'],4.3779,6.434,,13.0
JVASP-74602,JARVIS,MnBe2Hg,FM,predicted,0.53880900494127,99.0,tetragonal,['Hg'],1.6546,9.006,,4.0
aflow:fbefd388892be46a,AFLOW,Fe1Ir1Mo2,FiM,predicted,0.5386808141414656,216.0,cubic,['Ir'],,,,
aflow:7c3176d49542b267,AFLOW,Fe1Ir2Mo1,FiM,predicted,0.5386808141414656,216.0,cubic,['Ir'],,,,
aflow:ca742c9a6de02cba,AFLOW,Fe2Ir1Mo1,FiM,predicted,0.5386808141414656,216.0,cubic,['Ir'],,,,
JVASP-122464,JARVIS,Sr7CaIr2O12,FM,predicted,0.5356543292218278,155.0,trigonal,['Ir'],1.8342,6.305,,22.0
JVASP-118321,JARVIS,TaOF,FM,predicted,0.5354334696187539,6.0,monoclinic,['Ta'],3.4936,1.867,,3.0
aflow:83cac114b9798ff4,AFLOW,Fe1Pt1Ta2,FiM,predicted,0.5344036433597266,216.0,cubic,"['Pt', 'Ta']",,,,
aflow:9212bc16cb248d91,AFLOW,Fe1Pt2Ta1,FiM,predicted,0.5344036433597266,216.0,cubic,"['Pt', 'Ta']",,,,
aflow:3736634258c70fc7,AFLOW,Fe2Pt1Ta1,FiM,predicted,0.5344036433597266,216.0,cubic,"['Pt', 'Ta']",,,,
JVASP-75660,JARVIS,CoAsPt2,FM,predicted,0.5336467927325977,216.0,cubic,['Pt'],2.7455,14.341,,4.0
nomad-----9KNOtIZc9bDFEWxgjeSRsJrC,NOMAD,CaFe2Re,FM,predicted,0.5330375832163218,119.0,tetragonal,['Re'],,,,
JVASP-57577,JARVIS,TiFeBi2O6,FM,predicted,0.5321453679934617,146.0,trigonal,['Bi'],2.6317,8.042,,10.0
JVASP-72016,JARVIS,BeReCl2,FM,predicted,0.5317883875764615,119.0,tetragonal,['Re'],2.5158,6.749,,4.0
JVASP-155368,JARVIS,CoCu2HgSe4,FM,predicted,0.5311999802818093,121.0,tetragonal,['Hg'],0.9075,6.532,,8.0
JVASP-40828,JARVIS,VSnPt,FM,predicted,0.5311712792916381,216.0,cubic,['Pt'],2.0986,10.326,,3.0
JVASP-138271,JARVIS,BiS,FM,predicted,0.5310846946781779,99.0,tetragonal,['Bi'],1.8647,0.689,,2.0
aflow:732e1506853e529b,AFLOW,Fe1Rh2W1,FM,predicted,0.5307020276876442,216.0,cubic,['W'],,,,
aflow:56400633aa832650,AFLOW,Fe2Rh1W1,FM,predicted,0.5307020276876442,216.0,cubic,['W'],,,,
JVASP-121636,JARVIS,BaSrNiWO6,FM,predicted,0.5300101813171592,216.0,cubic,['W'],2.4555,7.224,,10.0
2dm-5349,2DMatPedia,AgIrF7,FiM,predicted,0.529080969608817,26.0,orthorhombic,['Ir'],,,,
JVASP-71691,JARVIS,TaBeCl2,FM,predicted,0.5284699490637553,119.0,tetragonal,['Ta'],2.3394,6.621,,4.0
JVASP-9897,JARVIS,Mg2CrWO6,FM,predicted,0.5277931875634957,146.0,trigonal,['W'],2.8019,5.96,,10.0
JVASP-116651,JARVIS,Sr3Y2FeCu3BiO12,FM,predicted,0.5272894043777229,38.0,orthorhombic,['Bi'],1.9833,6.271,,22.0
JVASP-71982,JARVIS,Mn2BeOs,FM,predicted,0.5268649294476382,119.0,tetragonal,['Os'],4.0774,11.14,,4.0
JVASP-113752,JARVIS,HAuO2,FM,predicted,0.5262855357917962,99.0,tetragonal,['Au'],1.93,8.136,,4.0
JVASP-127562,JARVIS,IrF3,FM,predicted,0.5260055785644856,8.0,monoclinic,['Ir'],1.211,7.471,,4.0
JVASP-180369,JARVIS,CrBiO,FM,predicted,0.5256867998853139,187.0,hexagonal,['Bi'],2.211,9.272,,3.0
aflow:615a8879918c1a32,AFLOW,Fe1Ir1Re2,FiM,predicted,0.524698271604586,216.0,cubic,"['Ir', 'Re']",,,,
aflow:876c8b2bcea40283,AFLOW,Fe2Ir1Re1,FiM,predicted,0.524698271604586,216.0,cubic,"['Ir', 'Re']",,,,
JVASP-132198,JARVIS,Mn28Bi,FM,predicted,0.524601140366568,217.0,cubic,['Bi'],5.3004,8.988,,29.0
JVASP-180370,JARVIS,CrBiO2,FM,predicted,0.5238430467392143,99.0,tetragonal,['Bi'],2.3685,8.575,,4.0
JVASP-136764,JARVIS,HWO,FM,predicted,0.523515241160712,6.0,monoclinic,['W'],4.5955,1.669,,3.0
JVASP-178116,JARVIS,Mn3B4W,FM,predicted,0.5229927178908137,6.0,monoclinic,['W'],5.5685,9.049,,8.0
JVASP-116338,JARVIS,TaMnO4,FM,predicted,0.5229638628508102,119.0,tetragonal,['Ta'],3.4255,7.054,,6.0
nomad---K52WlXqvLH0cqP9nW7QbdWf6oM,NOMAD,MnReRhSr,FM,predicted,0.522939132905615,216.0,cubic,['Re'],,,,
nomad---Lkn6f2auN9yDoC01HvZMghHj9C,NOMAD,MgNbNiPt,FM,predicted,0.5225479962131133,216.0,cubic,['Pt'],,,,
JVASP-113585,JARVIS,AgPtO,FM,predicted,0.5218189071420982,99.0,tetragonal,['Pt'],1.5061,10.92,,3.0
nomad---PWqJzuxQYfsoZ83weR4o_Fiiwl,NOMAD,AsNiPt,FM,predicted,0.521622991035571,107.0,tetragonal,['Pt'],,,,
aflow:eac2f03e25c4ac8a,AFLOW,Fe1Ir1V2,FiM,predicted,0.5213536916393228,216.0,cubic,['Ir'],,,,
aflow:484f196fdf290079,AFLOW,Fe1Ir2V1,FiM,predicted,0.5213536916393228,216.0,cubic,['Ir'],,,,
aflow:c1079ab879daf0b6,AFLOW,Fe2Ir1V1,FiM,predicted,0.5213536916393228,216.0,cubic,['Ir'],,,,
JVASP-178277,JARVIS,MnHg4S5,FM,predicted,0.5201446665029185,119.0,tetragonal,['Hg'],0.8236,6.574,,10.0
JVASP-75825,JARVIS,Cr2AsPt,FM,predicted,0.5198740167148659,216.0,cubic,['Pt'],3.6759,10.265,,4.0
JVASP-70772,JARVIS,BeCoPt2,FM,predicted,0.5195179048889761,99.0,tetragonal,['Pt'],2.5168,15.213,,4.0
aflow:d01297a0b292947d,AFLOW,Fe1Mg1Re2,FiM,predicted,0.519490144288907,216.0,cubic,['Re'],,,,
aflow:9b14d230586cace0,AFLOW,Fe2Mg1Re1,FiM,predicted,0.519490144288907,216.0,cubic,['Re'],,,,
JVASP-115337,JARVIS,TaSnO,FM,predicted,0.5193036560297423,6.0,monoclinic,['Ta'],3.7115,2.523,,3.0
JVASP-132273,JARVIS,Mn28W,FiM,predicted,0.5186956130637066,217.0,cubic,['W'],5.6073,9.045,,29.0
2dm-759,2DMatPedia,Ta3F8,FiM,predicted,0.5185675274525884,156.0,trigonal,['Ta'],,,,
nomad---XjKAw6tyFUPCeAukVJaAht-G5C,NOMAD,AgCrW4,FiM,predicted,0.5184900424825956,216.0,cubic,['W'],,,,
aflow:7d68bf0d1a7b567d,AFLOW,Fe1La1Re2,FiM,predicted,0.5183817833772416,216.0,cubic,['Re'],,,,
aflow:8c880597eef4c9b4,AFLOW,Fe1La2Re1,FiM,predicted,0.5183817833772416,216.0,cubic,['Re'],,,,
aflow:79d47910ccce7fb7,AFLOW,Fe2La1Re1,FiM,predicted,0.5183817833772416,216.0,cubic,['Re'],,,,
JVASP-141501,JARVIS,MgScWS4,FM,predicted,0.517951917706651,44.0,orthorhombic,['W'],2.631,4.5,,14.0
JVASP-122226,JARVIS,Ba6Y2Ru3PtO18,FM,predicted,0.5161588812420085,156.0,trigonal,['Pt'],2.6579,6.678,,30.0
aflow:b6850708570335f5,AFLOW,Fe1Mn1W2,FiM,predicted,0.5159242082546149,216.0,cubic,['W'],,,,
aflow:5ed473ac8b879973,AFLOW,Fe2Mn1W1,FiM,predicted,0.5159242082546149,216.0,cubic,['W'],,,,
nomad---GohyJgZXmRPpfYsx4M6LJhSWDn,NOMAD,AuMnTiZr,FM,predicted,0.5156058965872451,216.0,cubic,['Au'],,,,
JVASP-67245,JARVIS,Be2VBi,FM,predicted,0.5151536567238242,99.0,tetragonal,['Bi'],2.3846,7.413,,4.0
nomad---JFIDezVguMvBG3-O5zts1FL50Z,NOMAD,NaNiOsPb,FM,predicted,0.5139505066447652,216.0,cubic,['Os'],,,,
JVASP-113723,JARVIS,TaSbO,FM,predicted,0.5139421019679429,6.0,monoclinic,['Ta'],4.0516,2.548,,3.0
aflow:d8314145a92c95a0,AFLOW,Fe1Ni1W2,FM,predicted,0.5120734672362116,216.0,cubic,['W'],,,,
aflow:33a813e7d51e15a3,AFLOW,Fe1Ni2W1,FM,predicted,0.5120734672362116,216.0,cubic,['W'],,,,
aflow:3d6c04cd3359289e,AFLOW,Fe2Ni1W1,FM,predicted,0.5120734672362116,216.0,cubic,['W'],,,,
2dm-1533,2DMatPedia,Ba5Ir,FM,predicted,0.511621268249867,26.0,orthorhombic,['Ir'],,,,
JVASP-144408,JARVIS,Ca4Al6WO16,FM,predicted,0.5099207027112742,42.0,orthorhombic,['W'],2.4931,3.944,,27.0
aflow:5b69b7899784d4a2,AFLOW,Fe1Re1Rh2,FiM,predicted,0.5097642984648475,216.0,cubic,['Re'],,,,
aflow:bee248f5f27c6db3,AFLOW,Fe1Re2Rh1,FiM,predicted,0.5097642984648475,216.0,cubic,['Re'],,,,
aflow:78f5393638352ea4,AFLOW,Fe2Re1Rh1,FiM,predicted,0.5097642984648475,216.0,cubic,['Re'],,,,
aflow:7490f8b7f757442e,AFLOW,Fe1Ta2Te1,FiM,predicted,0.5096794244162504,216.0,cubic,['Ta'],,,,
aflow:606b14c7a9dd9d72,AFLOW,Fe2Ta1Te1,FiM,predicted,0.5096794244162504,216.0,cubic,['Ta'],,,,
aflow:2f389d6d33846cbd,AFLOW,Fe1Hf1W2,FiM,predicted,0.5091204421412733,216.0,cubic,['W'],,,,
aflow:eac26f989e63fc60,AFLOW,Fe1Hf2W1,FiM,predicted,0.5091204421412733,216.0,cubic,['W'],,,,
aflow:26ffdf6982d5cd75,AFLOW,Fe2Hf1W1,FiM,predicted,0.5091204421412733,216.0,cubic,['W'],,,,
JVASP-70877,JARVIS,Mn2BeBi,FM,predicted,0.5088421870811121,99.0,tetragonal,['Bi'],2.9143,7.958,,4.0
aflow:f9c42ff9c2e8aafc,AFLOW,Fe1Ti1W2,FiM,predicted,0.5082382166977438,216.0,cubic,['W'],,,,
aflow:e3bf0bf8a4ac4e36,AFLOW,Fe1Ti2W1,FiM,predicted,0.5082382166977438,216.0,cubic,['W'],,,,
aflow:77d01c4fa7584877,AFLOW,Fe2Ti1W1,FiM,predicted,0.5082382166977438,216.0,cubic,['W'],,,,
nomad---P3aPkIofYu4H9434i2aPzU9PG8,NOMAD,AgBiCoSn,FM,predicted,0.5067481546482453,216.0,cubic,['Bi'],,,,
JVASP-15904,JARVIS,MnSbIr,FM,predicted,0.5063403369171118,216.0,cubic,['Ir'],3.0601,10.713,,3.0
JVASP-142461,JARVIS,Ce4CoSi6Au,FM,predicted,0.5057827073631981,187.0,hexagonal,['Au'],3.1136,6.701,,12.0
JVASP-134238,JARVIS,BiTe,FM,predicted,0.5049124036190973,99.0,tetragonal,['Bi'],1.3231,0.962,,2.0
oqmd-17497,OQMD,Ir1 Mn1 Sn1,FM,predicted,0.5047404848133183,216.0,cubic,['Ir'],0.5129822826982064,,57.4707,3.0
aflow:0e64a029f538e23d,AFLOW,Fe1Ni1Re2,FM,predicted,0.5046605077327396,216.0,cubic,['Re'],,,,
aflow:ca93f03a34b212ba,AFLOW,Fe1Ni2Re1,FM,predicted,0.5046605077327396,216.0,cubic,['Re'],,,,
aflow:e0d5c9bbbe1ef599,AFLOW,Fe2Ni1Re1,FM,predicted,0.5046605077327396,216.0,cubic,['Re'],,,,
aflow:a14183f999d2b95e,AFLOW,Fe1Os1Rh2,FM,predicted,0.5044618832705237,216.0,cubic,['Os'],,,,
aflow:a1d5e69cbba0ae4d,AFLOW,Fe1Os2Rh1,FM,predicted,0.5044618832705237,216.0,cubic,['Os'],,,,
JVASP-71083,JARVIS,BeCrHg2,FM,predicted,0.5037869601511358,99.0,tetragonal,['Hg'],0.9608,11.236,,4.0
aflow:fc9064e66b92e95d,AFLOW,Fe2Ir1Tc1,FiM,predicted,0.5034316159539718,216.0,cubic,['Ir'],,,,
aflow:a0ef66a055d9d1a1,AFLOW,Fe1Ir2Os1,FM,predicted,0.5019880034262949,216.0,cubic,"['Ir', 'Os']",,,,
JVASP-68294,JARVIS,BeFePt2,FM,predicted,0.501962438075088,119.0,tetragonal,['Pt'],2.5723,14.163,,4.0
aflow:343e8edac0685acd,AFLOW,Fe1Ga1Re2,FM,predicted,0.5015548403710977,216.0,cubic,['Re'],,,,
JVASP-75020,JARVIS,Ca2BeW,FM,predicted,0.500888264340853,119.0,tetragonal,['W'],2.4553,5.523,,4.0
JVASP-66637,JARVIS,Ba4MnPt,FM,predicted,0.4994979041457939,216.0,cubic,['Pt'],1.2806,6.173,,6.0
JVASP-66378,JARVIS,BaNaTa,FiM,predicted,0.49894625177459967,216.0,cubic,['Ta'],2.3126,4.703,,3.0
aflow:efdcf6c1941052af,AFLOW,Fe1W1Zr2,FiM,predicted,0.4987578050248923,216.0,cubic,['W'],,,,
aflow:b0a88d948239e4fb,AFLOW,Fe2W1Zr1,FiM,predicted,0.4987578050248923,216.0,cubic,['W'],,,,
aflow:2345ceb0e158170c,AFLOW,Fe1Ru1W2,FM,predicted,0.4985703671988935,216.0,cubic,['W'],,,,
aflow:24e7e925b1ef6073,AFLOW,Fe2Ru1W1,FM,predicted,0.4985703671988935,216.0,cubic,['W'],,,,
aflow:2166d7e956dec462,AFLOW,Fe1Pd1W2,FM,predicted,0.4985239891745041,216.0,cubic,['W'],,,,
aflow:43337bdc7681f163,AFLOW,Fe1Pd2W1,FM,predicted,0.4985239891745041,216.0,cubic,['W'],,,,
aflow:8229bf8d563f0041,AFLOW,Fe2Pd1W1,FM,predicted,0.4985239891745041,216.0,cubic,['W'],,,,
JVASP-133510,JARVIS,TaCr3Ag2S8,FM,predicted,0.49812894066264185,6.0,monoclinic,['Ta'],3.1039,5.153,,14.0
JVASP-74969,JARVIS,Be2CrBi,FM,predicted,0.49753146389391073,99.0,tetragonal,['Bi'],2.5129,7.777,,4.0
JVASP-71936,JARVIS,BeFe2Re,FM,predicted,0.49725139307477884,119.0,tetragonal,['Re'],3.9128,11.327,,4.0
JVASP-92695,JARVIS,CeAl3Au,FM,predicted,0.4969988742584855,107.0,tetragonal,['Au'],1.5105,6.817,,5.0
aflow:f52018dd5a8c351f,AFLOW,Fe1Hg2Mg1,FM,predicted,0.4967164256553381,216.0,cubic,['Hg'],,,,
aflow:906d819910f6e2d9,AFLOW,Fe2Hg1Mg1,FM,predicted,0.4967164256553381,216.0,cubic,['Hg'],,,,
2dm-6247,2DMatPedia,As2Pt,FM,predicted,0.49647490440128156,157.0,trigonal,['Pt'],,,,
aflow:1d36070e3b49fa05,AFLOW,Fe1Nb1Pt2,FiM,predicted,0.49450533959553267,216.0,cubic,['Pt'],,,,
aflow:29d6529801dff4bb,AFLOW,Fe1Nb2Pt1,FiM,predicted,0.49450533959553267,216.0,cubic,['Pt'],,,,
JVASP-9895,JARVIS,Mg2FeWO6,FM,predicted,0.49445968416522657,146.0,trigonal,['W'],2.6515,5.933,,10.0
aflow:2bdf3bf915093b0f,AFLOW,Fe1Ir2Ru1,FM,predicted,0.4936656174777538,216.0,cubic,['Ir'],,,,
aflow:cd71803b78fbc473,AFLOW,Fe2Ir1Ru1,FM,predicted,0.4936656174777538,216.0,cubic,['Ir'],,,,
JVASP-92537,JARVIS,USi3Ir,FiM,predicted,0.49241181432622105,107.0,tetragonal,['Ir'],4.1652,9.889,,5.0
aflow:1ec83030d571e4f1,AFLOW,Fe1Os1W2,FM,predicted,0.49174729321743593,216.0,cubic,"['Os', 'W']",,,,
aflow:9f0786b6d28964cf,AFLOW,Fe1Os2W1,FM,predicted,0.49174729321743593,216.0,cubic,"['Os', 'W']",,,,
aflow:18d635d409865aa2,AFLOW,Fe2Os1W1,FM,predicted,0.49174729321743593,216.0,cubic,"['Os', 'W']",,,,
JVASP-72035,JARVIS,BeWCl2,FM,predicted,0.4913493608376504,119.0,tetragonal,['W'],2.7361,6.705,,4.0
JVASP-168586,JARVIS,CoBi6S2O16,FM,predicted,0.49075023388018746,5.0,monoclinic,['Bi'],2.5521,7.542,,25.0
JVASP-67977,JARVIS,BeFeHg2,FM,predicted,0.49053254742625635,99.0,tetragonal,['Hg'],0.5914,11.932,,4.0
JVASP-66217,JARVIS,Ba4MnHg,FM,predicted,0.49048640760278556,216.0,cubic,['Hg'],0.4673,5.51,,6.0
nomad---XTUIFeBrxHw_DVk-_VrRL8RDZB,NOMAD,CoGaTaZr,FiM,predicted,0.49016325438098957,216.0,cubic,['Ta'],,,,
JVASP-79298,JARVIS,MnIn2W,FM,predicted,0.49004399893396616,8.0,monoclinic,['W'],2.904,10.463,,4.0
nomad---KSi2WX11ZPRkw6zGJ4vyUfITi8,NOMAD,InMnOs4,FiM,predicted,0.48982065739606134,216.0,cubic,['Os'],,,,
JVASP-58507,JARVIS,Ca2CuIrO6,FiM,predicted,0.48897117570705395,5.0,monoclinic,['Ir'],1.9629,5.414,,20.0
nomad---boN3tNZWQmICdcgNn8SthJg3Th,NOMAD,MnPt2Sr,FM,predicted,0.488188137656663,216.0,cubic,['Pt'],,,,
JVASP-134922,JARVIS,TaGeO,FM,predicted,0.4872947070597004,6.0,monoclinic,['Ta'],3.7674,2.24,,3.0
aflow:9ef4bf7107f6977b,AFLOW,Fe1V1W2,FiM,predicted,0.4864487066004591,216.0,cubic,['W'],,,,
2dm-1817,2DMatPedia,Re2F7,FiM,predicted,0.4863575642446811,4.0,monoclinic,['Re'],,,,
JVASP-179720,JARVIS,CrAuO,FM,predicted,0.48612668161080136,187.0,hexagonal,['Au'],2.0507,9.988,,3.0
aflow:878d6287260c56ef,AFLOW,Fe1In1Re2,FiM,predicted,0.4851409020047042,216.0,cubic,['Re'],,,,
aflow:c24e0b737c5f3f4d,AFLOW,Fe2In1Re1,FiM,predicted,0.4851409020047042,216.0,cubic,['Re'],,,,
JVASP-66264,JARVIS,BaSrTa,FiM,predicted,0.4844561239469543,216.0,cubic,['Ta'],2.3164,6.008,,3.0
JVASP-139716,JARVIS,TaAsO,FM,predicted,0.48434620858099325,6.0,monoclinic,['Ta'],4.3351,2.259,,3.0
2dm-2595,2DMatPedia,Ge3Ir,FM,predicted,0.4837791361092411,187.0,hexagonal,['Ir'],,,,
JVASP-165376,JARVIS,Ho3ReO7,FM,predicted,0.4826861517226444,20.0,orthorhombic,['Re'],2.7935,9.157,,22.0
JVASP-169140,JARVIS,Ba3LiIrRuO9,FM,predicted,0.4821389299374858,186.0,hexagonal,['Ir'],2.4092,6.786,,30.0
JVASP-66819,JARVIS,BeFePt,FM,predicted,0.480884291855981,156.0,trigonal,['Pt'],2.304,11.696,,3.0
nomad---GB6NQmOUgyhdv062TirwQlbOCI,NOMAD,CrIrMn,FiM,predicted,0.48047368603002466,216.0,cubic,['Ir'],,,,
nomad---IWeGVgMV5moYGejHD8lfNh9S9R,NOMAD,CoMgOsPb,FM,predicted,0.47952350503361163,216.0,cubic,['Os'],,,,
JVASP-173874,JARVIS,MnB4W3,FM,predicted,0.47898909574123477,25.0,orthorhombic,['W'],6.6545,13.366,,8.0
JVASP-71385,JARVIS,Be2FeBi,FM,predicted,0.478904766862204,99.0,tetragonal,['Bi'],2.1324,7.932,,4.0
JVASP-167831,JARVIS,CaFeReO6,FiM,predicted,0.47728898592320074,7.0,monoclinic,['Re'],2.9914,6.117,,18.0
JVASP-110968,JARVIS,UReSi2Ru,FM,predicted,0.4769106970859959,119.0,tetragonal,['Re'],4.9553,11.438,,5.0
JVASP-8322,JARVIS,TiBi2O6,FM,predicted,0.4768696637455739,99.0,tetragonal,['Bi'],2.4722,6.969,,9.0
JVASP-12625,JARVIS,FeBiO3,FM,predicted,0.47630064751312723,161.0,trigonal,['Bi'],2.1931,8.712,,10.0
nomad---Hx7LXRBxjtjbZVuSGTH1071qg5,NOMAD,HNiOs,FM,predicted,0.47429572663402036,109.0,tetragonal,['Os'],,,,
2dm-6409,2DMatPedia,TaTe2,FM,predicted,0.47417315487809714,187.0,hexagonal,['Ta'],,,,
JVASP-68880,JARVIS,Be2CoBi,FM,predicted,0.4728565806467374,99.0,tetragonal,['Bi'],2.0728,7.975,,4.0
nomad---LMAG79_KLd2Ry9lEty4gxUeX0L,NOMAD,BaFePtZr,FM,predicted,0.4693046294951791,216.0,cubic,['Pt'],,,,
aflow:5f9affa8e29535a3,AFLOW,Fe1Re2W1,FiM,predicted,0.4692078705920092,216.0,cubic,"['Re', 'W']",,,,
aflow:571316afa8acf239,AFLOW,Fe2Re1W1,FiM,predicted,0.4692078705920092,216.0,cubic,"['Re', 'W']",,,,
nomad---UGSDR0tgdkfpBdkgJPma6z92J3,NOMAD,AuMoNiW,FM,predicted,0.4682510212456612,216.0,cubic,"['Au', 'W']",,,,
nomad---Brntc4Nm1Wjc6_PormjrSC55kH,NOMAD,CrNaTa2,FiM,predicted,0.4658662844704012,216.0,cubic,['Ta'],,,,
aflow:96a856401c0308d8,AFLOW,Fe1Hg1Sc2,FM,predicted,0.4648694650210661,216.0,cubic,['Hg'],,,,
aflow:95b100955ada3042,AFLOW,Fe1Hg2Sc1,FM,predicted,0.4648694650210661,216.0,cubic,['Hg'],,,,
aflow:be164a7769920343,AFLOW,Fe2Hg1Sc1,FM,predicted,0.4648694650210661,216.0,cubic,['Hg'],,,,
JVASP-40769,JARVIS,TaMnAs,FiM,predicted,0.46405997561978524,216.0,cubic,['Ta'],4.0639,9.298,,3.0
JVASP-145425,JARVIS,Ca7NiIr2O12,FiM,predicted,0.46338377763979255,155.0,trigonal,['Ir'],1.9797,5.523,,22.0
JVASP-75019,JARVIS,BeReCl4,FM,predicted,0.46298764488265015,216.0,cubic,['Re'],1.9574,4.064,,6.0
JVASP-64347,JARVIS,Ba4MgTa,FiM,predicted,0.4625074760258904,216.0,cubic,['Ta'],1.0759,5.029,,6.0
JVASP-178474,JARVIS,Ce4CdIr,FiM,predicted,0.4617423259433279,216.0,cubic,['Ir'],2.0477,8.739,,24.0
aflow:ee3f0c861b85affd,AFLOW,Fe2Ru1Ta1,FiM,predicted,0.46075152855862234,216.0,cubic,['Ta'],,,,
JVASP-137952,JARVIS,BaOsH,FM,predicted,0.4602661314614056,99.0,tetragonal,['Os'],2.9157,8.946,,3.0
JVASP-64689,JARVIS,Ba4NaTa,FiM,predicted,0.45947055311796375,216.0,cubic,['Ta'],1.1022,4.657,,6.0
2dm-1565,2DMatPedia,Re3F8,FiM,predicted,0.4593659428524943,1.0,triclinic,['Re'],,,,
aflow:d04114d00f192ec9,AFLOW,Fe1Tc1W2,FM,predicted,0.4573280172632391,216.0,cubic,['W'],,,,
aflow:a2cc62634e1f39dc,AFLOW,Fe1Tc2W1,FM,predicted,0.4573280172632391,216.0,cubic,['W'],,,,
aflow:d097402b57ac88b0,AFLOW,Fe2Tc1W1,FM,predicted,0.4573280172632391,216.0,cubic,['W'],,,,
2dm-935,2DMatPedia,Ta3Cl8,FiM,predicted,0.45627552874093635,156.0,trigonal,['Ta'],,,,
JVASP-66167,JARVIS,Ba4FeHg,FM,predicted,0.4556511391919797,216.0,cubic,['Hg'],0.46,5.658,,6.0
JVASP-67283,JARVIS,Be2FeHg,FM,predicted,0.4549336049818127,99.0,tetragonal,['Hg'],1.4489,9.291,,4.0
aflow:012dce57958407e4,AFLOW,Fe1Ge1Ta2,FM,predicted,0.4544026435517408,216.0,cubic,['Ta'],,,,
aflow:747c6ffe273b030b,AFLOW,Fe2Ge1Ta1,FM,predicted,0.4544026435517408,216.0,cubic,['Ta'],,,,
nomad---UiiI-w44hxxGa_AGUToS2qh_Dx,NOMAD,BeCrMnTa,FiM,predicted,0.4542756350643229,216.0,cubic,['Ta'],,,,
JVASP-9319,JARVIS,YMnW2O8,FiM,predicted,0.45377107315412274,1.0,triclinic,['W'],4.0884,6.879,,12.0
JVASP-66615,JARVIS,Ba4FePt,FM,predicted,0.4525280421014888,216.0,cubic,['Pt'],1.1222,6.305,,6.0
aflow:4de4ed0b429c8da6,AFLOW,Fe1Si1Ta2,FiM,predicted,0.4499466683191378,216.0,cubic,['Ta'],,,,
JVASP-9338,JARVIS,AlCrW2O8,FM,predicted,0.4481611511285062,1.0,triclinic,['W'],4.0401,6.235,,12.0
JVASP-186880,JARVIS,WNO,FM,predicted,0.4477655939707397,187.0,hexagonal,['W'],4.4632,12.415,,3.0
JVASP-117135,JARVIS,Re2Cl5O4,FM,predicted,0.44331306110759705,1.0,triclinic,['Re'],2.5422,4.259,,11.0
JVASP-116738,JARVIS,Mn2IrN3,FM,predicted,0.44286147599299974,36.0,orthorhombic,['Ir'],5.2674,9.232,,12.0
JVASP-64730,JARVIS,Ba4LiTa,FM,predicted,0.44093034318142493,216.0,cubic,['Ta'],1.3681,4.752,,6.0
aflow:9cf9aa5772d81474,AFLOW,Fe1Hf2Pt1,FM,predicted,0.4387012418871537,216.0,cubic,['Pt'],,,,
aflow:0400c89012a8c817,AFLOW,Fe2Hf1Pt1,FM,predicted,0.4387012418871537,216.0,cubic,['Pt'],,,,
aflow:e7ddc724f435fe0a,AFLOW,Fe2Ir1Y1,FiM,predicted,0.4368645756666453,216.0,cubic,['Ir'],,,,
JVASP-66575,JARVIS,Ba4VOs,FiM,predicted,0.4308466281580253,216.0,cubic,['Os'],2.009,6.274,,6.0
JVASP-111823,JARVIS,Ce2Al2PdPt,FM,predicted,0.4293074338624094,26.0,orthorhombic,['Pt'],2.0731,8.477,,12.0
JVASP-66303,JARVIS,Ba4MnRe,FiM,predicted,0.4287798445108273,216.0,cubic,['Re'],2.2007,6.146,,6.0
nomad---acrmtIQUn9b_P0AtXwAVr-_6T4,NOMAD,Au4CrY,FM,predicted,0.4275926214656036,216.0,cubic,['Au'],,,,
aflow:08b0f705e60b3b25,AFLOW,Fe1Pt1Ti2,FM,predicted,0.4273959296240588,216.0,cubic,['Pt'],,,,
2dm-5244,2DMatPedia,Cu(BiO2)2,FM,predicted,0.42733490687870584,90.0,tetragonal,['Bi'],,,,
JVASP-170765,JARVIS,Ba4Re2NiO12,FM,predicted,0.4268658281783332,160.0,trigonal,['Re'],2.7207,7.123,,19.0
nomad---MenZBYZ7nHZMJRT5RLgDY-1kB3,NOMAD,CrOsZr2,FM,predicted,0.42680031645092953,160.0,trigonal,['Os'],,,,
aflow:d10b78402e43f65e,AFLOW,Fe1Os1Y2,FiM,predicted,0.42599371956894383,216.0,cubic,['Os'],,,,
aflow:d5539956da839769,AFLOW,Fe2Os1Y1,FiM,predicted,0.42599371956894383,216.0,cubic,['Os'],,,,
JVASP-143875,JARVIS,Ba3NdIrRuO9,FM,predicted,0.42583933758361425,186.0,hexagonal,['Ir'],2.4693,7.148,,30.0
JVASP-66468,JARVIS,Ba4TaSi,FiM,predicted,0.4257581758027771,216.0,cubic,['Ta'],1.8296,5.477,,6.0
JVASP-143211,JARVIS,Ba3LaIrRuO9,FM,predicted,0.4250344707681234,186.0,hexagonal,['Ir'],2.4891,7.002,,30.0
JVASP-66115,JARVIS,Ba4VIr,FiM,predicted,0.42271363734578354,216.0,cubic,['Ir'],1.7101,6.199,,6.0
aflow:d5422a52c78bd117,AFLOW,Fe1Mg1W2,FiM,predicted,0.41637400112291395,216.0,cubic,['W'],,,,
aflow:9c7bba4cac6bffe1,AFLOW,Fe2Mg1W1,FiM,predicted,0.41637400112291395,216.0,cubic,['W'],,,,
JVASP-151177,JARVIS,CuBiW2O8,FM,predicted,0.4142248084547397,1.0,triclinic,"['Bi', 'W']",3.46,7.937,,12.0
JVASP-8323,JARVIS,CoBi2O6,FM,predicted,0.4138755036499394,99.0,tetragonal,['Bi'],2.4765,8.425,,9.0
2dm-1354,2DMatPedia,Ta3I8,FiM,predicted,0.4135807725268829,156.0,trigonal,['Ta'],,,,
JVASP-145935,JARVIS,Ba3PrIrRuO9,FM,predicted,0.41348942521767346,186.0,hexagonal,['Ir'],2.4748,7.063,,30.0
2dm-3938,2DMatPedia,BaCuWO5,FiM,predicted,0.41270477115754567,99.0,tetragonal,['W'],,,,
JVASP-66380,JARVIS,Ba4FeRe,FiM,predicted,0.4122084070810707,216.0,cubic,['Re'],2.0429,6.205,,6.0
JVASP-119817,JARVIS,Ce4Re6O19,FM,predicted,0.4102931890292573,197.0,cubic,['Re'],4.18,9.178,,29.0
JVASP-66666,JARVIS,Ba4PW,FM,predicted,0.409748440269268,216.0,cubic,['W'],2.0279,5.693,,6.0
aflow:096e6582ba181a53,AFLOW,Fe1La1Pt2,FM,predicted,0.40793024293593005,216.0,cubic,['Pt'],,,,
aflow:a8d6436ae57b182e,AFLOW,Fe1La2Pt1,FM,predicted,0.40793024293593005,216.0,cubic,['Pt'],,,,
aflow:056165190a4576a8,AFLOW,Fe2La1Pt1,FM,predicted,0.40793024293593005,216.0,cubic,['Pt'],,,,
2dm-4711,2DMatPedia,LiWCl6,FM,predicted,0.4066898752856994,143.0,trigonal,['W'],,,,
JVASP-57313,JARVIS,Mn4Bi3NO15,FM,predicted,0.40529437244321675,149.0,trigonal,['Bi'],3.3096,6.384,,23.0
JVASP-66133,JARVIS,Ba4SiW,FM,predicted,0.40451809947774725,216.0,cubic,['W'],2.0768,5.576,,6.0
JVASP-85361,JARVIS,FeBiO3,FM,predicted,0.4039840654169147,146.0,trigonal,['Bi'],2.1907,8.769,,10.0
JVASP-66454,JARVIS,Ba4FeW,FM,predicted,0.4038446756727268,216.0,cubic,['W'],2.2227,6.001,,6.0
aflow:e729768e47a27202,AFLOW,Fe1Pt1Zr2,FM,predicted,0.40096213808228454,216.0,cubic,['Pt'],,,,
aflow:6370b06d87fe9b28,AFLOW,Fe2Pt1Zr1,FM,predicted,0.40096213808228454,216.0,cubic,['Pt'],,,,
JVASP-63902,JARVIS,Ba4CrW,FM,predicted,0.40006729009077036,216.0,cubic,['W'],2.428,5.392,,6.0
nomad---Gm0p8vrHc0gsX9opLuEBNJmDI1,NOMAD,BaMn4W,FM,predicted,0.3997623580321247,216.0,cubic,['W'],,,,
JVASP-63916,JARVIS,Ba4TaBe,FiM,predicted,0.3997382264857119,216.0,cubic,['Ta'],1.6335,5.245,,6.0
2dm-6408,2DMatPedia,TlBi,FM,predicted,0.39587319106006286,187.0,hexagonal,['Bi'],,,,
JVASP-66137,JARVIS,Ba4VW,FM,predicted,0.395235755440279,216.0,cubic,['W'],2.3874,5.777,,6.0
aflow:db06c666fc013a37,AFLOW,Fe1Ir2Mg1,FM,predicted,0.390328886111286,216.0,cubic,['Ir'],,,,
aflow:8db9c577ff2401fa,AFLOW,Fe2Ir1Mg1,FM,predicted,0.390328886111286,216.0,cubic,['Ir'],,,,
JVASP-75619,JARVIS,Ta2MnAs,FiM,predicted,0.3890600713322674,216.0,cubic,['Ta'],5.0629,12.868,,4.0
JVASP-44359,JARVIS,TaVO4,FM,predicted,0.3878953201512217,109.0,tetragonal,['Ta'],3.3594,7.313,,12.0
nomad---DDq_MxEpCxLUTScBl0WhcGD1FE,NOMAD,CoInOsSc,FiM,predicted,0.3872706002495717,216.0,cubic,['Os'],,,,
aflow:fad6361304a01990,AFLOW,Fe1Hf2Ir1,FiM,predicted,0.384582238709241,216.0,cubic,['Ir'],,,,
JVASP-180826,JARVIS,TaMnAs2,FM,predicted,0.3832888877818682,99.0,tetragonal,['Ta'],3.8777,10.163,,4.0
aflow:59ab9bcf199b4566,AFLOW,Fe2W1Y1,FiM,predicted,0.3783383960498642,216.0,cubic,['W'],,,,
2dm-2922,2DMatPedia,HgTe,FM,predicted,0.375441164217669,156.0,trigonal,['Hg'],,,,
JVASP-161743,JARVIS,TaTiO4,FM,predicted,0.37282488061266433,109.0,tetragonal,['Ta'],3.2162,7.096,,12.0
2dm-4670,2DMatPedia,Sr2Cu2BiO7,FM,predicted,0.37215671431039277,26.0,orthorhombic,['Bi'],,,,
JVASP-144723,JARVIS,Zn2FeWO6,FM,predicted,0.36635892099583056,146.0,trigonal,['W'],2.5387,7.094,,10.0
JVASP-10040,JARVIS,Zn2CrWO6,FM,predicted,0.3633714684952489,146.0,trigonal,['W'],2.6878,7.134,,10.0
JVASP-75608,JARVIS,CrHgAs,FM,predicted,0.36314539969835524,216.0,cubic,['Hg'],1.7312,8.653,,3.0
JVASP-64090,JARVIS,Ba4MnW,FM,predicted,0.3622147886563802,216.0,cubic,['W'],2.3781,5.899,,6.0
JVASP-92546,JARVIS,CeSi3Os,FM,predicted,0.3612339102763172,107.0,tetragonal,['Os'],3.619,7.655,,5.0
aflow:ef8e52892d4ea12f,AFLOW,Fe1Pt1Y2,FM,predicted,0.3611720892917651,216.0,cubic,['Pt'],,,,
aflow:52a613d990b1c859,AFLOW,Fe1Pt2Y1,FM,predicted,0.3611720892917651,216.0,cubic,['Pt'],,,,
JVASP-66360,JARVIS,BaTiHg,FiM,predicted,0.36055179492814066,216.0,cubic,['Hg'],0.8975,5.493,,3.0
aflow:5a54a7c2bb61bbd9,AFLOW,Fe1La2W1,FM,predicted,0.3493975705261389,216.0,cubic,['W'],,,,
aflow:cb4e500d34b0cafa,AFLOW,Fe2La1W1,FM,predicted,0.3493975705261389,216.0,cubic,['W'],,,,
2dm-912,2DMatPedia,Ta3Br8,FiM,predicted,0.3406063345188071,156.0,trigonal,['Ta'],,,,
JVASP-172784,JARVIS,CrGaBi2O6,FM,predicted,0.3184140392018328,146.0,trigonal,['Bi'],2.2994,8.671,,10.0
JVASP-44720,JARVIS,P2WO7,FM,predicted,0.30958908940742264,4.0,monoclinic,['W'],3.4723,4.283,,20.0
